  0
SECTION
  2
HEADER
  9
$ACADVER
  1
AC1027
  9
$ACADMAINTVER
 70
   105
  9
$DWGCODEPAGE
  3
ANSI_936
  9
$COMMENTS
  1
Nothing
  9
$LASTSAVEDBY
  1
root
  9
$REQUIREDVERSIONS
160
                 0
  9
$INSBASE
 10
0.0
 20
0.0
 30
0.0
  9
$EXTMIN
 10
73.786462758425
 20
32.64089493061456
 30
0.0
  9
$EXTMAX
 10
423.9194698088262
 20
191.5666005852922
 30
0.0
  9
$LIMMIN
 10
0.0
 20
0.0
  9
$LIMMAX
 10
12.0
 20
9.0
  9
$ORTHOMODE
 70
     0
  9
$REGENMODE
 70
     1
  9
$FILLMODE
 70
     1
  9
$QTEXTMODE
 70
     0
  9
$MIRRTEXT
 70
     1
  9
$LTSCALE
 40
1.0
  9
$ATTMODE
 70
     1
  9
$TEXTSIZE
 40
0.2
  9
$TRACEWID
 40
0.05
  9
$TEXTSTYLE
  7
Standard
  9
$CLAYER
  8
0
  9
$CELTYPE
  6
ByLayer
  9
$CECOLOR
 62
   256
  9
$CELTSCALE
 40
1.0
  9
$DISPSILH
 70
     0
  9
$DIMSCALE
 40
1.0
  9
$DIMASZ
 40
0.18
  9
$DIMEXO
 40
0.0625
  9
$DIMDLI
 40
0.38
  9
$DIMRND
 40
0.0
  9
$DIMDLE
 40
0.0
  9
$DIMEXE
 40
0.18
  9
$DIMTP
 40
0.0
  9
$DIMTM
 40
0.0
  9
$DIMTXT
 40
0.18
  9
$DIMCEN
 40
0.09
  9
$DIMTSZ
 40
0.0
  9
$DIMTOL
 70
     0
  9
$DIMLIM
 70
     0
  9
$DIMTIH
 70
     1
  9
$DIMTOH
 70
     1
  9
$DIMSE1
 70
     0
  9
$DIMSE2
 70
     0
  9
$DIMTAD
 70
     0
  9
$DIMZIN
 70
     0
  9
$DIMBLK
  1

  9
$DIMASO
 70
     1
  9
$DIMSHO
 70
     1
  9
$DIMPOST
  1

  9
$DIMAPOST
  1

  9
$DIMALT
 70
     0
  9
$DIMALTD
 70
     2
  9
$DIMALTF
 40
25.4
  9
$DIMLFAC
 40
1.0
  9
$DIMTOFL
 70
     0
  9
$DIMTVP
 40
0.0
  9
$DIMTIX
 70
     0
  9
$DIMSOXD
 70
     0
  9
$DIMSAH
 70
     0
  9
$DIMBLK1
  1

  9
$DIMBLK2
  1

  9
$DIMSTYLE
  2
ISO-25
  9
$DIMCLRD
 70
     0
  9
$DIMCLRE
 70
     0
  9
$DIMCLRT
 70
     0
  9
$DIMTFAC
 40
1.0
  9
$DIMGAP
 40
0.09
  9
$DIMJUST
 70
     0
  9
$DIMSD1
 70
     0
  9
$DIMSD2
 70
     0
  9
$DIMTOLJ
 70
     1
  9
$DIMTZIN
 70
     0
  9
$DIMALTZ
 70
     0
  9
$DIMALTTZ
 70
     0
  9
$DIMUPT
 70
     0
  9
$DIMDEC
 70
     4
  9
$DIMTDEC
 70
     4
  9
$DIMALTU
 70
     2
  9
$DIMALTTD
 70
     2
  9
$DIMTXSTY
  7
Standard
  9
$DIMAUNIT
 70
     0
  9
$DIMADEC
 70
     0
  9
$DIMALTRND
 40
0.0
  9
$DIMAZIN
 70
     0
  9
$DIMDSEP
 70
    46
  9
$DIMATFIT
 70
     3
  9
$DIMFRAC
 70
     0
  9
$DIMLDRBLK
  1

  9
$DIMLUNIT
 70
     2
  9
$DIMLWD
 70
    -2
  9
$DIMLWE
 70
    -2
  9
$DIMTMOVE
 70
     0
  9
$DIMFXL
 40
1.0
  9
$DIMFXLON
 70
     0
  9
$DIMJOGANG
 40
0.7853981633974483
  9
$DIMTFILL
 70
     0
  9
$DIMTFILLCLR
 70
     0
  9
$DIMARCSYM
 70
     0
  9
$DIMLTYPE
  6

  9
$DIMLTEX1
  6

  9
$DIMLTEX2
  6

  9
$DIMTXTDIRECTION
 70
     0
  9
$LUNITS
 70
     2
  9
$LUPREC
 70
     4
  9
$SKETCHINC
 40
0.1
  9
$FILLETRAD
 40
0.0
  9
$AUNITS
 70
     0
  9
$AUPREC
 70
     0
  9
$MENU
  1
.
  9
$ELEVATION
 40
0.0
  9
$PELEVATION
 40
0.0
  9
$THICKNESS
 40
0.0
  9
$LIMCHECK
 70
     0
  9
$CHAMFERA
 40
0.0
  9
$CHAMFERB
 40
0.0
  9
$CHAMFERC
 40
0.0
  9
$CHAMFERD
 40
0.0
  9
$SKPOLY
 70
     0
  9
$TDCREATE
 40
2461016.969756945
  9
$TDUCREATE
 40
2461016.636423611
  9
$TDUPDATE
 40
2461016.969770417
  9
$TDUUPDATE
 40
2461016.636437083
  9
$TDINDWG
 40
0.0000000116
  9
$TDUSRTIMER
 40
0.0000000116
  9
$USRTIMER
 70
     1
  9
$ANGBASE
 50
0.0
  9
$ANGDIR
 70
     0
  9
$PDMODE
 70
     0
  9
$PDSIZE
 40
0.0
  9
$PLINEWID
 40
0.0
  9
$SPLFRAME
 70
     0
  9
$SPLINETYPE
 70
     6
  9
$SPLINESEGS
 70
     8
  9
$HANDSEED
  5
1CB
  9
$SURFTAB1
 70
     6
  9
$SURFTAB2
 70
     6
  9
$SURFTYPE
 70
     6
  9
$SURFU
 70
     6
  9
$SURFV
 70
     6
  9
$UCSBASE
  2

  9
$UCSNAME
  2

  9
$UCSORG
 10
0.0
 20
0.0
 30
0.0
  9
$UCSXDIR
 10
1.0
 20
0.0
 30
0.0
  9
$UCSYDIR
 10
0.0
 20
1.0
 30
0.0
  9
$UCSORTHOREF
  2

  9
$UCSORTHOVIEW
 70
     0
  9
$UCSORGTOP
 10
0.0
 20
0.0
 30
0.0
  9
$UCSORGBOTTOM
 10
0.0
 20
0.0
 30
0.0
  9
$UCSORGLEFT
 10
0.0
 20
0.0
 30
0.0
  9
$UCSORGRIGHT
 10
0.0
 20
0.0
 30
0.0
  9
$UCSORGFRONT
 10
0.0
 20
0.0
 30
0.0
  9
$UCSORGBACK
 10
0.0
 20
0.0
 30
0.0
  9
$PUCSBASE
  2

  9
$PUCSNAME
  2

  9
$PUCSORG
 10
0.0
 20
0.0
 30
0.0
  9
$PUCSXDIR
 10
1.0
 20
0.0
 30
0.0
  9
$PUCSYDIR
 10
0.0
 20
1.0
 30
0.0
  9
$PUCSORTHOREF
  2

  9
$PUCSORTHOVIEW
 70
     0
  9
$PUCSORGTOP
 10
0.0
 20
0.0
 30
0.0
  9
$PUCSORGBOTTOM
 10
0.0
 20
0.0
 30
0.0
  9
$PUCSORGLEFT
 10
0.0
 20
0.0
 30
0.0
  9
$PUCSORGRIGHT
 10
0.0
 20
0.0
 30
0.0
  9
$PUCSORGFRONT
 10
0.0
 20
0.0
 30
0.0
  9
$PUCSORGBACK
 10
0.0
 20
0.0
 30
0.0
  9
$USERI1
 70
     0
  9
$USERI2
 70
     0
  9
$USERI3
 70
     0
  9
$USERI4
 70
     0
  9
$USERI5
 70
     0
  9
$USERR1
 40
0.0
  9
$USERR2
 40
0.0
  9
$USERR3
 40
0.0
  9
$USERR4
 40
0.0
  9
$USERR5
 40
0.0
  9
$WORLDVIEW
 70
     1
  9
$SHADEDGE
 70
     3
  9
$SHADEDIF
 70
    70
  9
$TILEMODE
 70
     1
  9
$MAXACTVP
 70
    64
  9
$PINSBASE
 10
0.0
 20
0.0
 30
0.0
  9
$PLIMCHECK
 70
     0
  9
$PEXTMIN
 10
423.9194698088262
 20
191.5666005852922
 30
0.0
  9
$PEXTMAX
 10
73.786462758425
 20
32.64089493061456
 30
0.0
  9
$PLIMMIN
 10
-0.25
 20
-0.25
  9
$PLIMMAX
 10
10.75
 20
8.25
  9
$UNITMODE
 70
     0
  9
$VISRETAIN
 70
     1
  9
$PLINEGEN
 70
     0
  9
$PSLTSCALE
 70
     1
  9
$TREEDEPTH
 70
  3020
  9
$CMLSTYLE
  2
Standard
  9
$CMLJUST
 70
     0
  9
$CMLSCALE
 40
1.0
  9
$PROXYGRAPHICS
 70
     1
  9
$MEASUREMENT
 70
     0
  9
$CELWEIGHT
370
    -1
  9
$ENDCAPS
280
     0
  9
$JOINSTYLE
280
     0
  9
$LWDISPLAY
290
     1
  9
$INSUNITS
 70
     1
  9
$HYPERLINKBASE
  1

  9
$STYLESHEET
  1

  9
$XEDIT
290
     1
  9
$CEPSNTYPE
380
     0
  9
$PSTYLEMODE
290
     1
  9
$FINGERPRINTGUID
  2
{65757976-7472-3076-f579-753832347675}
  9
$VERSIONGUID
  2
{FAEB1C32-E019-11D5-929B-00C0DF256EC4}
  9
$EXTNAMES
290
     1
  9
$PSVPSCALE
 40
0.0
  9
$OLESTARTUP
290
     0
  9
$SORTENTS
280
   127
  9
$INDEXCTL
280
     0
  9
$HIDETEXT
280
     1
  9
$XCLIPFRAME
280
     2
  9
$HALOGAP
280
     0
  9
$OBSCOLOR
 70
   257
  9
$OBSLTYPE
280
     0
  9
$INTERSECTIONDISPLAY
280
     0
  9
$INTERSECTIONCOLOR
 70
   257
  9
$DIMASSOC
280
     2
  9
$PROJECTNAME
  1

  9
$CAMERADISPLAY
290
     0
  9
$LENSLENGTH
 40
50.0
  9
$CAMERAHEIGHT
 40
0.0
  9
$STEPSPERSEC
 40
2.0
  9
$STEPSIZE
 40
6.0
  9
$3DDWFPREC
 40
2.0
  9
$PSOLWIDTH
 40
0.25
  9
$PSOLHEIGHT
 40
4.0
  9
$LOFTANG1
 40
1.570796326794897
  9
$LOFTANG2
 40
1.570796326794897
  9
$LOFTMAG1
 40
0.0
  9
$LOFTMAG2
 40
0.0
  9
$LOFTPARAM
 70
     7
  9
$LOFTNORMALS
280
     1
  9
$LATITUDE
 40
37.795
  9
$LONGITUDE
 40
-122.394
  9
$NORTHDIRECTION
 40
0.0
  9
$TIMEZONE
 70
 -8000
  9
$LIGHTGLYPHDISPLAY
280
     1
  9
$TILEMODELIGHTSYNCH
280
     1
  9
$CMATERIAL
347
44
  9
$SOLIDHIST
280
     0
  9
$SHOWHIST
280
     1
  9
$DWFFRAME
280
     2
  9
$DGNFRAME
280
     2
  9
$REALWORLDSCALE
290
     1
  9
$INTERFERECOLOR
 62
   256
  9
$CSHADOW
280
     0
  9
$SHADOWPLANELOCATION
 40
0.0
  0
ENDSEC
  0
SECTION
  2
CLASSES
  0
CLASS
  1
ACDBDICTIONARYWDFLT
  2
AcDbDictionaryWithDefault
  3
ObjectDBX Classes
 90
        0
 91
        3
280
     0
281
     0
  0
CLASS
  1
VISUALSTYLE
  2
AcDbVisualStyle
  3
ObjectDBX Classes
 90
     4095
 91
        3
280
     0
281
     0
  0
CLASS
  1
MATERIAL
  2
AcDbMaterial
  3
ObjectDBX Classes
 90
     1153
 91
        3
280
     0
281
     0
  0
CLASS
  1
SCALE
  2
AcDbScale
  3
ObjectDBX Classes
 90
     1153
 91
        3
280
     0
281
     0
  0
CLASS
  1
TABLESTYLE
  2
AcDbTableStyle
  3
ObjectDBX Classes
 90
     4095
 91
        3
280
     0
281
     0
  0
CLASS
  1
MLEADERSTYLE
  2
AcDbMLeaderStyle
  3
ACDB_MLEADERSTYLE_CLASS
 90
     4095
 91
        3
280
     0
281
     0
  0
CLASS
  1
SUN
  2
AcDbSun
  3
SCENEOE
 90
     1153
 91
        3
280
     0
281
     0
  0
CLASS
  1
SORTENTSTABLE
  2
AcDbSortentsTable
  3
ObjectDBX Classes
 90
        0
 91
        3
280
     0
281
     0
  0
CLASS
  1
DICTIONARYVAR
  2
AcDbDictionaryVar
  3
ObjectDBX Classes
 90
        0
 91
        3
280
     0
281
     0
  0
CLASS
  1
CELLSTYLEMAP
  2
AcDbCellStyleMap
  3
ObjectDBX Classes
 90
     1152
 91
        3
280
     0
281
     0
  0
ENDSEC
  0
SECTION
  2
TABLES
  0
TABLE
  2
VPORT
  5
8
330
0
100
AcDbSymbolTable
 70
     1
  0
VPORT
  5
29
330
8
100
AcDbSymbolTableRecord
100
AcDbViewportTableRecord
  2
*Active
 70
     0
 10
0.0
 20
0.0
 11
1.0
 21
1.0
 12
248.8529662836256
 22
112.1037477579534
 13
0.0
 23
0.0
 14
0.5
 24
0.5
 15
0.5
 25
0.5
 16
0.0
 26
0.0
 36
1.0
 17
0.0
 27
0.0
 37
0.0
 40
158.9257056546776
 41
2.203123815672646
 42
50.0
 43
0.0
 44
0.0
 50
0.0
 51
0.0
 71
     0
 72
  2000
 73
     1
 74
     3
 75
     0
 76
     0
 77
     0
 78
     0
281
     0
 65
     1
110
0.0
120
0.0
130
0.0
111
1.0
121
0.0
131
0.0
112
0.0
122
1.0
132
0.0
 79
     0
146
0.0
348
2F
 60
     3
 61
     5
292
     1
282
     1
141
0.0
142
0.0
 63
   250
361
5D
  0
ENDTAB
  0
TABLE
  2
LTYPE
  5
5
330
0
100
AcDbSymbolTable
 70
   176
  0
LTYPE
  5
14
330
5
100
AcDbSymbolTableRecord
100
AcDbLinetypeTableRecord
  2
ByBlock
 70
     0
  3

 72
    65
 73
     0
 40
0.0
  0
LTYPE
  5
15
330
5
100
AcDbSymbolTableRecord
100
AcDbLinetypeTableRecord
  2
ByLayer
 70
     0
  3

 72
    65
 73
     0
 40
0.0
  0
LTYPE
  5
16
330
5
100
AcDbSymbolTableRecord
100
AcDbLinetypeTableRecord
  2
Continuous
 70
     0
  3
Solid line
 72
    65
 73
     0
 40
0.0
  0
LTYPE
  5
6B
330
5
100
AcDbSymbolTableRecord
100
AcDbLinetypeTableRecord
  2
ACAD_ISO02W100
 70
     0
  3
ISO dash __ __ __ __ __ __ __ __ __ __ __ __ __
 72
    65
 73
     2
 40
15.0
 49
12.0
 74
     4
 75
     0
340
0
 46
1.0
 50
0.0
 44
0.0
 45
0.0
 49
-3.0
 74
     4
 75
     0
340
0
 46
1.0
 50
0.0
 44
0.0
 45
0.0
  0
LTYPE
  5
6C
330
5
100
AcDbSymbolTableRecord
100
AcDbLinetypeTableRecord
  2
ACAD_ISO03W100
 70
     0
  3
ISO dash space __    __    __    __    __    __
 72
    65
 73
     2
 40
30.0
 49
12.0
 74
     4
 75
     0
340
0
 46
1.0
 50
0.0
 44
0.0
 45
0.0
 49
-18.0
 74
     4
 75
     0
340
0
 46
1.0
 50
0.0
 44
0.0
 45
0.0
  0
LTYPE
  5
6D
330
5
100
AcDbSymbolTableRecord
100
AcDbLinetypeTableRecord
  2
ACAD_ISO04W100
 70
     0
  3
ISO long-dash dot ____ . ____ . ____ . ____ . _
 72
    65
 73
     4
 40
30.0
 49
24.0
 74
     4
 75
     0
340
0
 46
1.0
 50
0.0
 44
0.0
 45
0.0
 49
-3.0
 74
     4
 75
     0
340
0
 46
1.0
 50
0.0
 44
0.0
 45
0.0
 49
0.0
 74
     4
 75
     0
340
0
 46
1.0
 50
0.0
 44
0.0
 45
0.0
 49
-3.0
 74
     4
 75
     0
340
0
 46
1.0
 50
0.0
 44
0.0
 45
0.0
  0
LTYPE
  5
6E
330
5
100
AcDbSymbolTableRecord
100
AcDbLinetypeTableRecord
  2
ACAD_ISO05W100
 70
     0
  3
ISO long-dash double-dot ____ .. ____ .. ____ .
 72
    65
 73
     6
 40
34.0
 49
24.0
 74
     4
 75
     0
340
0
 46
1.0
 50
0.0
 44
0.0
 45
0.0
 49
-3.0
 74
     4
 75
     0
340
0
 46
1.0
 50
0.0
 44
0.0
 45
0.0
 49
0.5
 74
     4
 75
     0
340
0
 46
1.0
 50
0.0
 44
0.0
 45
0.0
 49
-3.0
 74
     4
 75
     0
340
0
 46
1.0
 50
0.0
 44
0.0
 45
0.0
 49
0.5
 74
     4
 75
     0
340
0
 46
1.0
 50
0.0
 44
0.0
 45
0.0
 49
-3.0
 74
     4
 75
     0
340
0
 46
1.0
 50
0.0
 44
0.0
 45
0.0
  0
LTYPE
  5
6F
330
5
100
AcDbSymbolTableRecord
100
AcDbLinetypeTableRecord
  2
ACAD_ISO06W100
 70
     0
  3
ISO long-dash triple-dot ____ ... ____ ... ____
 72
    65
 73
     8
 40
36.0
 49
24.0
 74
     4
 75
     0
340
0
 46
1.0
 50
0.0
 44
0.0
 45
0.0
 49
-3.0
 74
     4
 75
     0
340
0
 46
1.0
 50
0.0
 44
0.0
 45
0.0
 49
0.0
 74
     4
 75
     0
340
0
 46
1.0
 50
0.0
 44
0.0
 45
0.0
 49
-3.0
 74
     4
 75
     0
340
0
 46
1.0
 50
0.0
 44
0.0
 45
0.0
 49
0.0
 74
     4
 75
     0
340
0
 46
1.0
 50
0.0
 44
0.0
 45
0.0
 49
-3.0
 74
     4
 75
     0
340
0
 46
1.0
 50
0.0
 44
0.0
 45
0.0
 49
0.0
 74
     4
 75
     0
340
0
 46
1.0
 50
0.0
 44
0.0
 45
0.0
 49
-3.0
 74
     4
 75
     0
340
0
 46
1.0
 50
0.0
 44
0.0
 45
0.0
  0
LTYPE
  5
70
330
5
100
AcDbSymbolTableRecord
100
AcDbLinetypeTableRecord
  2
ACAD_ISO07W100
 70
     0
  3
ISO dot . . . . . . . . . . . . . . . . . . . .
 72
    65
 73
     2
 40
3.0
 49
0.0
 74
     4
 75
     0
340
0
 46
1.0
 50
0.0
 44
0.0
 45
0.0
 49
-3.0
 74
     4
 75
     0
340
0
 46
1.0
 50
0.0
 44
0.0
 45
0.0
  0
LTYPE
  5
71
330
5
100
AcDbSymbolTableRecord
100
AcDbLinetypeTableRecord
  2
ACAD_ISO08W100
 70
     0
  3
ISO long-dash short-dash ____ __ ____ __ ____ _
 72
    65
 73
     4
 40
36.0
 49
24.0
 74
     4
 75
     0
340
0
 46
1.0
 50
0.0
 44
0.0
 45
0.0
 49
-3.0
 74
     4
 75
     0
340
0
 46
1.0
 50
0.0
 44
0.0
 45
0.0
 49
6.0
 74
     4
 75
     0
340
0
 46
1.0
 50
0.0
 44
0.0
 45
0.0
 49
-3.0
 74
     4
 75
     0
340
0
 46
1.0
 50
0.0
 44
0.0
 45
0.0
  0
LTYPE
  5
72
330
5
100
AcDbSymbolTableRecord
100
AcDbLinetypeTableRecord
  2
ACAD_ISO09W100
 70
     0
  3
ISO long-dash double-short-dash ____ __ __ ____
 72
    65
 73
     6
 40
45.0
 49
24.0
 74
     4
 75
     0
340
0
 46
1.0
 50
0.0
 44
0.0
 45
0.0
 49
-3.0
 74
     4
 75
     0
340
0
 46
1.0
 50
0.0
 44
0.0
 45
0.0
 49
6.0
 74
     4
 75
     0
340
0
 46
1.0
 50
0.0
 44
0.0
 45
0.0
 49
-3.0
 74
     4
 75
     0
340
0
 46
1.0
 50
0.0
 44
0.0
 45
0.0
 49
6.0
 74
     4
 75
     0
340
0
 46
1.0
 50
0.0
 44
0.0
 45
0.0
 49
-3.0
 74
     4
 75
     0
340
0
 46
1.0
 50
0.0
 44
0.0
 45
0.0
  0
LTYPE
  5
73
330
5
100
AcDbSymbolTableRecord
100
AcDbLinetypeTableRecord
  2
ACAD_ISO10W100
 70
     0
  3
ISO dash dot __ . __ . __ . __ . __ . __ . __ .
 72
    65
 73
     4
 40
18.0
 49
12.0
 74
     4
 75
     0
340
0
 46
1.0
 50
0.0
 44
0.0
 45
0.0
 49
-3.0
 74
     4
 75
     0
340
0
 46
1.0
 50
0.0
 44
0.0
 45
0.0
 49
0.0
 74
     4
 75
     0
340
0
 46
1.0
 50
0.0
 44
0.0
 45
0.0
 49
-3.0
 74
     4
 75
     0
340
0
 46
1.0
 50
0.0
 44
0.0
 45
0.0
  0
LTYPE
  5
74
330
5
100
AcDbSymbolTableRecord
100
AcDbLinetypeTableRecord
  2
ACAD_ISO11W100
 70
     0
  3
ISO double-dash dot __ __ . __ __ . __ __ . __ 
 72
    65
 73
     6
 40
33.0
 49
12.0
 74
     4
 75
     0
340
0
 46
1.0
 50
0.0
 44
0.0
 45
0.0
 49
-3.0
 74
     4
 75
     0
340
0
 46
1.0
 50
0.0
 44
0.0
 45
0.0
 49
12.0
 74
     4
 75
     0
340
0
 46
1.0
 50
0.0
 44
0.0
 45
0.0
 49
-3.0
 74
     4
 75
     0
340
0
 46
1.0
 50
0.0
 44
0.0
 45
0.0
 49
0.0
 74
     4
 75
     0
340
0
 46
1.0
 50
0.0
 44
0.0
 45
0.0
 49
-3.0
 74
     4
 75
     0
340
0
 46
1.0
 50
0.0
 44
0.0
 45
0.0
  0
LTYPE
  5
75
330
5
100
AcDbSymbolTableRecord
100
AcDbLinetypeTableRecord
  2
ACAD_ISO12W100
 70
     0
  3
ISO dash double-dot __ . . __ . . __ . . __ . .
 72
    65
 73
     6
 40
21.0
 49
12.0
 74
     4
 75
     0
340
0
 46
1.0
 50
0.0
 44
0.0
 45
0.0
 49
-3.0
 74
     4
 75
     0
340
0
 46
1.0
 50
0.0
 44
0.0
 45
0.0
 49
0.0
 74
     4
 75
     0
340
0
 46
1.0
 50
0.0
 44
0.0
 45
0.0
 49
-3.0
 74
     4
 75
     0
340
0
 46
1.0
 50
0.0
 44
0.0
 45
0.0
 49
0.0
 74
     4
 75
     0
340
0
 46
1.0
 50
0.0
 44
0.0
 45
0.0
 49
-3.0
 74
     4
 75
     0
340
0
 46
1.0
 50
0.0
 44
0.0
 45
0.0
  0
LTYPE
  5
76
330
5
100
AcDbSymbolTableRecord
100
AcDbLinetypeTableRecord
  2
ACAD_ISO13W100
 70
     0
  3
ISO double-dash double-dot __ __ . . __ __ . . 
 72
    65
 73
     8
 40
36.0
 49
12.0
 74
     4
 75
     0
340
0
 46
1.0
 50
0.0
 44
0.0
 45
0.0
 49
-3.0
 74
     4
 75
     0
340
0
 46
1.0
 50
0.0
 44
0.0
 45
0.0
 49
12.0
 74
     4
 75
     0
340
0
 46
1.0
 50
0.0
 44
0.0
 45
0.0
 49
-3.0
 74
     4
 75
     0
340
0
 46
1.0
 50
0.0
 44
0.0
 45
0.0
 49
0.0
 74
     4
 75
     0
340
0
 46
1.0
 50
0.0
 44
0.0
 45
0.0
 49
-3.0
 74
     4
 75
     0
340
0
 46
1.0
 50
0.0
 44
0.0
 45
0.0
 49
0.0
 74
     4
 75
     0
340
0
 46
1.0
 50
0.0
 44
0.0
 45
0.0
 49
-3.0
 74
     4
 75
     0
340
0
 46
1.0
 50
0.0
 44
0.0
 45
0.0
  0
LTYPE
  5
77
330
5
100
AcDbSymbolTableRecord
100
AcDbLinetypeTableRecord
  2
ACAD_ISO14W100
 70
     0
  3
ISO dash triple-dot __ . . . __ . . . __ . . . 
 72
    65
 73
     8
 40
24.0
 49
12.0
 74
     4
 75
     0
340
0
 46
1.0
 50
0.0
 44
0.0
 45
0.0
 49
-3.0
 74
     4
 75
     0
340
0
 46
1.0
 50
0.0
 44
0.0
 45
0.0
 49
0.0
 74
     4
 75
     0
340
0
 46
1.0
 50
0.0
 44
0.0
 45
0.0
 49
-3.0
 74
     4
 75
     0
340
0
 46
1.0
 50
0.0
 44
0.0
 45
0.0
 49
0.0
 74
     4
 75
     0
340
0
 46
1.0
 50
0.0
 44
0.0
 45
0.0
 49
-3.0
 74
     4
 75
     0
340
0
 46
1.0
 50
0.0
 44
0.0
 45
0.0
 49
0.0
 74
     4
 75
     0
340
0
 46
1.0
 50
0.0
 44
0.0
 45
0.0
 49
-3.0
 74
     4
 75
     0
340
0
 46
1.0
 50
0.0
 44
0.0
 45
0.0
  0
LTYPE
  5
78
330
5
100
AcDbSymbolTableRecord
100
AcDbLinetypeTableRecord
  2
ACAD_ISO15W100
 70
     0
  3
ISO double-dash triple-dot __ __ . . . __ __ . 
 72
    65
 73
    10
 40
39.0
 49
12.0
 74
     4
 75
     0
340
0
 46
1.0
 50
0.0
 44
0.0
 45
0.0
 49
-3.0
 74
     4
 75
     0
340
0
 46
1.0
 50
0.0
 44
0.0
 45
0.0
 49
12.0
 74
     4
 75
     0
340
0
 46
1.0
 50
0.0
 44
0.0
 45
0.0
 49
-3.0
 74
     4
 75
     0
340
0
 46
1.0
 50
0.0
 44
0.0
 45
0.0
 49
0.0
 74
     4
 75
     0
340
0
 46
1.0
 50
0.0
 44
0.0
 45
0.0
 49
-3.0
 74
     4
 75
     0
340
0
 46
1.0
 50
0.0
 44
0.0
 45
0.0
 49
0.0
 74
     4
 75
     0
340
0
 46
1.0
 50
0.0
 44
0.0
 45
0.0
 49
-3.0
 74
     4
 75
     0
340
0
 46
1.0
 50
0.0
 44
0.0
 45
0.0
 49
0.0
 74
     4
 75
     0
340
0
 46
1.0
 50
0.0
 44
0.0
 45
0.0
 49
-3.0
 74
     4
 75
     0
340
0
 46
1.0
 50
0.0
 44
0.0
 45
0.0
  0
LTYPE
  5
79
330
5
100
AcDbSymbolTableRecord
100
AcDbLinetypeTableRecord
  2
BATTING
 70
     0
  3
Batting SSSSSSSSSSSSSSSSSSSSSSSSSSSSSSSSSSSSSSS
 72
    65
 73
     4
 40
0.4001
 49
0.0001
 74
     4
 75
     0
340
0
 46
1.0
 50
0.0
 44
0.0
 45
0.0
 49
-0.1
 74
     4
 75
   134
340
5F
 46
0.1
 50
0.0
 44
-0.1
 45
0.0
 49
-0.2
 74
     4
 75
   134
340
5F
 46
0.1
 50
180.0
 44
0.1
 45
0.0
 49
-0.1
 74
     4
 75
     0
340
0
 46
1.0
 50
0.0
 44
0.0
 45
0.0
  0
LTYPE
  5
7A
330
5
100
AcDbSymbolTableRecord
100
AcDbLinetypeTableRecord
  2
BORDER
 70
     0
  3
Border __ __ . __ __ . __ __ . __ __ . __ __ .
 72
    65
 73
     6
 40
1.75
 49
0.5
 74
     4
 75
     0
340
0
 46
1.0
 50
0.0
 44
0.0
 45
0.0
 49
-0.25
 74
     4
 75
     0
340
0
 46
1.0
 50
0.0
 44
0.0
 45
0.0
 49
0.5
 74
     4
 75
     0
340
0
 46
1.0
 50
0.0
 44
0.0
 45
0.0
 49
-0.25
 74
     4
 75
     0
340
0
 46
1.0
 50
0.0
 44
0.0
 45
0.0
 49
0.0
 74
     4
 75
     0
340
0
 46
1.0
 50
0.0
 44
0.0
 45
0.0
 49
-0.25
 74
     4
 75
     0
340
0
 46
1.0
 50
0.0
 44
0.0
 45
0.0
  0
LTYPE
  5
7B
330
5
100
AcDbSymbolTableRecord
100
AcDbLinetypeTableRecord
  2
BORDER2
 70
     0
  3
Border (.5x) __.__.__.__.__.__.__.__.__.__.__.
 72
    65
 73
     6
 40
0.875
 49
0.25
 74
     4
 75
     0
340
0
 46
1.0
 50
0.0
 44
0.0
 45
0.0
 49
-0.125
 74
     4
 75
     0
340
0
 46
1.0
 50
0.0
 44
0.0
 45
0.0
 49
0.25
 74
     4
 75
     0
340
0
 46
1.0
 50
0.0
 44
0.0
 45
0.0
 49
-0.125
 74
     4
 75
     0
340
0
 46
1.0
 50
0.0
 44
0.0
 45
0.0
 49
0.0
 74
     4
 75
     0
340
0
 46
1.0
 50
0.0
 44
0.0
 45
0.0
 49
-0.125
 74
     4
 75
     0
340
0
 46
1.0
 50
0.0
 44
0.0
 45
0.0
  0
LTYPE
  5
7C
330
5
100
AcDbSymbolTableRecord
100
AcDbLinetypeTableRecord
  2
BORDERX2
 70
     0
  3
Border (2x) ____  ____  .  ____  ____  .  ___
 72
    65
 73
     6
 40
3.5
 49
1.0
 74
     4
 75
     0
340
0
 46
1.0
 50
0.0
 44
0.0
 45
0.0
 49
-0.5
 74
     4
 75
     0
340
0
 46
1.0
 50
0.0
 44
0.0
 45
0.0
 49
1.0
 74
     4
 75
     0
340
0
 46
1.0
 50
0.0
 44
0.0
 45
0.0
 49
-0.5
 74
     4
 75
     0
340
0
 46
1.0
 50
0.0
 44
0.0
 45
0.0
 49
0.0
 74
     4
 75
     0
340
0
 46
1.0
 50
0.0
 44
0.0
 45
0.0
 49
-0.5
 74
     4
 75
     0
340
0
 46
1.0
 50
0.0
 44
0.0
 45
0.0
  0
LTYPE
  5
7D
330
5
100
AcDbSymbolTableRecord
100
AcDbLinetypeTableRecord
  2
CENTER
 70
     0
  3
Center ____ _ ____ _ ____ _ ____ _ ____ _ ____
 72
    65
 73
     4
 40
2.0
 49
1.25
 74
     4
 75
     0
340
0
 46
1.0
 50
0.0
 44
0.0
 45
0.0
 49
-0.25
 74
     4
 75
     0
340
0
 46
1.0
 50
0.0
 44
0.0
 45
0.0
 49
0.25
 74
     4
 75
     0
340
0
 46
1.0
 50
0.0
 44
0.0
 45
0.0
 49
-0.25
 74
     4
 75
     0
340
0
 46
1.0
 50
0.0
 44
0.0
 45
0.0
  0
LTYPE
  5
7E
330
5
100
AcDbSymbolTableRecord
100
AcDbLinetypeTableRecord
  2
CENTER2
 70
     0
  3
Center (.5x) ___ _ ___ _ ___ _ ___ _ ___ _ ___
 72
    65
 73
     4
 40
1.125
 49
0.75
 74
     4
 75
     0
340
0
 46
1.0
 50
0.0
 44
0.0
 45
0.0
 49
-0.125
 74
     4
 75
     0
340
0
 46
1.0
 50
0.0
 44
0.0
 45
0.0
 49
0.125
 74
     4
 75
     0
340
0
 46
1.0
 50
0.0
 44
0.0
 45
0.0
 49
-0.125
 74
     4
 75
     0
340
0
 46
1.0
 50
0.0
 44
0.0
 45
0.0
  0
LTYPE
  5
7F
330
5
100
AcDbSymbolTableRecord
100
AcDbLinetypeTableRecord
  2
CENTER2_25.4
 70
     0
  3
Center (.5x) ___ _ ___ _ ___ _ ___ _ ___ _ ___
 72
    65
 73
     4
 40
28.575
 49
19.05
 74
     4
 75
     0
340
0
 46
1.0
 50
0.0
 44
0.0
 45
0.0
 49
-3.175
 74
     4
 75
     0
340
0
 46
1.0
 50
0.0
 44
0.0
 45
0.0
 49
3.175
 74
     4
 75
     0
340
0
 46
1.0
 50
0.0
 44
0.0
 45
0.0
 49
-3.175
 74
     4
 75
     0
340
0
 46
1.0
 50
0.0
 44
0.0
 45
0.0
  0
LTYPE
  5
80
330
5
100
AcDbSymbolTableRecord
100
AcDbLinetypeTableRecord
  2
CENTERX2
 70
     0
  3
Center (2x) ________  __  ________  __  _____
 72
    65
 73
     4
 40
4.0
 49
2.5
 74
     4
 75
     0
340
0
 46
1.0
 50
0.0
 44
0.0
 45
0.0
 49
-0.5
 74
     4
 75
     0
340
0
 46
1.0
 50
0.0
 44
0.0
 45
0.0
 49
0.5
 74
     4
 75
     0
340
0
 46
1.0
 50
0.0
 44
0.0
 45
0.0
 49
-0.5
 74
     4
 75
     0
340
0
 46
1.0
 50
0.0
 44
0.0
 45
0.0
  0
LTYPE
  5
81
330
5
100
AcDbSymbolTableRecord
100
AcDbLinetypeTableRecord
  2
CG_CW
 70
     0
  3
----CW----CW----
 72
    65
 73
     3
 40
3.283
 49
2.0
 74
     4
 75
     0
340
0
 46
1.0
 50
0.0
 44
0.0
 45
0.0
 49
-0.3
 74
     2
 75
     0
340
5F
 46
0.1
 50
0.0
 44
0.0
 45
-0.175
  9
CW
 49
-0.983
 74
     4
 75
     0
340
0
 46
1.0
 50
0.0
 44
0.0
 45
0.0
  0
LTYPE
  5
82
330
5
100
AcDbSymbolTableRecord
100
AcDbLinetypeTableRecord
  2
CG_F
 70
     0
  3
----F----F----
 72
    65
 73
     3
 40
2.817
 49
2.0
 74
     4
 75
     0
340
0
 46
1.0
 50
0.0
 44
0.0
 45
0.0
 49
-0.3
 74
     2
 75
     0
340
5F
 46
0.1
 50
0.0
 44
0.0
 45
-0.175
  9
F
 49
-0.517
 74
     4
 75
     0
340
0
 46
1.0
 50
0.0
 44
0.0
 45
0.0
  0
LTYPE
  5
83
330
5
100
AcDbSymbolTableRecord
100
AcDbLinetypeTableRecord
  2
CG_HY
 70
     0
  3
----HY----HY----
 72
    65
 73
     3
 40
3.233
 49
2.0
 74
     4
 75
     0
340
0
 46
1.0
 50
0.0
 44
0.0
 45
0.0
 49
-0.3
 74
     2
 75
     0
340
5F
 46
0.1
 50
0.0
 44
0.0
 45
-0.175
  9
HY
 49
-0.933
 74
     4
 75
     0
340
0
 46
1.0
 50
0.0
 44
0.0
 45
0.0
  0
LTYPE
  5
84
330
5
100
AcDbSymbolTableRecord
100
AcDbLinetypeTableRecord
  2
CG_J
 70
     0
  3
----J----J----
 72
    65
 73
     3
 40
2.767
 49
2.0
 74
     4
 75
     0
340
0
 46
1.0
 50
0.0
 44
0.0
 45
0.0
 49
-0.3
 74
     2
 75
     0
340
5F
 46
0.1
 50
0.0
 44
0.0
 45
-0.175
  9
J
 49
-0.467
 74
     4
 75
     0
340
0
 46
1.0
 50
0.0
 44
0.0
 45
0.0
  0
LTYPE
  5
85
330
5
100
AcDbSymbolTableRecord
100
AcDbLinetypeTableRecord
  2
CG_J1
 70
     0
  3
----J1----J1----
 72
    65
 73
     3
 40
2.95
 49
2.0
 74
     4
 75
     0
340
0
 46
1.0
 50
0.0
 44
0.0
 45
0.0
 49
-0.3
 74
     2
 75
     0
340
5F
 46
0.1
 50
0.0
 44
0.0
 45
-0.175
  9
J1
 49
-0.65
 74
     4
 75
     0
340
0
 46
1.0
 50
0.0
 44
0.0
 45
0.0
  0
LTYPE
  5
86
330
5
100
AcDbSymbolTableRecord
100
AcDbLinetypeTableRecord
  2
CG_J2
 70
     0
  3
----J2----J2----
 72
    65
 73
     3
 40
3.1
 49
2.0
 74
     4
 75
     0
340
0
 46
1.0
 50
0.0
 44
0.0
 45
0.0
 49
-0.3
 74
     2
 75
     0
340
5F
 46
0.1
 50
0.0
 44
0.0
 45
-0.175
  9
J2
 49
-0.8
 74
     4
 75
     0
340
0
 46
1.0
 50
0.0
 44
0.0
 45
0.0
  0
LTYPE
  5
87
330
5
100
AcDbSymbolTableRecord
100
AcDbLinetypeTableRecord
  2
CG_J3
 70
     0
  3
----J3----J3----
 72
    65
 73
     3
 40
3.1
 49
2.0
 74
     4
 75
     0
340
0
 46
1.0
 50
0.0
 44
0.0
 45
0.0
 49
-0.3
 74
     2
 75
     0
340
5F
 46
0.1
 50
0.0
 44
0.0
 45
-0.175
  9
J3
 49
-0.8
 74
     4
 75
     0
340
0
 46
1.0
 50
0.0
 44
0.0
 45
0.0
  0
LTYPE
  5
88
330
5
100
AcDbSymbolTableRecord
100
AcDbLinetypeTableRecord
  2
CG_J4
 70
     0
  3
----J4----J4----
 72
    65
 73
     3
 40
3.117
 49
2.0
 74
     4
 75
     0
340
0
 46
1.0
 50
0.0
 44
0.0
 45
0.0
 49
-0.3
 74
     2
 75
     0
340
5F
 46
0.1
 50
0.0
 44
0.0
 45
-0.175
  9
J4
 49
-0.817
 74
     4
 75
     0
340
0
 46
1.0
 50
0.0
 44
0.0
 45
0.0
  0
LTYPE
  5
89
330
5
100
AcDbSymbolTableRecord
100
AcDbLinetypeTableRecord
  2
CG_J5
 70
     0
  3
----J5----J5----
 72
    65
 73
     3
 40
3.1
 49
2.0
 74
     4
 75
     0
340
0
 46
1.0
 50
0.0
 44
0.0
 45
0.0
 49
-0.3
 74
     2
 75
     0
340
5F
 46
0.1
 50
0.0
 44
0.0
 45
-0.175
  9
J5
 49
-0.8
 74
     4
 75
     0
340
0
 46
1.0
 50
0.0
 44
0.0
 45
0.0
  0
LTYPE
  5
8A
330
5
100
AcDbSymbolTableRecord
100
AcDbLinetypeTableRecord
  2
CG_KN
 70
     0
  3
----KN----KN----
 72
    65
 73
     3
 40
3.183
 49
2.0
 74
     4
 75
     0
340
0
 46
1.0
 50
0.0
 44
0.0
 45
0.0
 49
-0.3
 74
     2
 75
     0
340
5F
 46
0.1
 50
0.0
 44
0.0
 45
-0.175
  9
KN
 49
-0.883
 74
     4
 75
     0
340
0
 46
1.0
 50
0.0
 44
0.0
 45
0.0
  0
LTYPE
  5
8B
330
5
100
AcDbSymbolTableRecord
100
AcDbLinetypeTableRecord
  2
CG_LQ
 70
     0
  3
----LQ----LQ----
 72
    65
 73
     3
 40
3.15
 49
2.0
 74
     4
 75
     0
340
0
 46
1.0
 50
0.0
 44
0.0
 45
0.0
 49
-0.3
 74
     2
 75
     0
340
5F
 46
0.1
 50
0.0
 44
0.0
 45
-0.158
  9
LQ
 49
-0.85
 74
     4
 75
     0
340
0
 46
1.0
 50
0.0
 44
0.0
 45
0.0
  0
LTYPE
  5
8C
330
5
100
AcDbSymbolTableRecord
100
AcDbLinetypeTableRecord
  2
CG_LQH
 70
     0
  3
----LQH----LQH----
 72
    65
 73
     3
 40
3.483
 49
2.0
 74
     4
 75
     0
340
0
 46
1.0
 50
0.0
 44
0.0
 45
0.0
 49
-0.3
 74
     2
 75
     0
340
5F
 46
0.1
 50
0.0
 44
0.0
 45
-0.158
  9
LQH
 49
-1.183
 74
     4
 75
     0
340
0
 46
1.0
 50
0.0
 44
0.0
 45
0.0
  0
LTYPE
  5
8D
330
5
100
AcDbSymbolTableRecord
100
AcDbLinetypeTableRecord
  2
CG_MH
 70
     0
  3
----MH----MH----
 72
    65
 73
     3
 40
3.233
 49
2.0
 74
     4
 75
     0
340
0
 46
1.0
 50
0.0
 44
0.0
 45
0.0
 49
-0.3
 74
     2
 75
     0
340
5F
 46
0.1
 50
0.0
 44
0.0
 45
-0.175
  9
MH
 49
-0.933
 74
     4
 75
     0
340
0
 46
1.0
 50
0.0
 44
0.0
 45
0.0
  0
LTYPE
  5
8E
330
5
100
AcDbSymbolTableRecord
100
AcDbLinetypeTableRecord
  2
CG_N
 70
     0
  3
----N----N----
 72
    65
 73
     3
 40
2.833
 49
2.0
 74
     4
 75
     0
340
0
 46
1.0
 50
0.0
 44
0.0
 45
0.0
 49
-0.3
 74
     2
 75
     0
340
5F
 46
0.1
 50
0.0
 44
0.0
 45
-0.175
  9
N
 49
-0.533
 74
     4
 75
     0
340
0
 46
1.0
 50
0.0
 44
0.0
 45
0.0
  0
LTYPE
  5
8F
330
5
100
AcDbSymbolTableRecord
100
AcDbLinetypeTableRecord
  2
CG_PM
 70
     0
  3
----PM----PM----
 72
    65
 73
     3
 40
3.217
 49
2.0
 74
     4
 75
     0
340
0
 46
1.0
 50
0.0
 44
0.0
 45
0.0
 49
-0.3
 74
     2
 75
     0
340
5F
 46
0.1
 50
0.0
 44
0.0
 45
-0.175
  9
PM
 49
-0.917
 74
     4
 75
     0
340
0
 46
1.0
 50
0.0
 44
0.0
 45
0.0
  0
LTYPE
  5
90
330
5
100
AcDbSymbolTableRecord
100
AcDbLinetypeTableRecord
  2
CG_PZ
 70
     0
  3
----PZ----PZ----
 72
    65
 73
     3
 40
3.183
 49
2.0
 74
     4
 75
     0
340
0
 46
1.0
 50
0.0
 44
0.0
 45
0.0
 49
-0.3
 74
     2
 75
     0
340
5F
 46
0.1
 50
0.0
 44
0.0
 45
-0.175
  9
PZ
 49
-0.883
 74
     4
 75
     0
340
0
 46
1.0
 50
0.0
 44
0.0
 45
0.0
  0
LTYPE
  5
91
330
5
100
AcDbSymbolTableRecord
100
AcDbLinetypeTableRecord
  2
CG_QM
 70
     0
  3
----QM----QM----
 72
    65
 73
     3
 40
3.233
 49
2.0
 74
     4
 75
     0
340
0
 46
1.0
 50
0.0
 44
0.0
 45
0.0
 49
-0.3
 74
     2
 75
     0
340
5F
 46
0.1
 50
0.0
 44
0.0
 45
-0.158
  9
QM
 49
-0.933
 74
     4
 75
     0
340
0
 46
1.0
 50
0.0
 44
0.0
 45
0.0
  0
LTYPE
  5
92
330
5
100
AcDbSymbolTableRecord
100
AcDbLinetypeTableRecord
  2
CG_R
 70
     0
  3
----R----R----
 72
    65
 73
     3
 40
4.85
 49
4.0
 74
     4
 75
     0
340
0
 46
1.0
 50
0.0
 44
0.0
 45
0.0
 49
-0.85
 74
     2
 75
     0
340
5F
 46
0.1
 50
0.0
 44
-0.2
 45
-0.125
  9
R
 49
0.0
 74
     4
 75
     0
340
0
 46
1.0
 50
0.0
 44
0.0
 45
0.0
  0
LTYPE
  5
93
330
5
100
AcDbSymbolTableRecord
100
AcDbLinetypeTableRecord
  2
CG_RH
 70
     0
  3
----RH----RH----
 72
    65
 73
     3
 40
3.183
 49
2.0
 74
     4
 75
     0
340
0
 46
1.0
 50
0.0
 44
0.0
 45
0.0
 49
-0.3
 74
     2
 75
     0
340
5F
 46
0.1
 50
0.0
 44
0.0
 45
-0.175
  9
RH
 49
-0.883
 74
     4
 75
     0
340
0
 46
1.0
 50
0.0
 44
0.0
 45
0.0
  0
LTYPE
  5
94
330
5
100
AcDbSymbolTableRecord
100
AcDbLinetypeTableRecord
  2
CG_RH1
 70
     0
  3
----RH1----RH1----
 72
    65
 73
     3
 40
3.4
 49
2.0
 74
     4
 75
     0
340
0
 46
1.0
 50
0.0
 44
0.0
 45
0.0
 49
-0.3
 74
     2
 75
     0
340
5F
 46
0.1
 50
0.0
 44
0.0
 45
-0.175
  9
RH1
 49
-1.1
 74
     4
 75
     0
340
0
 46
1.0
 50
0.0
 44
0.0
 45
0.0
  0
LTYPE
  5
95
330
5
100
AcDbSymbolTableRecord
100
AcDbLinetypeTableRecord
  2
CG_RH2
 70
     0
  3
----RH2----RH2----
 72
    65
 73
     3
 40
3.55
 49
2.0
 74
     4
 75
     0
340
0
 46
1.0
 50
0.0
 44
0.0
 45
0.0
 49
-0.3
 74
     2
 75
     0
340
5F
 46
0.1
 50
0.0
 44
0.0
 45
-0.175
  9
RH2
 49
-1.25
 74
     4
 75
     0
340
0
 46
1.0
 50
0.0
 44
0.0
 45
0.0
  0
LTYPE
  5
96
330
5
100
AcDbSymbolTableRecord
100
AcDbLinetypeTableRecord
  2
CG_RH3
 70
     0
  3
----RH3----RH3----
 72
    65
 73
     3
 40
3.55
 49
2.0
 74
     4
 75
     0
340
0
 46
1.0
 50
0.0
 44
0.0
 45
0.0
 49
-0.3
 74
     2
 75
     0
340
5F
 46
0.1
 50
0.0
 44
0.0
 45
-0.175
  9
RH3
 49
-1.25
 74
     4
 75
     0
340
0
 46
1.0
 50
0.0
 44
0.0
 45
0.0
  0
LTYPE
  5
97
330
5
100
AcDbSymbolTableRecord
100
AcDbLinetypeTableRecord
  2
CG_RH4
 70
     0
  3
----RH4----RH4----
 72
    65
 73
     3
 40
3.567
 49
2.0
 74
     4
 75
     0
340
0
 46
1.0
 50
0.0
 44
0.0
 45
0.0
 49
-0.3
 74
     2
 75
     0
340
5F
 46
0.1
 50
0.0
 44
0.0
 45
-0.175
  9
RH4
 49
-1.267
 74
     4
 75
     0
340
0
 46
1.0
 50
0.0
 44
0.0
 45
0.0
  0
LTYPE
  5
98
330
5
100
AcDbSymbolTableRecord
100
AcDbLinetypeTableRecord
  2
CG_RH5
 70
     0
  3
----RH5----RH5----
 72
    65
 73
     3
 40
3.55
 49
2.0
 74
     4
 75
     0
340
0
 46
1.0
 50
0.0
 44
0.0
 45
0.0
 49
-0.3
 74
     2
 75
     0
340
5F
 46
0.1
 50
0.0
 44
0.0
 45
-0.175
  9
RH5
 49
-1.25
 74
     4
 75
     0
340
0
 46
1.0
 50
0.0
 44
0.0
 45
0.0
  0
LTYPE
  5
99
330
5
100
AcDbSymbolTableRecord
100
AcDbLinetypeTableRecord
  2
CG_RJ
 70
     0
  3
----RJ----RJ----
 72
    65
 73
     3
 40
3.117
 49
2.0
 74
     4
 75
     0
340
0
 46
1.0
 50
0.0
 44
0.0
 45
0.0
 49
-0.3
 74
     2
 75
     0
340
5F
 46
0.1
 50
0.0
 44
0.0
 45
-0.175
  9
RJ
 49
-0.817
 74
     4
 75
     0
340
0
 46
1.0
 50
0.0
 44
0.0
 45
0.0
  0
LTYPE
  5
9A
330
5
100
AcDbSymbolTableRecord
100
AcDbLinetypeTableRecord
  2
CG_RJ1
 70
     0
  3
----RJ1----RJ1----
 72
    65
 73
     3
 40
3.3
 49
2.0
 74
     4
 75
     0
340
0
 46
1.0
 50
0.0
 44
0.0
 45
0.0
 49
-0.3
 74
     2
 75
     0
340
5F
 46
0.1
 50
0.0
 44
0.0
 45
-0.175
  9
RJ1
 49
-1.0
 74
     4
 75
     0
340
0
 46
1.0
 50
0.0
 44
0.0
 45
0.0
  0
LTYPE
  5
9B
330
5
100
AcDbSymbolTableRecord
100
AcDbLinetypeTableRecord
  2
CG_RJ2
 70
     0
  3
----RJ2----RJ2----
 72
    65
 73
     3
 40
3.45
 49
2.0
 74
     4
 75
     0
340
0
 46
1.0
 50
0.0
 44
0.0
 45
0.0
 49
-0.3
 74
     2
 75
     0
340
5F
 46
0.1
 50
0.0
 44
0.0
 45
-0.175
  9
RJ2
 49
-1.15
 74
     4
 75
     0
340
0
 46
1.0
 50
0.0
 44
0.0
 45
0.0
  0
LTYPE
  5
9C
330
5
100
AcDbSymbolTableRecord
100
AcDbLinetypeTableRecord
  2
CG_RJ3
 70
     0
  3
----RJ3----RJ3----
 72
    65
 73
     3
 40
3.45
 49
2.0
 74
     4
 75
     0
340
0
 46
1.0
 50
0.0
 44
0.0
 45
0.0
 49
-0.3
 74
     2
 75
     0
340
5F
 46
0.1
 50
0.0
 44
0.0
 45
-0.175
  9
RJ3
 49
-1.15
 74
     4
 75
     0
340
0
 46
1.0
 50
0.0
 44
0.0
 45
0.0
  0
LTYPE
  5
9D
330
5
100
AcDbSymbolTableRecord
100
AcDbLinetypeTableRecord
  2
CG_RJ4
 70
     0
  3
----RJ4----RJ4----
 72
    65
 73
     3
 40
3.467
 49
2.0
 74
     4
 75
     0
340
0
 46
1.0
 50
0.0
 44
0.0
 45
0.0
 49
-0.3
 74
     2
 75
     0
340
5F
 46
0.1
 50
0.0
 44
0.0
 45
-0.175
  9
RJ4
 49
-1.167
 74
     4
 75
     0
340
0
 46
1.0
 50
0.0
 44
0.0
 45
0.0
  0
LTYPE
  5
9E
330
5
100
AcDbSymbolTableRecord
100
AcDbLinetypeTableRecord
  2
CG_RJ5
 70
     0
  3
----RJ5----RJ5----
 72
    65
 73
     3
 40
3.45
 49
2.0
 74
     4
 75
     0
340
0
 46
1.0
 50
0.0
 44
0.0
 45
0.0
 49
-0.3
 74
     2
 75
     0
340
5F
 46
0.1
 50
0.0
 44
0.0
 45
-0.175
  9
RJ5
 49
-1.15
 74
     4
 75
     0
340
0
 46
1.0
 50
0.0
 44
0.0
 45
0.0
  0
LTYPE
  5
9F
330
5
100
AcDbSymbolTableRecord
100
AcDbLinetypeTableRecord
  2
CG_RM
 70
     0
  3
----RM----RM----
 72
    65
 73
     3
 40
3.217
 49
2.0
 74
     4
 75
     0
340
0
 46
1.0
 50
0.0
 44
0.0
 45
0.0
 49
-0.3
 74
     2
 75
     0
340
5F
 46
0.1
 50
0.0
 44
0.0
 45
-0.175
  9
RM
 49
-0.917
 74
     4
 75
     0
340
0
 46
1.0
 50
0.0
 44
0.0
 45
0.0
  0
LTYPE
  5
A0
330
5
100
AcDbSymbolTableRecord
100
AcDbLinetypeTableRecord
  2
CG_RM1
 70
     0
  3
----RM1----RM1----
 72
    65
 73
     3
 40
3.433
 49
2.0
 74
     4
 75
     0
340
0
 46
1.0
 50
0.0
 44
0.0
 45
0.0
 49
-0.3
 74
     2
 75
     0
340
5F
 46
0.1
 50
0.0
 44
0.0
 45
-0.175
  9
RM1
 49
-1.133
 74
     4
 75
     0
340
0
 46
1.0
 50
0.0
 44
0.0
 45
0.0
  0
LTYPE
  5
A1
330
5
100
AcDbSymbolTableRecord
100
AcDbLinetypeTableRecord
  2
CG_RM2
 70
     0
  3
----RM2----RM2----
 72
    65
 73
     3
 40
3.583
 49
2.0
 74
     4
 75
     0
340
0
 46
1.0
 50
0.0
 44
0.0
 45
0.0
 49
-0.3
 74
     2
 75
     0
340
5F
 46
0.1
 50
0.0
 44
0.0
 45
-0.175
  9
RM2
 49
-1.283
 74
     4
 75
     0
340
0
 46
1.0
 50
0.0
 44
0.0
 45
0.0
  0
LTYPE
  5
A2
330
5
100
AcDbSymbolTableRecord
100
AcDbLinetypeTableRecord
  2
CG_RMH
 70
     0
  3
----RMH----RMH----
 72
    65
 73
     3
 40
3.583
 49
2.0
 74
     4
 75
     0
340
0
 46
1.0
 50
0.0
 44
0.0
 45
0.0
 49
-0.3
 74
     2
 75
     0
340
5F
 46
0.1
 50
0.0
 44
0.0
 45
-0.175
  9
RMH
 49
-1.283
 74
     4
 75
     0
340
0
 46
1.0
 50
0.0
 44
0.0
 45
0.0
  0
LTYPE
  5
A3
330
5
100
AcDbSymbolTableRecord
100
AcDbLinetypeTableRecord
  2
CG_RMH1
 70
     0
  3
----RMH1----RMH1----
 72
    65
 73
     3
 40
3.8
 49
2.0
 74
     4
 75
     0
340
0
 46
1.0
 50
0.0
 44
0.0
 45
0.0
 49
-0.3
 74
     2
 75
     0
340
5F
 46
0.1
 50
0.0
 44
0.0
 45
-0.175
  9
RMH1
 49
-1.5
 74
     4
 75
     0
340
0
 46
1.0
 50
0.0
 44
0.0
 45
0.0
  0
LTYPE
  5
A4
330
5
100
AcDbSymbolTableRecord
100
AcDbLinetypeTableRecord
  2
CG_RMH2
 70
     0
  3
----RMH2----RMH2----
 72
    65
 73
     3
 40
3.95
 49
2.0
 74
     4
 75
     0
340
0
 46
1.0
 50
0.0
 44
0.0
 45
0.0
 49
-0.3
 74
     2
 75
     0
340
5F
 46
0.1
 50
0.0
 44
0.0
 45
-0.175
  9
RMH2
 49
-1.65
 74
     4
 75
     0
340
0
 46
1.0
 50
0.0
 44
0.0
 45
0.0
  0
LTYPE
  5
A5
330
5
100
AcDbSymbolTableRecord
100
AcDbLinetypeTableRecord
  2
CG_SJ
 70
     0
  3
----SJ----SJ----
 72
    65
 73
     3
 40
3.1
 49
2.0
 74
     4
 75
     0
340
0
 46
1.0
 50
0.0
 44
0.0
 45
0.0
 49
-0.3
 74
     2
 75
     0
340
5F
 46
0.1
 50
0.0
 44
0.0
 45
-0.175
  9
SJ
 49
-0.8
 74
     4
 75
     0
340
0
 46
1.0
 50
0.0
 44
0.0
 45
0.0
  0
LTYPE
  5
A6
330
5
100
AcDbSymbolTableRecord
100
AcDbLinetypeTableRecord
  2
CG_SM
 70
     0
  3
----SM----SM----
 72
    65
 73
     3
 40
3.2
 49
2.0
 74
     4
 75
     0
340
0
 46
1.0
 50
0.0
 44
0.0
 45
0.0
 49
-0.3
 74
     2
 75
     0
340
5F
 46
0.1
 50
0.0
 44
0.0
 45
-0.175
  9
SM
 49
-0.9
 74
     4
 75
     0
340
0
 46
1.0
 50
0.0
 44
0.0
 45
0.0
  0
LTYPE
  5
A7
330
5
100
AcDbSymbolTableRecord
100
AcDbLinetypeTableRecord
  2
CG_SP
 70
     0
  3
----SP----SP----
 72
    65
 73
     3
 40
3.167
 49
2.0
 74
     4
 75
     0
340
0
 46
1.0
 50
0.0
 44
0.0
 45
0.0
 49
-0.3
 74
     2
 75
     0
340
5F
 46
0.1
 50
0.0
 44
0.0
 45
-0.175
  9
SP
 49
-0.867
 74
     4
 75
     0
340
0
 46
1.0
 50
0.0
 44
0.0
 45
0.0
  0
LTYPE
  5
A8
330
5
100
AcDbSymbolTableRecord
100
AcDbLinetypeTableRecord
  2
CG_SS
 70
     0
  3
----SS----SS----
 72
    65
 73
     3
 40
3.167
 49
2.0
 74
     4
 75
     0
340
0
 46
1.0
 50
0.0
 44
0.0
 45
0.0
 49
-0.3
 74
     2
 75
     0
340
5F
 46
0.1
 50
0.0
 44
0.0
 45
-0.175
  9
SS
 49
-0.867
 74
     4
 75
     0
340
0
 46
1.0
 50
0.0
 44
0.0
 45
0.0
  0
LTYPE
  5
A9
330
5
100
AcDbSymbolTableRecord
100
AcDbLinetypeTableRecord
  2
CG_SZ
 70
     0
  3
----SZ----SZ----
 72
    65
 73
     3
 40
3.167
 49
2.0
 74
     4
 75
     0
340
0
 46
1.0
 50
0.0
 44
0.0
 45
0.0
 49
-0.3
 74
     2
 75
     0
340
5F
 46
0.1
 50
0.0
 44
0.0
 45
-0.175
  9
SZ
 49
-0.867
 74
     4
 75
     0
340
0
 46
1.0
 50
0.0
 44
0.0
 45
0.0
  0
LTYPE
  5
AA
330
5
100
AcDbSymbolTableRecord
100
AcDbLinetypeTableRecord
  2
CG_T
 70
     0
  3
----T----T----
 72
    65
 73
     3
 40
2.833
 49
2.0
 74
     4
 75
     0
340
0
 46
1.0
 50
0.0
 44
0.0
 45
0.0
 49
-0.3
 74
     2
 75
     0
340
5F
 46
0.1
 50
0.0
 44
0.0
 45
-0.175
  9
T
 49
-0.533
 74
     4
 75
     0
340
0
 46
1.0
 50
0.0
 44
0.0
 45
0.0
  0
LTYPE
  5
AB
330
5
100
AcDbSymbolTableRecord
100
AcDbLinetypeTableRecord
  2
CG_W
 70
     0
  3
----W----W----
 72
    65
 73
     3
 40
2.933
 49
2.0
 74
     4
 75
     0
340
0
 46
1.0
 50
0.0
 44
0.0
 45
0.0
 49
-0.3
 74
     2
 75
     0
340
5F
 46
0.1
 50
0.0
 44
0.0
 45
-0.175
  9
W
 49
-0.633
 74
     4
 75
     0
340
0
 46
1.0
 50
0.0
 44
0.0
 45
0.0
  0
LTYPE
  5
AC
330
5
100
AcDbSymbolTableRecord
100
AcDbLinetypeTableRecord
  2
CG_WXH
 70
     0
  3
----WXH----WXH----
 72
    65
 73
     3
 40
3.567
 49
2.0
 74
     4
 75
     0
340
0
 46
1.0
 50
0.0
 44
0.0
 45
0.0
 49
-0.3
 74
     2
 75
     0
340
5F
 46
0.1
 50
0.0
 44
0.0
 45
-0.175
  9
WXH
 49
-1.267
 74
     4
 75
     0
340
0
 46
1.0
 50
0.0
 44
0.0
 45
0.0
  0
LTYPE
  5
AD
330
5
100
AcDbSymbolTableRecord
100
AcDbLinetypeTableRecord
  2
CG_X
 70
     0
  3
----X----X----
 72
    65
 73
     3
 40
2.833
 49
2.0
 74
     4
 75
     0
340
0
 46
1.0
 50
0.0
 44
0.0
 45
0.0
 49
-0.3
 74
     2
 75
     0
340
5F
 46
0.1
 50
0.0
 44
0.0
 45
-0.175
  9
X
 49
-0.533
 74
     4
 75
     0
340
0
 46
1.0
 50
0.0
 44
0.0
 45
0.0
  0
LTYPE
  5
AE
330
5
100
AcDbSymbolTableRecord
100
AcDbLinetypeTableRecord
  2
CG_XH
 70
     0
  3
----XH----XH----
 72
    65
 73
     3
 40
3.167
 49
2.0
 74
     4
 75
     0
340
0
 46
1.0
 50
0.0
 44
0.0
 45
0.0
 49
-0.3
 74
     2
 75
     0
340
5F
 46
0.1
 50
0.0
 44
0.0
 45
-0.175
  9
XH
 49
-0.867
 74
     4
 75
     0
340
0
 46
1.0
 50
0.0
 44
0.0
 45
0.0
  0
LTYPE
  5
AF
330
5
100
AcDbSymbolTableRecord
100
AcDbLinetypeTableRecord
  2
CG_XH1
 70
     0
  3
----XH1----XH1----
 72
    65
 73
     3
 40
3.383
 49
2.0
 74
     4
 75
     0
340
0
 46
1.0
 50
0.0
 44
0.0
 45
0.0
 49
-0.3
 74
     2
 75
     0
340
5F
 46
0.1
 50
0.0
 44
0.0
 45
-0.175
  9
XH1
 49
-1.083
 74
     4
 75
     0
340
0
 46
1.0
 50
0.0
 44
0.0
 45
0.0
  0
LTYPE
  5
B0
330
5
100
AcDbSymbolTableRecord
100
AcDbLinetypeTableRecord
  2
CG_XH2
 70
     0
  3
----XH2----XH2----
 72
    65
 73
     3
 40
3.533
 49
2.0
 74
     4
 75
     0
340
0
 46
1.0
 50
0.0
 44
0.0
 45
0.0
 49
-0.3
 74
     2
 75
     0
340
5F
 46
0.1
 50
0.0
 44
0.0
 45
-0.175
  9
XH2
 49
-1.233
 74
     4
 75
     0
340
0
 46
1.0
 50
0.0
 44
0.0
 45
0.0
  0
LTYPE
  5
B1
330
5
100
AcDbSymbolTableRecord
100
AcDbLinetypeTableRecord
  2
CG_XH3
 70
     0
  3
----XH3----XH3----
 72
    65
 73
     3
 40
3.533
 49
2.0
 74
     4
 75
     0
340
0
 46
1.0
 50
0.0
 44
0.0
 45
0.0
 49
-0.3
 74
     2
 75
     0
340
5F
 46
0.1
 50
0.0
 44
0.0
 45
-0.175
  9
XH3
 49
-1.233
 74
     4
 75
     0
340
0
 46
1.0
 50
0.0
 44
0.0
 45
0.0
  0
LTYPE
  5
B2
330
5
100
AcDbSymbolTableRecord
100
AcDbLinetypeTableRecord
  2
CG_XHH
 70
     0
  3
----XHH----XHH----
 72
    65
 73
     3
 40
3.533
 49
2.0
 74
     4
 75
     0
340
0
 46
1.0
 50
0.0
 44
0.0
 45
0.0
 49
-0.3
 74
     2
 75
     0
340
5F
 46
0.1
 50
0.0
 44
0.0
 45
-0.175
  9
XHH
 49
-1.233
 74
     4
 75
     0
340
0
 46
1.0
 50
0.0
 44
0.0
 45
0.0
  0
LTYPE
  5
B3
330
5
100
AcDbSymbolTableRecord
100
AcDbLinetypeTableRecord
  2
CG_XHJ
 70
     0
  3
----XHJ----XHJ----
 72
    65
 73
     3
 40
3.467
 49
2.0
 74
     4
 75
     0
340
0
 46
1.0
 50
0.0
 44
0.0
 45
0.0
 49
-0.3
 74
     2
 75
     0
340
5F
 46
0.1
 50
0.0
 44
0.0
 45
-0.175
  9
XHJ
 49
-1.167
 74
     4
 75
     0
340
0
 46
1.0
 50
0.0
 44
0.0
 45
0.0
  0
LTYPE
  5
B4
330
5
100
AcDbSymbolTableRecord
100
AcDbLinetypeTableRecord
  2
CG_XS
 70
     0
  3
----XS----XS----
 72
    65
 73
     3
 40
3.167
 49
2.0
 74
     4
 75
     0
340
0
 46
1.0
 50
0.0
 44
0.0
 45
0.0
 49
-0.3
 74
     2
 75
     0
340
5F
 46
0.1
 50
0.0
 44
0.0
 45
-0.175
  9
XS
 49
-0.867
 74
     4
 75
     0
340
0
 46
1.0
 50
0.0
 44
0.0
 45
0.0
  0
LTYPE
  5
B5
330
5
100
AcDbSymbolTableRecord
100
AcDbLinetypeTableRecord
  2
CG_Y
 70
     0
  3
----Y----Y----
 72
    65
 73
     3
 40
2.867
 49
2.0
 74
     4
 75
     0
340
0
 46
1.0
 50
0.0
 44
0.0
 45
0.0
 49
-0.3
 74
     2
 75
     0
340
5F
 46
0.1
 50
0.0
 44
0.0
 45
-0.175
  9
Y
 49
-0.567
 74
     4
 75
     0
340
0
 46
1.0
 50
0.0
 44
0.0
 45
0.0
  0
LTYPE
  5
B6
330
5
100
AcDbSymbolTableRecord
100
AcDbLinetypeTableRecord
  2
CG_YF
 70
     0
  3
----YF----YF----
 72
    65
 73
     3
 40
3.15
 49
2.0
 74
     4
 75
     0
340
0
 46
1.0
 50
0.0
 44
0.0
 45
0.0
 49
-0.3
 74
     2
 75
     0
340
5F
 46
0.1
 50
0.0
 44
0.0
 45
-0.175
  9
YF
 49
-0.85
 74
     4
 75
     0
340
0
 46
1.0
 50
0.0
 44
0.0
 45
0.0
  0
LTYPE
  5
B7
330
5
100
AcDbSymbolTableRecord
100
AcDbLinetypeTableRecord
  2
CG_YL
 70
     0
  3
----YL----YL----
 72
    65
 73
     3
 40
3.133
 49
2.0
 74
     4
 75
     0
340
0
 46
1.0
 50
0.0
 44
0.0
 45
0.0
 49
-0.3
 74
     2
 75
     0
340
5F
 46
0.1
 50
0.0
 44
0.0
 45
-0.175
  9
YL
 49
-0.833
 74
     4
 75
     0
340
0
 46
1.0
 50
0.0
 44
0.0
 45
0.0
  0
LTYPE
  5
B8
330
5
100
AcDbSymbolTableRecord
100
AcDbLinetypeTableRecord
  2
CG_YS
 70
     0
  3
----YS----YS----
 72
    65
 73
     3
 40
3.167
 49
2.0
 74
     4
 75
     0
340
0
 46
1.0
 50
0.0
 44
0.0
 45
0.0
 49
-0.3
 74
     2
 75
     0
340
5F
 46
0.1
 50
0.0
 44
0.0
 45
-0.175
  9
YS
 49
-0.867
 74
     4
 75
     0
340
0
 46
1.0
 50
0.0
 44
0.0
 45
0.0
  0
LTYPE
  5
B9
330
5
100
AcDbSymbolTableRecord
100
AcDbLinetypeTableRecord
  2
CG_YW
 70
     0
  3
----YW----YW----
 72
    65
 73
     3
 40
3.267
 49
2.0
 74
     4
 75
     0
340
0
 46
1.0
 50
0.0
 44
0.0
 45
0.0
 49
-0.3
 74
     2
 75
     0
340
5F
 46
0.1
 50
0.0
 44
0.0
 45
-0.175
  9
YW
 49
-0.967
 74
     4
 75
     0
340
0
 46
1.0
 50
0.0
 44
0.0
 45
0.0
  0
LTYPE
  5
BA
330
5
100
AcDbSymbolTableRecord
100
AcDbLinetypeTableRecord
  2
CG_YY
 70
     0
  3
----YY----YY----
 72
    65
 73
     3
 40
3.2
 49
2.0
 74
     4
 75
     0
340
0
 46
1.0
 50
0.0
 44
0.0
 45
0.0
 49
-0.3
 74
     2
 75
     0
340
5F
 46
0.1
 50
0.0
 44
0.0
 45
-0.175
  9
YY
 49
-0.9
 74
     4
 75
     0
340
0
 46
1.0
 50
0.0
 44
0.0
 45
0.0
  0
LTYPE
  5
BB
330
5
100
AcDbSymbolTableRecord
100
AcDbLinetypeTableRecord
  2
CG_Z
 70
     0
  3
----Z----Z----
 72
    65
 73
     3
 40
2.833
 49
2.0
 74
     4
 75
     0
340
0
 46
1.0
 50
0.0
 44
0.0
 45
0.0
 49
-0.3
 74
     2
 75
     0
340
5F
 46
0.1
 50
0.0
 44
0.0
 45
-0.175
  9
Z
 49
-0.533
 74
     4
 75
     0
340
0
 46
1.0
 50
0.0
 44
0.0
 45
0.0
  0
LTYPE
  5
BC
330
5
100
AcDbSymbolTableRecord
100
AcDbLinetypeTableRecord
  2
CG_ZJ
 70
     0
  3
----ZJ----ZJ----
 72
    65
 73
     3
 40
3.1
 49
2.0
 74
     4
 75
     0
340
0
 46
1.0
 50
0.0
 44
0.0
 45
0.0
 49
-0.3
 74
     2
 75
     0
340
5F
 46
0.1
 50
0.0
 44
0.0
 45
-0.175
  9
ZJ
 49
-0.8
 74
     4
 75
     0
340
0
 46
1.0
 50
0.0
 44
0.0
 45
0.0
  0
LTYPE
  5
BD
330
5
100
AcDbSymbolTableRecord
100
AcDbLinetypeTableRecord
  2
CG_ZJ1
 70
     0
  3
----ZJ1----ZJ1----
 72
    65
 73
     3
 40
3.283
 49
2.0
 74
     4
 75
     0
340
0
 46
1.0
 50
0.0
 44
0.0
 45
0.0
 49
-0.3
 74
     2
 75
     0
340
5F
 46
0.1
 50
0.0
 44
0.0
 45
-0.175
  9
ZJ1
 49
-0.983
 74
     4
 75
     0
340
0
 46
1.0
 50
0.0
 44
0.0
 45
0.0
  0
LTYPE
  5
BE
330
5
100
AcDbSymbolTableRecord
100
AcDbLinetypeTableRecord
  2
CG_ZJ2
 70
     0
  3
----ZJ2----ZJ2----
 72
    65
 73
     3
 40
3.433
 49
2.0
 74
     4
 75
     0
340
0
 46
1.0
 50
0.0
 44
0.0
 45
0.0
 49
-0.3
 74
     2
 75
     0
340
5F
 46
0.1
 50
0.0
 44
0.0
 45
-0.175
  9
ZJ2
 49
-1.133
 74
     4
 75
     0
340
0
 46
1.0
 50
0.0
 44
0.0
 45
0.0
  0
LTYPE
  5
BF
330
5
100
AcDbSymbolTableRecord
100
AcDbLinetypeTableRecord
  2
CG_ZJ3
 70
     0
  3
----ZJ3----ZJ3----
 72
    65
 73
     3
 40
3.433
 49
2.0
 74
     4
 75
     0
340
0
 46
1.0
 50
0.0
 44
0.0
 45
0.0
 49
-0.3
 74
     2
 75
     0
340
5F
 46
0.1
 50
0.0
 44
0.0
 45
-0.175
  9
ZJ3
 49
-1.133
 74
     4
 75
     0
340
0
 46
1.0
 50
0.0
 44
0.0
 45
0.0
  0
LTYPE
  5
C0
330
5
100
AcDbSymbolTableRecord
100
AcDbLinetypeTableRecord
  2
CG_ZN
 70
     0
  3
----ZN----ZN----
 72
    65
 73
     3
 40
3.167
 49
2.0
 74
     4
 75
     0
340
0
 46
1.0
 50
0.0
 44
0.0
 45
0.0
 49
-0.3
 74
     2
 75
     0
340
5F
 46
0.1
 50
0.0
 44
0.0
 45
-0.175
  9
ZN
 49
-0.867
 74
     4
 75
     0
340
0
 46
1.0
 50
0.0
 44
0.0
 45
0.0
  0
LTYPE
  5
C1
330
5
100
AcDbSymbolTableRecord
100
AcDbLinetypeTableRecord
  2
CG_ZP
 70
     0
  3
----ZP----ZP----
 72
    65
 73
     3
 40
3.167
 49
2.0
 74
     4
 75
     0
340
0
 46
1.0
 50
0.0
 44
0.0
 45
0.0
 49
-0.3
 74
     2
 75
     0
340
5F
 46
0.1
 50
0.0
 44
0.0
 45
-0.175
  9
ZP
 49
-0.867
 74
     4
 75
     0
340
0
 46
1.0
 50
0.0
 44
0.0
 45
0.0
  0
LTYPE
  5
C2
330
5
100
AcDbSymbolTableRecord
100
AcDbLinetypeTableRecord
  2
CG_ZP1
 70
     0
  3
----ZP1----ZP1----
 72
    65
 73
     3
 40
3.367
 49
2.0
 74
     4
 75
     0
340
0
 46
1.0
 50
0.0
 44
0.0
 45
0.0
 49
-0.3
 74
     2
 75
     0
340
5F
 46
0.1
 50
0.0
 44
0.0
 45
-0.175
  9
ZP1
 49
-1.067
 74
     4
 75
     0
340
0
 46
1.0
 50
0.0
 44
0.0
 45
0.0
  0
LTYPE
  5
C3
330
5
100
AcDbSymbolTableRecord
100
AcDbLinetypeTableRecord
  2
CG_ZP2
 70
     0
  3
----ZP2----ZP2----
 72
    65
 73
     3
 40
3.517
 49
2.0
 74
     4
 75
     0
340
0
 46
1.0
 50
0.0
 44
0.0
 45
0.0
 49
-0.3
 74
     2
 75
     0
340
5F
 46
0.1
 50
0.0
 44
0.0
 45
-0.175
  9
ZP2
 49
-1.217
 74
     4
 75
     0
340
0
 46
1.0
 50
0.0
 44
0.0
 45
0.0
  0
LTYPE
  5
C4
330
5
100
AcDbSymbolTableRecord
100
AcDbLinetypeTableRecord
  2
CG_ZP3
 70
     0
  3
----ZP3----ZP3----
 72
    65
 73
     3
 40
3.517
 49
2.0
 74
     4
 75
     0
340
0
 46
1.0
 50
0.0
 44
0.0
 45
0.0
 49
-0.3
 74
     2
 75
     0
340
5F
 46
0.1
 50
0.0
 44
0.0
 45
-0.175
  9
ZP3
 49
-1.217
 74
     4
 75
     0
340
0
 46
1.0
 50
0.0
 44
0.0
 45
0.0
  0
LTYPE
  5
C5
330
5
100
AcDbSymbolTableRecord
100
AcDbLinetypeTableRecord
  2
CG_ZY
 70
     0
  3
----ZY----ZY----
 72
    65
 73
     3
 40
3.2
 49
2.0
 74
     4
 75
     0
340
0
 46
1.0
 50
0.0
 44
0.0
 45
0.0
 49
-0.3
 74
     2
 75
     0
340
5F
 46
0.1
 50
0.0
 44
0.0
 45
-0.175
  9
ZY
 49
-0.9
 74
     4
 75
     0
340
0
 46
1.0
 50
0.0
 44
0.0
 45
0.0
  0
LTYPE
  5
C6
330
5
100
AcDbSymbolTableRecord
100
AcDbLinetypeTableRecord
  2
DASH
 70
     0
  3
__ __ __ __ __ __ __ __ __ __ __ __ __ __ __ __
 72
    65
 73
     2
 40
0.35
 49
0.25
 74
     4
 75
     0
340
0
 46
1.0
 50
0.0
 44
0.0
 45
0.0
 49
-0.1
 74
     4
 75
     0
340
0
 46
1.0
 50
0.0
 44
0.0
 45
0.0
  0
LTYPE
  5
C7
330
5
100
AcDbSymbolTableRecord
100
AcDbLinetypeTableRecord
  2
DASHDOT
 70
     0
  3
Dash dot __ . __ . __ . __ . __ . __ . __ . __
 72
    65
 73
     4
 40
1.0
 49
0.5
 74
     4
 75
     0
340
0
 46
1.0
 50
0.0
 44
0.0
 45
0.0
 49
-0.25
 74
     4
 75
     0
340
0
 46
1.0
 50
0.0
 44
0.0
 45
0.0
 49
0.0
 74
     4
 75
     0
340
0
 46
1.0
 50
0.0
 44
0.0
 45
0.0
 49
-0.25
 74
     4
 75
     0
340
0
 46
1.0
 50
0.0
 44
0.0
 45
0.0
  0
LTYPE
  5
C8
330
5
100
AcDbSymbolTableRecord
100
AcDbLinetypeTableRecord
  2
DASHDOT2
 70
     0
  3
Dash dot (.5x) _._._._._._._._._._._._._._._.
 72
    65
 73
     4
 40
0.5
 49
0.25
 74
     4
 75
     0
340
0
 46
1.0
 50
0.0
 44
0.0
 45
0.0
 49
-0.125
 74
     4
 75
     0
340
0
 46
1.0
 50
0.0
 44
0.0
 45
0.0
 49
0.0
 74
     4
 75
     0
340
0
 46
1.0
 50
0.0
 44
0.0
 45
0.0
 49
-0.125
 74
     4
 75
     0
340
0
 46
1.0
 50
0.0
 44
0.0
 45
0.0
  0
LTYPE
  5
C9
330
5
100
AcDbSymbolTableRecord
100
AcDbLinetypeTableRecord
  2
DASHDOTX2
 70
     0
  3
Dash dot (2x) ____  .  ____  .  ____  .  ___
 72
    65
 73
     4
 40
2.0
 49
1.0
 74
     4
 75
     0
340
0
 46
1.0
 50
0.0
 44
0.0
 45
0.0
 49
-0.5
 74
     4
 75
     0
340
0
 46
1.0
 50
0.0
 44
0.0
 45
0.0
 49
0.0
 74
     4
 75
     0
340
0
 46
1.0
 50
0.0
 44
0.0
 45
0.0
 49
-0.5
 74
     4
 75
     0
340
0
 46
1.0
 50
0.0
 44
0.0
 45
0.0
  0
LTYPE
  5
CA
330
5
100
AcDbSymbolTableRecord
100
AcDbLinetypeTableRecord
  2
DASHED
 70
     0
  3
Dashed __ __ __ __ __ __ __ __ __ __ __ __ __ _
 72
    65
 73
     2
 40
0.75
 49
0.5
 74
     4
 75
     0
340
0
 46
1.0
 50
0.0
 44
0.0
 45
0.0
 49
-0.25
 74
     4
 75
     0
340
0
 46
1.0
 50
0.0
 44
0.0
 45
0.0
  0
LTYPE
  5
CB
330
5
100
AcDbSymbolTableRecord
100
AcDbLinetypeTableRecord
  2
DASHED2
 70
     0
  3
Dashed (.5x) _ _ _ _ _ _ _ _ _ _ _ _ _ _ _ _ _
 72
    65
 73
     2
 40
0.375
 49
0.25
 74
     4
 75
     0
340
0
 46
1.0
 50
0.0
 44
0.0
 45
0.0
 49
-0.125
 74
     4
 75
     0
340
0
 46
1.0
 50
0.0
 44
0.0
 45
0.0
  0
LTYPE
  5
CC
330
5
100
AcDbSymbolTableRecord
100
AcDbLinetypeTableRecord
  2
DASHEDX2
 70
     0
  3
Dashed (2x) ____  ____  ____  ____  ____  ___
 72
    65
 73
     2
 40
1.5
 49
1.0
 74
     4
 75
     0
340
0
 46
1.0
 50
0.0
 44
0.0
 45
0.0
 49
-0.5
 74
     4
 75
     0
340
0
 46
1.0
 50
0.0
 44
0.0
 45
0.0
  0
LTYPE
  5
CD
330
5
100
AcDbSymbolTableRecord
100
AcDbLinetypeTableRecord
  2
DIVIDE
 70
     0
  3
Divide ____ . . ____ . . ____ . . ____ . . ____
 72
    65
 73
     6
 40
1.25
 49
0.5
 74
     4
 75
     0
340
0
 46
1.0
 50
0.0
 44
0.0
 45
0.0
 49
-0.25
 74
     4
 75
     0
340
0
 46
1.0
 50
0.0
 44
0.0
 45
0.0
 49
0.0
 74
     4
 75
     0
340
0
 46
1.0
 50
0.0
 44
0.0
 45
0.0
 49
-0.25
 74
     4
 75
     0
340
0
 46
1.0
 50
0.0
 44
0.0
 45
0.0
 49
0.0
 74
     4
 75
     0
340
0
 46
1.0
 50
0.0
 44
0.0
 45
0.0
 49
-0.25
 74
     4
 75
     0
340
0
 46
1.0
 50
0.0
 44
0.0
 45
0.0
  0
LTYPE
  5
CE
330
5
100
AcDbSymbolTableRecord
100
AcDbLinetypeTableRecord
  2
DIVIDE2
 70
     0
  3
Divide (.5x) __..__..__..__..__..__..__..__.._
 72
    65
 73
     6
 40
0.625
 49
0.25
 74
     4
 75
     0
340
0
 46
1.0
 50
0.0
 44
0.0
 45
0.0
 49
-0.125
 74
     4
 75
     0
340
0
 46
1.0
 50
0.0
 44
0.0
 45
0.0
 49
0.0
 74
     4
 75
     0
340
0
 46
1.0
 50
0.0
 44
0.0
 45
0.0
 49
-0.125
 74
     4
 75
     0
340
0
 46
1.0
 50
0.0
 44
0.0
 45
0.0
 49
0.0
 74
     4
 75
     0
340
0
 46
1.0
 50
0.0
 44
0.0
 45
0.0
 49
-0.125
 74
     4
 75
     0
340
0
 46
1.0
 50
0.0
 44
0.0
 45
0.0
  0
LTYPE
  5
CF
330
5
100
AcDbSymbolTableRecord
100
AcDbLinetypeTableRecord
  2
DIVIDEX2
 70
     0
  3
Divide (2x) ________  .  .  ________  .  .  _
 72
    65
 73
     6
 40
2.5
 49
1.0
 74
     4
 75
     0
340
0
 46
1.0
 50
0.0
 44
0.0
 45
0.0
 49
-0.5
 74
     4
 75
     0
340
0
 46
1.0
 50
0.0
 44
0.0
 45
0.0
 49
0.0
 74
     4
 75
     0
340
0
 46
1.0
 50
0.0
 44
0.0
 45
0.0
 49
-0.5
 74
     4
 75
     0
340
0
 46
1.0
 50
0.0
 44
0.0
 45
0.0
 49
0.0
 74
     4
 75
     0
340
0
 46
1.0
 50
0.0
 44
0.0
 45
0.0
 49
-0.5
 74
     4
 75
     0
340
0
 46
1.0
 50
0.0
 44
0.0
 45
0.0
  0
LTYPE
  5
D0
330
5
100
AcDbSymbolTableRecord
100
AcDbLinetypeTableRecord
  2
DOT
 70
     0
  3
Dot . . . . . . . . . . . . . . . . . . . . . .
 72
    65
 73
     2
 40
0.25
 49
0.0
 74
     4
 75
     0
340
0
 46
1.0
 50
0.0
 44
0.0
 45
0.0
 49
-0.25
 74
     4
 75
     0
340
0
 46
1.0
 50
0.0
 44
0.0
 45
0.0
  0
LTYPE
  5
D1
330
5
100
AcDbSymbolTableRecord
100
AcDbLinetypeTableRecord
  2
DOT2
 70
     0
  3
Dot (.5x) .....................................
 72
    65
 73
     2
 40
0.125
 49
0.0
 74
     4
 75
     0
340
0
 46
1.0
 50
0.0
 44
0.0
 45
0.0
 49
-0.125
 74
     4
 75
     0
340
0
 46
1.0
 50
0.0
 44
0.0
 45
0.0
  0
LTYPE
  5
D2
330
5
100
AcDbSymbolTableRecord
100
AcDbLinetypeTableRecord
  2
DOTE
 70
     0
  3
____ . ____ . ____ . ____ . ____ . ____ . ____ 
 72
    65
 73
     4
 40
2.42
 49
2.0
 74
     4
 75
     0
340
0
 46
1.0
 50
0.0
 44
0.0
 45
0.0
 49
-0.2
 74
     4
 75
     0
340
0
 46
1.0
 50
0.0
 44
0.0
 45
0.0
 49
0.02
 74
     4
 75
     0
340
0
 46
1.0
 50
0.0
 44
0.0
 45
0.0
 49
-0.2
 74
     4
 75
     0
340
0
 46
1.0
 50
0.0
 44
0.0
 45
0.0
  0
LTYPE
  5
D3
330
5
100
AcDbSymbolTableRecord
100
AcDbLinetypeTableRecord
  2
DOTX2
 70
     0
  3
Dot (2x) .  .  .  .  .  .  .  .  .  .  .  .  . 
 72
    65
 73
     2
 40
0.5
 49
0.0
 74
     4
 75
     0
340
0
 46
1.0
 50
0.0
 44
0.0
 45
0.0
 49
-0.5
 74
     4
 75
     0
340
0
 46
1.0
 50
0.0
 44
0.0
 45
0.0
  0
LTYPE
  5
D4
330
5
100
AcDbSymbolTableRecord
100
AcDbLinetypeTableRecord
  2
FENCELINE1
 70
     0
  3
Fenceline circle ----0-----0----0-----0----0---
 72
    65
 73
     4
 40
1.45
 49
0.25
 74
     4
 75
     0
340
0
 46
1.0
 50
0.0
 44
0.0
 45
0.0
 49
-0.1
 74
     4
 75
   133
340
5F
 46
0.1
 50
0.0
 44
-0.1
 45
0.0
 49
-0.1
 74
     4
 75
     0
340
0
 46
1.0
 50
0.0
 44
0.0
 45
0.0
 49
1.0
 74
     4
 75
     0
340
0
 46
1.0
 50
0.0
 44
0.0
 45
0.0
  0
LTYPE
  5
D5
330
5
100
AcDbSymbolTableRecord
100
AcDbLinetypeTableRecord
  2
FENCELINE2
 70
     0
  3
Fenceline square ----[]-----[]----[]-----[]----
 72
    65
 73
     4
 40
1.45
 49
0.25
 74
     4
 75
     0
340
0
 46
1.0
 50
0.0
 44
0.0
 45
0.0
 49
-0.1
 74
     4
 75
   132
340
5F
 46
0.1
 50
0.0
 44
-0.1
 45
0.0
 49
-0.1
 74
     4
 75
     0
340
0
 46
1.0
 50
0.0
 44
0.0
 45
0.0
 49
1.0
 74
     4
 75
     0
340
0
 46
1.0
 50
0.0
 44
0.0
 45
0.0
  0
LTYPE
  5
D6
330
5
100
AcDbSymbolTableRecord
100
AcDbLinetypeTableRecord
  2
GAS_LINE
 70
     0
  3
Gas line ----GAS----GAS----GAS----GAS----GAS---
 72
    65
 73
     3
 40
1.75
 49
0.5
 74
     4
 75
     0
340
0
 46
1.0
 50
0.0
 44
0.0
 45
0.0
 49
-1.25
 74
    10
 75
     0
340
60
 46
0.3
 50
0.0
 44
-1.0
 45
-0.15
  9
GAS
 49
0.0
 74
     4
 75
     0
340
0
 46
1.0
 50
0.0
 44
0.0
 45
0.0
  0
LTYPE
  5
D7
330
5
100
AcDbSymbolTableRecord
100
AcDbLinetypeTableRecord
  2
HIDDEN
 70
     0
  3
Hidden __ __ __ __ __ __ __ __ __ __ __ __ __ _
 72
    65
 73
     2
 40
0.375
 49
0.25
 74
     4
 75
     0
340
0
 46
1.0
 50
0.0
 44
0.0
 45
0.0
 49
-0.125
 74
     4
 75
     0
340
0
 46
1.0
 50
0.0
 44
0.0
 45
0.0
  0
LTYPE
  5
D8
330
5
100
AcDbSymbolTableRecord
100
AcDbLinetypeTableRecord
  2
HIDDEN2
 70
     0
  3
Hidden (.5x) _ _ _ _ _ _ _ _ _ _ _ _ _ _ _ _ _
 72
    65
 73
     2
 40
0.1875
 49
0.125
 74
     4
 75
     0
340
0
 46
1.0
 50
0.0
 44
0.0
 45
0.0
 49
-0.0625
 74
     4
 75
     0
340
0
 46
1.0
 50
0.0
 44
0.0
 45
0.0
  0
LTYPE
  5
D9
330
5
100
AcDbSymbolTableRecord
100
AcDbLinetypeTableRecord
  2
HIDDENX2
 70
     0
  3
Hidden (2x) ____ ____ ____ ____ ____ ____ ____
 72
    65
 73
     2
 40
0.75
 49
0.5
 74
     4
 75
     0
340
0
 46
1.0
 50
0.0
 44
0.0
 45
0.0
 49
-0.25
 74
     4
 75
     0
340
0
 46
1.0
 50
0.0
 44
0.0
 45
0.0
  0
LTYPE
  5
DA
330
5
100
AcDbSymbolTableRecord
100
AcDbLinetypeTableRecord
  2
HOT_WATER_SUPPLY
 70
     0
  3
Hot water supply ---- HW ---- HW ---- HW ----
 72
    65
 73
     3
 40
0.9
 49
0.5
 74
     4
 75
     0
340
0
 46
1.0
 50
0.0
 44
0.0
 45
0.0
 49
-0.2
 74
    10
 75
     0
340
60
 46
0.1
 50
0.0
 44
-0.1
 45
-0.05
  9
HW
 49
-0.2
 74
     4
 75
     0
340
0
 46
1.0
 50
0.0
 44
0.0
 45
0.0
  0
LTYPE
  5
DB
330
5
100
AcDbSymbolTableRecord
100
AcDbLinetypeTableRecord
  2
JIS_02_4.0
 70
     0
  3
HIDDEN04 ____ ____ ____ ____ ____ ____ ____
 72
    65
 73
     2
 40
5.5
 49
4.0
 74
     4
 75
     0
340
0
 46
1.0
 50
0.0
 44
0.0
 45
0.0
 49
-1.5
 74
     4
 75
     0
340
0
 46
1.0
 50
0.0
 44
0.0
 45
0.0
  0
LTYPE
  5
DC
330
5
100
AcDbSymbolTableRecord
100
AcDbLinetypeTableRecord
  2
PHANTOM
 70
     0
  3
Phantom ______  __  __  ______  __  __  ______
 72
    65
 73
     6
 40
2.5
 49
1.25
 74
     4
 75
     0
340
0
 46
1.0
 50
0.0
 44
0.0
 45
0.0
 49
-0.25
 74
     4
 75
     0
340
0
 46
1.0
 50
0.0
 44
0.0
 45
0.0
 49
0.25
 74
     4
 75
     0
340
0
 46
1.0
 50
0.0
 44
0.0
 45
0.0
 49
-0.25
 74
     4
 75
     0
340
0
 46
1.0
 50
0.0
 44
0.0
 45
0.0
 49
0.25
 74
     4
 75
     0
340
0
 46
1.0
 50
0.0
 44
0.0
 45
0.0
 49
-0.25
 74
     4
 75
     0
340
0
 46
1.0
 50
0.0
 44
0.0
 45
0.0
  0
LTYPE
  5
DD
330
5
100
AcDbSymbolTableRecord
100
AcDbLinetypeTableRecord
  2
PHANTOM2
 70
     0
  3
Phantom (.5x) ___ _ _ ___ _ _ ___ _ _ ___ _ _
 72
    65
 73
     6
 40
1.25
 49
0.625
 74
     4
 75
     0
340
0
 46
1.0
 50
0.0
 44
0.0
 45
0.0
 49
-0.125
 74
     4
 75
     0
340
0
 46
1.0
 50
0.0
 44
0.0
 45
0.0
 49
0.125
 74
     4
 75
     0
340
0
 46
1.0
 50
0.0
 44
0.0
 45
0.0
 49
-0.125
 74
     4
 75
     0
340
0
 46
1.0
 50
0.0
 44
0.0
 45
0.0
 49
0.125
 74
     4
 75
     0
340
0
 46
1.0
 50
0.0
 44
0.0
 45
0.0
 49
-0.125
 74
     4
 75
     0
340
0
 46
1.0
 50
0.0
 44
0.0
 45
0.0
  0
LTYPE
  5
DE
330
5
100
AcDbSymbolTableRecord
100
AcDbLinetypeTableRecord
  2
PHANTOM3
 70
     0
  3
___ _ _ _ ___ _ _ _ ___ _ _ _ ___ _ _ _ ___ _ _
 72
    65
 73
     8
 40
1.5
 49
0.625
 74
     4
 75
     0
340
0
 46
1.0
 50
0.0
 44
0.0
 45
0.0
 49
-0.125
 74
     4
 75
     0
340
0
 46
1.0
 50
0.0
 44
0.0
 45
0.0
 49
0.125
 74
     4
 75
     0
340
0
 46
1.0
 50
0.0
 44
0.0
 45
0.0
 49
-0.125
 74
     4
 75
     0
340
0
 46
1.0
 50
0.0
 44
0.0
 45
0.0
 49
0.125
 74
     4
 75
     0
340
0
 46
1.0
 50
0.0
 44
0.0
 45
0.0
 49
-0.125
 74
     4
 75
     0
340
0
 46
1.0
 50
0.0
 44
0.0
 45
0.0
 49
0.125
 74
     4
 75
     0
340
0
 46
1.0
 50
0.0
 44
0.0
 45
0.0
 49
-0.125
 74
     4
 75
     0
340
0
 46
1.0
 50
0.0
 44
0.0
 45
0.0
  0
LTYPE
  5
DF
330
5
100
AcDbSymbolTableRecord
100
AcDbLinetypeTableRecord
  2
PHANTOMX2
 70
     0
  3
Phantom (2x) ____________    ____    ____   _
 72
    65
 73
     6
 40
5.0
 49
2.5
 74
     4
 75
     0
340
0
 46
1.0
 50
0.0
 44
0.0
 45
0.0
 49
-0.5
 74
     4
 75
     0
340
0
 46
1.0
 50
0.0
 44
0.0
 45
0.0
 49
0.5
 74
     4
 75
     0
340
0
 46
1.0
 50
0.0
 44
0.0
 45
0.0
 49
-0.5
 74
     4
 75
     0
340
0
 46
1.0
 50
0.0
 44
0.0
 45
0.0
 49
0.5
 74
     4
 75
     0
340
0
 46
1.0
 50
0.0
 44
0.0
 45
0.0
 49
-0.5
 74
     4
 75
     0
340
0
 46
1.0
 50
0.0
 44
0.0
 45
0.0
  0
LTYPE
  5
E0
330
5
100
AcDbSymbolTableRecord
100
AcDbLinetypeTableRecord
  2
TG_BC
 70
     0
  3
----BC----BC----
 72
    65
 73
     3
 40
2.85
 49
2.0
 74
     4
 75
     0
340
0
 46
1.0
 50
0.0
 44
0.0
 45
0.0
 49
-0.85
 74
     2
 75
     0
340
5F
 46
0.1
 50
0.0
 44
-0.65
 45
-0.15
  9
BC
 49
0.0
 74
     4
 75
     0
340
0
 46
1.0
 50
0.0
 44
0.0
 45
0.0
  0
LTYPE
  5
E1
330
5
100
AcDbSymbolTableRecord
100
AcDbLinetypeTableRecord
  2
TG_BS
 70
     0
  3
----BS----BS----
 72
    65
 73
     3
 40
2.6
 49
2.0
 74
     4
 75
     0
340
0
 46
1.0
 50
0.0
 44
0.0
 45
0.0
 49
-0.6
 74
     2
 75
     0
340
5F
 46
0.1
 50
0.0
 44
-0.52
 45
-0.15
  9
BS
 49
0.0
 74
     4
 75
     0
340
0
 46
1.0
 50
0.0
 44
0.0
 45
0.0
  0
LTYPE
  5
E2
330
5
100
AcDbSymbolTableRecord
100
AcDbLinetypeTableRecord
  2
TG_C
 70
     0
  3
----C----C----
 72
    65
 73
     3
 40
2.3
 49
2.0
 74
     4
 75
     0
340
0
 46
1.0
 50
0.0
 44
0.0
 45
0.0
 49
-0.3
 74
     2
 75
     0
340
5F
 46
0.1
 50
0.0
 44
-0.25
 45
-0.15
  9
C
 49
0.0
 74
     4
 75
     0
340
0
 46
1.0
 50
0.0
 44
0.0
 45
0.0
  0
LTYPE
  5
E3
330
5
100
AcDbSymbolTableRecord
100
AcDbLinetypeTableRecord
  2
TG_D
 70
     0
  3
----D----D----
 72
    65
 73
     3
 40
2.3
 49
2.0
 74
     4
 75
     0
340
0
 46
1.0
 50
0.0
 44
0.0
 45
0.0
 49
-0.3
 74
     2
 75
     0
340
5F
 46
0.1
 50
0.0
 44
-0.23
 45
-0.15
  9
D
 49
0.0
 74
     4
 75
     0
340
0
 46
1.0
 50
0.0
 44
0.0
 45
0.0
  0
LTYPE
  5
E4
330
5
100
AcDbSymbolTableRecord
100
AcDbLinetypeTableRecord
  2
TG_E
 70
     0
  3
----E----E----
 72
    65
 73
     3
 40
2.3
 49
2.0
 74
     4
 75
     0
340
0
 46
1.0
 50
0.0
 44
0.0
 45
0.0
 49
-0.3
 74
     2
 75
     0
340
5F
 46
0.1
 50
0.0
 44
-0.23
 45
-0.15
  9
E
 49
0.0
 74
     4
 75
     0
340
0
 46
1.0
 50
0.0
 44
0.0
 45
0.0
  0
LTYPE
  5
E5
330
5
100
AcDbSymbolTableRecord
100
AcDbLinetypeTableRecord
  2
TG_EL
 70
     0
  3
----EL----EL----
 72
    65
 73
     3
 40
2.78
 49
2.0
 74
     4
 75
     0
340
0
 46
1.0
 50
0.0
 44
0.0
 45
0.0
 49
-0.78
 74
     2
 75
     0
340
5F
 46
0.1
 50
0.0
 44
-0.58
 45
-0.15
  9
EL
 49
0.0
 74
     4
 75
     0
340
0
 46
1.0
 50
0.0
 44
0.0
 45
0.0
  0
LTYPE
  5
E6
330
5
100
AcDbSymbolTableRecord
100
AcDbLinetypeTableRecord
  2
TG_F
 70
     0
  3
----F----F----
 72
    65
 73
     3
 40
2.4
 49
2.0
 74
     4
 75
     0
340
0
 46
1.0
 50
0.0
 44
0.0
 45
0.0
 49
-0.4
 74
     2
 75
     0
340
5F
 46
0.1
 50
0.0
 44
-0.28
 45
-0.15
  9
F
 49
0.0
 74
     4
 75
     0
340
0
 46
1.0
 50
0.0
 44
0.0
 45
0.0
  0
LTYPE
  5
E7
330
5
100
AcDbSymbolTableRecord
100
AcDbLinetypeTableRecord
  2
TG_fg
 70
     0
  3
----fg----fg----
 72
    65
 73
     3
 40
2.6
 49
2.0
 74
     4
 75
     0
340
0
 46
1.0
 50
0.0
 44
0.0
 45
0.0
 49
-0.6
 74
     2
 75
     0
340
5F
 46
0.1
 50
0.0
 44
-0.52
 45
-0.15
  9
fg
 49
0.0
 74
     4
 75
     0
340
0
 46
1.0
 50
0.0
 44
0.0
 45
0.0
  0
LTYPE
  5
E8
330
5
100
AcDbSymbolTableRecord
100
AcDbLinetypeTableRecord
  2
TG_GCS
 70
     0
  3
----GCS----GCS----
 72
    65
 73
     3
 40
3.0
 49
2.0
 74
     4
 75
     0
340
0
 46
1.0
 50
0.0
 44
0.0
 45
0.0
 49
-1.0
 74
     2
 75
     0
340
5F
 46
0.1
 50
0.0
 44
-0.9
 45
-0.15
  9
GCS
 49
0.0
 74
     4
 75
     0
340
0
 46
1.0
 50
0.0
 44
0.0
 45
0.0
  0
LTYPE
  5
E9
330
5
100
AcDbSymbolTableRecord
100
AcDbLinetypeTableRecord
  2
TG_h
 70
     0
  3
----h----h----
 72
    65
 73
     3
 40
2.3
 49
2.0
 74
     4
 75
     0
340
0
 46
1.0
 50
0.0
 44
0.0
 45
0.0
 49
-0.3
 74
     2
 75
     0
340
5F
 46
0.1
 50
0.0
 44
-0.23
 45
-0.15
  9
h
 49
0.0
 74
     4
 75
     0
340
0
 46
1.0
 50
0.0
 44
0.0
 45
0.0
  0
LTYPE
  5
EA
330
5
100
AcDbSymbolTableRecord
100
AcDbLinetypeTableRecord
  2
TG_H1
 70
     0
  3
----H1----H1----
 72
    65
 73
     3
 40
2.6
 49
2.0
 74
     4
 75
     0
340
0
 46
1.0
 50
0.0
 44
0.0
 45
0.0
 49
-0.6
 74
     2
 75
     0
340
5F
 46
0.1
 50
0.0
 44
-0.52
 45
-0.15
  9
H1
 49
0.0
 74
     4
 75
     0
340
0
 46
1.0
 50
0.0
 44
0.0
 45
0.0
  0
LTYPE
  5
EB
330
5
100
AcDbSymbolTableRecord
100
AcDbLinetypeTableRecord
  2
TG_HR1
 70
     0
  3
----HR1----HR1----
 72
    65
 73
     3
 40
2.9
 49
2.0
 74
     4
 75
     0
340
0
 46
1.0
 50
0.0
 44
0.0
 45
0.0
 49
-0.9
 74
     2
 75
     0
340
5F
 46
0.1
 50
0.0
 44
-0.8
 45
-0.15
  9
HR1
 49
0.0
 74
     4
 75
     0
340
0
 46
1.0
 50
0.0
 44
0.0
 45
0.0
  0
LTYPE
  5
EC
330
5
100
AcDbSymbolTableRecord
100
AcDbLinetypeTableRecord
  2
TG_J
 70
     0
  3
----J----J----
 72
    65
 73
     3
 40
2.3
 49
2.0
 74
     4
 75
     0
340
0
 46
1.0
 50
0.0
 44
0.0
 45
0.0
 49
-0.3
 74
     2
 75
     0
340
5F
 46
0.1
 50
0.0
 44
-0.23
 45
-0.15
  9
J
 49
0.0
 74
     4
 75
     0
340
0
 46
1.0
 50
0.0
 44
0.0
 45
0.0
  0
LTYPE
  5
ED
330
5
100
AcDbSymbolTableRecord
100
AcDbLinetypeTableRecord
  2
TG_KLG
 70
     0
  3
----KLG----KLG----
 72
    65
 73
     3
 40
2.9
 49
2.0
 74
     4
 75
     0
340
0
 46
1.0
 50
0.0
 44
0.0
 45
0.0
 49
-0.9
 74
     2
 75
     0
340
5F
 46
0.1
 50
0.0
 44
-0.8
 45
-0.15
  9
KLG
 49
0.0
 74
     4
 75
     0
340
0
 46
1.0
 50
0.0
 44
0.0
 45
0.0
  0
LTYPE
  5
EE
330
5
100
AcDbSymbolTableRecord
100
AcDbLinetypeTableRecord
  2
TG_KLH
 70
     0
  3
----KLH----KLH----
 72
    65
 73
     3
 40
2.9
 49
2.0
 74
     4
 75
     0
340
0
 46
1.0
 50
0.0
 44
0.0
 45
0.0
 49
-0.9
 74
     2
 75
     0
340
5F
 46
0.1
 50
0.0
 44
-0.8
 45
-0.15
  9
KLH
 49
0.0
 74
     4
 75
     0
340
0
 46
1.0
 50
0.0
 44
0.0
 45
0.0
  0
LTYPE
  5
EF
330
5
100
AcDbSymbolTableRecord
100
AcDbLinetypeTableRecord
  2
TG_KLN
 70
     0
  3
----KLN----KLN----
 72
    65
 73
     3
 40
2.9
 49
2.0
 74
     4
 75
     0
340
0
 46
1.0
 50
0.0
 44
0.0
 45
0.0
 49
-0.9
 74
     2
 75
     0
340
5F
 46
0.1
 50
0.0
 44
-0.8
 45
-0.15
  9
KLN
 49
0.0
 74
     4
 75
     0
340
0
 46
1.0
 50
0.0
 44
0.0
 45
0.0
  0
LTYPE
  5
F0
330
5
100
AcDbSymbolTableRecord
100
AcDbLinetypeTableRecord
  2
TG_KLQG
 70
     0
  3
----KLQG----KLQG----
 72
    65
 73
     3
 40
3.2
 49
2.0
 74
     4
 75
     0
340
0
 46
1.0
 50
0.0
 44
0.0
 45
0.0
 49
-1.2
 74
     2
 75
     0
340
5F
 46
0.1
 50
0.0
 44
-1.1
 45
-0.15
  9
KLQG
 49
0.0
 74
     4
 75
     0
340
0
 46
1.0
 50
0.0
 44
0.0
 45
0.0
  0
LTYPE
  5
F1
330
5
100
AcDbSymbolTableRecord
100
AcDbLinetypeTableRecord
  2
TG_KLQH
 70
     0
  3
----KLQH----KLQH----
 72
    65
 73
     3
 40
3.2
 49
2.0
 74
     4
 75
     0
340
0
 46
1.0
 50
0.0
 44
0.0
 45
0.0
 49
-1.2
 74
     2
 75
     0
340
5F
 46
0.1
 50
0.0
 44
-1.1
 45
-0.15
  9
KLQH
 49
0.0
 74
     4
 75
     0
340
0
 46
1.0
 50
0.0
 44
0.0
 45
0.0
  0
LTYPE
  5
F2
330
5
100
AcDbSymbolTableRecord
100
AcDbLinetypeTableRecord
  2
TG_KLRG
 70
     0
  3
----KLRG----KLRG----
 72
    65
 73
     3
 40
3.2
 49
2.0
 74
     4
 75
     0
340
0
 46
1.0
 50
0.0
 44
0.0
 45
0.0
 49
-1.2
 74
     2
 75
     0
340
5F
 46
0.1
 50
0.0
 44
-1.1
 45
-0.15
  9
KLRG
 49
0.0
 74
     4
 75
     0
340
0
 46
1.0
 50
0.0
 44
0.0
 45
0.0
  0
LTYPE
  5
F3
330
5
100
AcDbSymbolTableRecord
100
AcDbLinetypeTableRecord
  2
TG_KLRH
 70
     0
  3
----KLRH----KLRH----
 72
    65
 73
     3
 40
3.2
 49
2.0
 74
     4
 75
     0
340
0
 46
1.0
 50
0.0
 44
0.0
 45
0.0
 49
-1.2
 74
     2
 75
     0
340
5F
 46
0.1
 50
0.0
 44
-1.1
 45
-0.15
  9
KLRH
 49
0.0
 74
     4
 75
     0
340
0
 46
1.0
 50
0.0
 44
0.0
 45
0.0
  0
LTYPE
  5
F4
330
5
100
AcDbSymbolTableRecord
100
AcDbLinetypeTableRecord
  2
TG_KQT
 70
     0
  3
----KQT----KQT----
 72
    65
 73
     3
 40
2.9
 49
2.0
 74
     4
 75
     0
340
0
 46
1.0
 50
0.0
 44
0.0
 45
0.0
 49
-0.9
 74
     2
 75
     0
340
5F
 46
0.1
 50
0.0
 44
-0.8
 45
-0.15
  9
KQT
 49
0.0
 74
     4
 75
     0
340
0
 46
1.0
 50
0.0
 44
0.0
 45
0.0
  0
LTYPE
  5
F5
330
5
100
AcDbSymbolTableRecord
100
AcDbLinetypeTableRecord
  2
TG_KRG
 70
     0
  3
----KRG----KRG----
 72
    65
 73
     3
 40
3.1
 49
2.0
 74
     4
 75
     0
340
0
 46
1.0
 50
0.0
 44
0.0
 45
0.0
 49
-1.1
 74
     2
 75
     0
340
5F
 46
0.1
 50
0.0
 44
-0.95
 45
-0.15
  9
KRG
 49
0.0
 74
     4
 75
     0
340
0
 46
1.0
 50
0.0
 44
0.0
 45
0.0
  0
LTYPE
  5
F6
330
5
100
AcDbSymbolTableRecord
100
AcDbLinetypeTableRecord
  2
TG_KRG1
 70
     0
  3
----KRG1----KRG1----
 72
    65
 73
     3
 40
5.6
 49
5.0
 74
     4
 75
     0
340
0
 46
1.0
 50
0.0
 44
0.0
 45
0.0
 49
-0.6
 74
     2
 75
     0
340
5F
 46
0.1
 50
0.0
 44
-0.52
 45
-0.15
  9
KRG1
 49
0.0
 74
     4
 75
     0
340
0
 46
1.0
 50
0.0
 44
0.0
 45
0.0
  0
LTYPE
  5
F7
330
5
100
AcDbSymbolTableRecord
100
AcDbLinetypeTableRecord
  2
TG_KRH
 70
     0
  3
----KRH----KRH----
 72
    65
 73
     3
 40
3.1
 49
2.0
 74
     4
 75
     0
340
0
 46
1.0
 50
0.0
 44
0.0
 45
0.0
 49
-1.1
 74
     2
 75
     0
340
5F
 46
0.1
 50
0.0
 44
-0.95
 45
-0.15
  9
KRH
 49
0.0
 74
     4
 75
     0
340
0
 46
1.0
 50
0.0
 44
0.0
 45
0.0
  0
LTYPE
  5
F8
330
5
100
AcDbSymbolTableRecord
100
AcDbLinetypeTableRecord
  2
TG_LG
 70
     0
  3
----LG----LG----
 72
    65
 73
     3
 40
2.6
 49
2.0
 74
     4
 75
     0
340
0
 46
1.0
 50
0.0
 44
0.0
 45
0.0
 49
-0.6
 74
     2
 75
     0
340
5F
 46
0.1
 50
0.0
 44
-0.52
 45
-0.15
  9
LG
 49
0.0
 74
     4
 75
     0
340
0
 46
1.0
 50
0.0
 44
0.0
 45
0.0
  0
LTYPE
  5
F9
330
5
100
AcDbSymbolTableRecord
100
AcDbLinetypeTableRecord
  2
TG_LH
 70
     0
  3
----LH----LH----
 72
    65
 73
     3
 40
2.6
 49
2.0
 74
     4
 75
     0
340
0
 46
1.0
 50
0.0
 44
0.0
 45
0.0
 49
-0.6
 74
     2
 75
     0
340
5F
 46
0.1
 50
0.0
 44
-0.52
 45
-0.15
  9
LH
 49
0.0
 74
     4
 75
     0
340
0
 46
1.0
 50
0.0
 44
0.0
 45
0.0
  0
LTYPE
  5
FA
330
5
100
AcDbSymbolTableRecord
100
AcDbLinetypeTableRecord
  2
TG_LM
 70
     0
  3
----LM----LM----
 72
    65
 73
     3
 40
2.6
 49
2.0
 74
     4
 75
     0
340
0
 46
1.0
 50
0.0
 44
0.0
 45
0.0
 49
-0.6
 74
     2
 75
     0
340
5F
 46
0.1
 50
0.0
 44
-0.52
 45
-0.15
  9
LM
 49
0.0
 74
     4
 75
     0
340
0
 46
1.0
 50
0.0
 44
0.0
 45
0.0
  0
LTYPE
  5
FB
330
5
100
AcDbSymbolTableRecord
100
AcDbLinetypeTableRecord
  2
TG_LP
 70
     0
  3
----LP----LP----
 72
    65
 73
     3
 40
2.78
 49
2.0
 74
     4
 75
     0
340
0
 46
1.0
 50
0.0
 44
0.0
 45
0.0
 49
-0.78
 74
     2
 75
     0
340
5F
 46
0.1
 50
0.0
 44
-0.6
 45
-0.15
  9
LP
 49
0.0
 74
     4
 75
     0
340
0
 46
1.0
 50
0.0
 44
0.0
 45
0.0
  0
LTYPE
  5
FC
330
5
100
AcDbSymbolTableRecord
100
AcDbLinetypeTableRecord
  2
TG_LQ1
 70
     0
  3
----LQ1----LQ1----
 72
    65
 73
     3
 40
2.9
 49
2.0
 74
     4
 75
     0
340
0
 46
1.0
 50
0.0
 44
0.0
 45
0.0
 49
-0.9
 74
     2
 75
     0
340
5F
 46
0.1
 50
0.0
 44
-0.8
 45
-0.15
  9
LQ1
 49
0.0
 74
     4
 75
     0
340
0
 46
1.0
 50
0.0
 44
0.0
 45
0.0
  0
LTYPE
  5
FD
330
5
100
AcDbSymbolTableRecord
100
AcDbLinetypeTableRecord
  2
TG_LQ2
 70
     0
  3
----LQ2----LQ2----
 72
    65
 73
     3
 40
2.9
 49
2.0
 74
     4
 75
     0
340
0
 46
1.0
 50
0.0
 44
0.0
 45
0.0
 49
-0.9
 74
     2
 75
     0
340
5F
 46
0.1
 50
0.0
 44
-0.8
 45
-0.15
  9
LQ2
 49
0.0
 74
     4
 75
     0
340
0
 46
1.0
 50
0.0
 44
0.0
 45
0.0
  0
LTYPE
  5
FE
330
5
100
AcDbSymbolTableRecord
100
AcDbLinetypeTableRecord
  2
TG_LQG
 70
     0
  3
----LQG----LQG----
 72
    65
 73
     3
 40
3.1
 49
2.0
 74
     4
 75
     0
340
0
 46
1.0
 50
0.0
 44
0.0
 45
0.0
 49
-1.1
 74
     2
 75
     0
340
5F
 46
0.1
 50
0.0
 44
-0.95
 45
-0.15
  9
LQG
 49
0.0
 74
     4
 75
     0
340
0
 46
1.0
 50
0.0
 44
0.0
 45
0.0
  0
LTYPE
  5
FF
330
5
100
AcDbSymbolTableRecord
100
AcDbLinetypeTableRecord
  2
TG_LQH
 70
     0
  3
----LQH----LQH----
 72
    65
 73
     3
 40
3.1
 49
2.0
 74
     4
 75
     0
340
0
 46
1.0
 50
0.0
 44
0.0
 45
0.0
 49
-1.1
 74
     2
 75
     0
340
5F
 46
0.1
 50
0.0
 44
-0.95
 45
-0.15
  9
LQH
 49
0.0
 74
     4
 75
     0
340
0
 46
1.0
 50
0.0
 44
0.0
 45
0.0
  0
LTYPE
  5
100
330
5
100
AcDbSymbolTableRecord
100
AcDbLinetypeTableRecord
  2
TG_LRG
 70
     0
  3
----LRG----LRG----
 72
    65
 73
     3
 40
3.1
 49
2.0
 74
     4
 75
     0
340
0
 46
1.0
 50
0.0
 44
0.0
 45
0.0
 49
-1.1
 74
     2
 75
     0
340
5F
 46
0.1
 50
0.0
 44
-0.95
 45
-0.15
  9
LRG
 49
0.0
 74
     4
 75
     0
340
0
 46
1.0
 50
0.0
 44
0.0
 45
0.0
  0
LTYPE
  5
101
330
5
100
AcDbSymbolTableRecord
100
AcDbLinetypeTableRecord
  2
TG_LRH
 70
     0
  3
----LRH----LRH----
 72
    65
 73
     3
 40
3.1
 49
2.0
 74
     4
 75
     0
340
0
 46
1.0
 50
0.0
 44
0.0
 45
0.0
 49
-1.1
 74
     2
 75
     0
340
5F
 46
0.1
 50
0.0
 44
-0.95
 45
-0.15
  9
LRH
 49
0.0
 74
     4
 75
     0
340
0
 46
1.0
 50
0.0
 44
0.0
 45
0.0
  0
LTYPE
  5
102
330
5
100
AcDbSymbolTableRecord
100
AcDbLinetypeTableRecord
  2
TG_N
 70
     0
  3
----N----N----
 72
    65
 73
     3
 40
2.3
 49
2.0
 74
     4
 75
     0
340
0
 46
1.0
 50
0.0
 44
0.0
 45
0.0
 49
-0.3
 74
     2
 75
     0
340
5F
 46
0.1
 50
0.0
 44
-0.23
 45
-0.15
  9
N
 49
0.0
 74
     4
 75
     0
340
0
 46
1.0
 50
0.0
 44
0.0
 45
0.0
  0
LTYPE
  5
103
330
5
100
AcDbSymbolTableRecord
100
AcDbLinetypeTableRecord
  2
TG_P
 70
     0
  3
----P----P----
 72
    65
 73
     3
 40
2.3
 49
2.0
 74
     4
 75
     0
340
0
 46
1.0
 50
0.0
 44
0.0
 45
0.0
 49
-0.3
 74
     2
 75
     0
340
5F
 46
0.1
 50
0.0
 44
-0.25
 45
-0.15
  9
P
 49
0.0
 74
     4
 75
     0
340
0
 46
1.0
 50
0.0
 44
0.0
 45
0.0
  0
LTYPE
  5
104
330
5
100
AcDbSymbolTableRecord
100
AcDbLinetypeTableRecord
  2
TG_PZ
 70
     0
  3
----PZ----PZ----
 72
    65
 73
     3
 40
2.6
 49
2.0
 74
     4
 75
     0
340
0
 46
1.0
 50
0.0
 44
0.0
 45
0.0
 49
-0.6
 74
     2
 75
     0
340
5F
 46
0.1
 50
0.0
 44
-0.52
 45
-0.15
  9
PZ
 49
0.0
 74
     4
 75
     0
340
0
 46
1.0
 50
0.0
 44
0.0
 45
0.0
  0
LTYPE
  5
105
330
5
100
AcDbSymbolTableRecord
100
AcDbLinetypeTableRecord
  2
TG_r
 70
     0
  3
----r----r----
 72
    65
 73
     3
 40
2.3
 49
2.0
 74
     4
 75
     0
340
0
 46
1.0
 50
0.0
 44
0.0
 45
0.0
 49
-0.3
 74
     2
 75
     0
340
5F
 46
0.1
 50
0.0
 44
-0.16
 45
-0.15
  9
r
 49
0.0
 74
     4
 75
     0
340
0
 46
1.0
 50
0.0
 44
0.0
 45
0.0
  0
LTYPE
  5
106
330
5
100
AcDbSymbolTableRecord
100
AcDbLinetypeTableRecord
  2
TG_R1G
 70
     0
  3
----R1G----R1G----
 72
    65
 73
     3
 40
3.0
 49
2.0
 74
     4
 75
     0
340
0
 46
1.0
 50
0.0
 44
0.0
 45
0.0
 49
-1.0
 74
     2
 75
     0
340
5F
 46
0.1
 50
0.0
 44
-0.85
 45
-0.15
  9
R1G
 49
0.0
 74
     4
 75
     0
340
0
 46
1.0
 50
0.0
 44
0.0
 45
0.0
  0
LTYPE
  5
107
330
5
100
AcDbSymbolTableRecord
100
AcDbLinetypeTableRecord
  2
TG_R1H
 70
     0
  3
----R1H----R1H----
 72
    65
 73
     3
 40
3.0
 49
2.0
 74
     4
 75
     0
340
0
 46
1.0
 50
0.0
 44
0.0
 45
0.0
 49
-1.0
 74
     2
 75
     0
340
5F
 46
0.1
 50
0.0
 44
-0.85
 45
-0.15
  9
R1H
 49
0.0
 74
     4
 75
     0
340
0
 46
1.0
 50
0.0
 44
0.0
 45
0.0
  0
LTYPE
  5
108
330
5
100
AcDbSymbolTableRecord
100
AcDbLinetypeTableRecord
  2
TG_RG
 70
     0
  3
----RG----RG----
 72
    65
 73
     3
 40
2.6
 49
2.0
 74
     4
 75
     0
340
0
 46
1.0
 50
0.0
 44
0.0
 45
0.0
 49
-0.6
 74
     2
 75
     0
340
5F
 46
0.1
 50
0.0
 44
-0.52
 45
-0.15
  9
RG
 49
0.0
 74
     4
 75
     0
340
0
 46
1.0
 50
0.0
 44
0.0
 45
0.0
  0
LTYPE
  5
109
330
5
100
AcDbSymbolTableRecord
100
AcDbLinetypeTableRecord
  2
TG_RH
 70
     0
  3
----RH----RH----
 72
    65
 73
     3
 40
2.6
 49
2.0
 74
     4
 75
     0
340
0
 46
1.0
 50
0.0
 44
0.0
 45
0.0
 49
-0.6
 74
     2
 75
     0
340
5F
 46
0.1
 50
0.0
 44
-0.52
 45
-0.15
  9
RH
 49
0.0
 74
     4
 75
     0
340
0
 46
1.0
 50
0.0
 44
0.0
 45
0.0
  0
LTYPE
  5
10A
330
5
100
AcDbSymbolTableRecord
100
AcDbLinetypeTableRecord
  2
TG_S
 70
     0
  3
----S----S----
 72
    65
 73
     3
 40
2.3
 49
2.0
 74
     4
 75
     0
340
0
 46
1.0
 50
0.0
 44
0.0
 45
0.0
 49
-0.3
 74
     2
 75
     0
340
5F
 46
0.1
 50
0.0
 44
-0.25
 45
-0.15
  9
S
 49
0.0
 74
     4
 75
     0
340
0
 46
1.0
 50
0.0
 44
0.0
 45
0.0
  0
LTYPE
  5
10B
330
5
100
AcDbSymbolTableRecord
100
AcDbLinetypeTableRecord
  2
TG_S1
 70
     0
  3
----S1----S1----
 72
    65
 73
     3
 40
2.78
 49
2.0
 74
     4
 75
     0
340
0
 46
1.0
 50
0.0
 44
0.0
 45
0.0
 49
-0.78
 74
     2
 75
     0
340
5F
 46
0.1
 50
0.0
 44
-0.58
 45
-0.15
  9
S1
 49
0.0
 74
     4
 75
     0
340
0
 46
1.0
 50
0.0
 44
0.0
 45
0.0
  0
LTYPE
  5
10C
330
5
100
AcDbSymbolTableRecord
100
AcDbLinetypeTableRecord
  2
TG_S2
 70
     0
  3
----S2----S2----
 72
    65
 73
     3
 40
2.78
 49
2.0
 74
     4
 75
     0
340
0
 46
1.0
 50
0.0
 44
0.0
 45
0.0
 49
-0.78
 74
     2
 75
     0
340
5F
 46
0.1
 50
0.0
 44
-0.62
 45
-0.15
  9
S2
 49
0.0
 74
     4
 75
     0
340
0
 46
1.0
 50
0.0
 44
0.0
 45
0.0
  0
LTYPE
  5
10D
330
5
100
AcDbSymbolTableRecord
100
AcDbLinetypeTableRecord
  2
TG_S3
 70
     0
  3
----S3----S3----
 72
    65
 73
     3
 40
2.78
 49
2.0
 74
     4
 75
     0
340
0
 46
1.0
 50
0.0
 44
0.0
 45
0.0
 49
-0.78
 74
     2
 75
     0
340
5F
 46
0.1
 50
0.0
 44
-0.62
 45
-0.15
  9
S3
 49
0.0
 74
     4
 75
     0
340
0
 46
1.0
 50
0.0
 44
0.0
 45
0.0
  0
LTYPE
  5
10E
330
5
100
AcDbSymbolTableRecord
100
AcDbLinetypeTableRecord
  2
TG_S4
 70
     0
  3
----S4----S4----
 72
    65
 73
     3
 40
2.78
 49
2.0
 74
     4
 75
     0
340
0
 46
1.0
 50
0.0
 44
0.0
 45
0.0
 49
-0.78
 74
     2
 75
     0
340
5F
 46
0.1
 50
0.0
 44
-0.62
 45
-0.15
  9
S4
 49
0.0
 74
     4
 75
     0
340
0
 46
1.0
 50
0.0
 44
0.0
 45
0.0
  0
LTYPE
  5
10F
330
5
100
AcDbSymbolTableRecord
100
AcDbLinetypeTableRecord
  2
TG_S5
 70
     0
  3
----S5----S5----
 72
    65
 73
     3
 40
2.78
 49
2.0
 74
     4
 75
     0
340
0
 46
1.0
 50
0.0
 44
0.0
 45
0.0
 49
-0.78
 74
     2
 75
     0
340
5F
 46
0.1
 50
0.0
 44
-0.62
 45
-0.15
  9
S5
 49
0.0
 74
     4
 75
     0
340
0
 46
1.0
 50
0.0
 44
0.0
 45
0.0
  0
LTYPE
  5
110
330
5
100
AcDbSymbolTableRecord
100
AcDbLinetypeTableRecord
  2
TG_SR
 70
     0
  3
----SR----SR----
 72
    65
 73
     3
 40
2.6
 49
2.0
 74
     4
 75
     0
340
0
 46
1.0
 50
0.0
 44
0.0
 45
0.0
 49
-0.6
 74
     2
 75
     0
340
5F
 46
0.1
 50
0.0
 44
-0.52
 45
-0.15
  9
SR
 49
0.0
 74
     4
 75
     0
340
0
 46
1.0
 50
0.0
 44
0.0
 45
0.0
  0
LTYPE
  5
111
330
5
100
AcDbSymbolTableRecord
100
AcDbLinetypeTableRecord
  2
TG_TD
 70
     0
  3
----TD----TD----
 72
    65
 73
     3
 40
2.78
 49
2.0
 74
     4
 75
     0
340
0
 46
1.0
 50
0.0
 44
0.0
 45
0.0
 49
-0.78
 74
     2
 75
     0
340
5F
 46
0.1
 50
0.0
 44
-0.62
 45
-0.15
  9
TD
 49
0.0
 74
     4
 75
     0
340
0
 46
1.0
 50
0.0
 44
0.0
 45
0.0
  0
LTYPE
  5
112
330
5
100
AcDbSymbolTableRecord
100
AcDbLinetypeTableRecord
  2
TG_TP
 70
     0
  3
----TP----TP----
 72
    65
 73
     3
 40
2.78
 49
2.0
 74
     4
 75
     0
340
0
 46
1.0
 50
0.0
 44
0.0
 45
0.0
 49
-0.78
 74
     2
 75
     0
340
5F
 46
0.1
 50
0.0
 44
-0.6
 45
-0.15
  9
TP
 49
0.0
 74
     4
 75
     0
340
0
 46
1.0
 50
0.0
 44
0.0
 45
0.0
  0
LTYPE
  5
113
330
5
100
AcDbSymbolTableRecord
100
AcDbLinetypeTableRecord
  2
TG_TV
 70
     0
  3
----TV----TV----
 72
    65
 73
     3
 40
2.8
 49
2.0
 74
     4
 75
     0
340
0
 46
1.0
 50
0.0
 44
0.0
 45
0.0
 49
-0.76
 74
     2
 75
     0
340
5F
 46
0.1
 50
0.0
 44
-0.6
 45
-0.15
  9
TV
 49
0.0
 74
     4
 75
     0
340
0
 46
1.0
 50
0.0
 44
0.0
 45
0.0
  0
LTYPE
  5
114
330
5
100
AcDbSymbolTableRecord
100
AcDbLinetypeTableRecord
  2
TG_V
 70
     0
  3
----V----V----
 72
    65
 73
     3
 40
2.4
 49
2.0
 74
     4
 75
     0
340
0
 46
1.0
 50
0.0
 44
0.0
 45
0.0
 49
-0.4
 74
     2
 75
     0
340
5F
 46
0.1
 50
0.0
 44
-0.3
 45
-0.15
  9
V
 49
0.0
 74
     4
 75
     0
340
0
 46
1.0
 50
0.0
 44
0.0
 45
0.0
  0
LTYPE
  5
115
330
5
100
AcDbSymbolTableRecord
100
AcDbLinetypeTableRecord
  2
TG_W
 70
     0
  3
----W----W----
 72
    65
 73
     3
 40
2.3
 49
2.0
 74
     4
 75
     0
340
0
 46
1.0
 50
0.0
 44
0.0
 45
0.0
 49
-0.3
 74
     2
 75
     0
340
5F
 46
0.1
 50
0.0
 44
-0.23
 45
-0.15
  9
W
 49
0.0
 74
     4
 75
     0
340
0
 46
1.0
 50
0.0
 44
0.0
 45
0.0
  0
LTYPE
  5
116
330
5
100
AcDbSymbolTableRecord
100
AcDbLinetypeTableRecord
  2
TG_X
 70
     0
  3
----X----X----
 72
    65
 73
     3
 40
2.3
 49
2.0
 74
     4
 75
     0
340
0
 46
1.0
 50
0.0
 44
0.0
 45
0.0
 49
-0.3
 74
     2
 75
     0
340
5F
 46
0.1
 50
0.0
 44
-0.23
 45
-0.15
  9
X
 49
0.0
 74
     4
 75
     0
340
0
 46
1.0
 50
0.0
 44
0.0
 45
0.0
  0
LTYPE
  5
117
330
5
100
AcDbSymbolTableRecord
100
AcDbLinetypeTableRecord
  2
TG_ZB
 70
     0
  3
----ZB----ZB----
 72
    65
 73
     3
 40
2.6
 49
2.0
 74
     4
 75
     0
340
0
 46
1.0
 50
0.0
 44
0.0
 45
0.0
 49
-0.6
 74
     2
 75
     0
340
5F
 46
0.1
 50
0.0
 44
-0.52
 45
-0.15
  9
ZB
 49
0.0
 74
     4
 75
     0
340
0
 46
1.0
 50
0.0
 44
0.0
 45
0.0
  0
LTYPE
  5
118
330
5
100
AcDbSymbolTableRecord
100
AcDbLinetypeTableRecord
  2
TRACKS
 70
     0
  3
Tracks -|-|-|-|-|-|-|-|-|-|-|-|-|-|-|-|-|-|-|-|
 72
    65
 73
     2
 40
0.3
 49
0.15
 74
     4
 75
   130
340
5F
 46
0.25
 50
0.0
 44
0.0
 45
0.0
 49
0.15
 74
     4
 75
     0
340
0
 46
1.0
 50
0.0
 44
0.0
 45
0.0
  0
LTYPE
  5
119
330
5
100
AcDbSymbolTableRecord
100
AcDbLinetypeTableRecord
  2
ZIGZAG
 70
     0
  3
Zig zag /\/\/\/\/\/\/\/\/\/\/\/\/\/\/\/\/\/\/\/
 72
    65
 73
     4
 40
0.8001
 49
0.0001
 74
     4
 75
     0
340
0
 46
1.0
 50
0.0
 44
0.0
 45
0.0
 49
-0.2
 74
     4
 75
   131
340
5F
 46
0.2
 50
0.0
 44
-0.2
 45
0.0
 49
-0.4
 74
     4
 75
   131
340
5F
 46
0.2
 50
180.0
 44
0.2
 45
0.0
 49
-0.2
 74
     4
 75
     0
340
0
 46
1.0
 50
0.0
 44
0.0
 45
0.0
  0
ENDTAB
  0
TABLE
  2
LAYER
  5
2
330
0
100
AcDbSymbolTable
 70
     1
  0
LAYER
  5
10
330
2
100
AcDbSymbolTableRecord
100
AcDbLayerTableRecord
  2
0
 70
     0
 62
     7
  6
Continuous
370
    -3
390
F
347
46
348
0
1001
AcCmTransparency
1071
 33554687
  0
ENDTAB
  0
TABLE
  2
STYLE
  5
3
330
0
100
AcDbSymbolTable
 70
    14
  0
STYLE
  5
11
330
3
100
AcDbSymbolTableRecord
100
AcDbTextStyleTableRecord
  2
Standard
 70
     0
 40
0.0
 41
1.0
 50
0.0
 71
     0
 42
0.2
  3

  4

1001
ACAD
1000
Arial
1071
        0
  0
STYLE
  5
5E
330
3
100
AcDbSymbolTableRecord
100
AcDbTextStyleTableRecord
  2
Annotative
 70
     0
 40
0.0
 41
1.0
 50
0.0
 71
     0
 42
0.2
  3

  4

1001
ACAD
1000
Arial
1071
        0
  0
STYLE
  5
5F
330
3
100
AcDbSymbolTableRecord
100
AcDbTextStyleTableRecord
  2
Verdana
 70
     0
 40
0.0
 41
1.0
 50
0.0
 71
     0
 42
0.2
  3

  4

1001
ACAD
1000
Verdana
1071
       34
  0
STYLE
  5
60
330
3
100
AcDbSymbolTableRecord
100
AcDbTextStyleTableRecord
  2
Txt
 70
     0
 40
0.0
 41
1.0
 50
0.0
 71
     0
 42
0.2
  3

  4
gbcbig.shx
1001
ACAD
1000
txt
1071
       34
  0
STYLE
  5
61
330
3
100
AcDbSymbolTableRecord
100
AcDbTextStyleTableRecord
  2
Isocp
 70
     0
 40
0.0
 41
1.0
 50
0.0
 71
     0
 42
0.2
  3

  4
gbcbig.shx
1001
ACAD
1000
isocp2
1071
       34
  0
STYLE
  5
62
330
3
100
AcDbSymbolTableRecord
100
AcDbTextStyleTableRecord
  2
黑体
 70
     0
 40
0.0
 41
1.0
 50
0.0
 71
     0
 42
0.2
  3

  4

1001
ACAD
1000
黑体
1071
       34
  0
STYLE
  5
63
330
3
100
AcDbSymbolTableRecord
100
AcDbTextStyleTableRecord
  2
方正兰亭黑简体
 70
     0
 40
0.0
 41
1.0
 50
0.0
 71
     0
 42
0.2
  3

  4

1001
ACAD
1000
方正兰亭黑简体
1071
       34
  0
STYLE
  5
64
330
3
100
AcDbSymbolTableRecord
100
AcDbTextStyleTableRecord
  2
方正兰亭纤黑简体
 70
     0
 40
0.0
 41
1.0
 50
0.0
 71
     0
 42
0.2
  3

  4

1001
ACAD
1000
方正兰亭纤黑简体
1071
       34
  0
STYLE
  5
65
330
3
100
AcDbSymbolTableRecord
100
AcDbTextStyleTableRecord
  2
方正兰亭中黑简体
 70
     0
 40
0.0
 41
1.0
 50
0.0
 71
     0
 42
0.2
  3

  4

1001
ACAD
1000
方正兰亭中黑简体
1071
       34
  0
STYLE
  5
66
330
3
100
AcDbSymbolTableRecord
100
AcDbTextStyleTableRecord
  2
宋体
 70
     0
 40
0.0
 41
1.0
 50
0.0
 71
     0
 42
0.2
  3

  4

1001
ACAD
1000
宋体
1071
       34
  0
STYLE
  5
67
330
3
100
AcDbSymbolTableRecord
100
AcDbTextStyleTableRecord
  2
gbenor
 70
     0
 40
0.0
 41
1.0
 50
0.0
 71
     0
 42
0.2
  3

  4
gbcbig.shx
1001
ACAD
1000
gbenor
1071
       34
  0
STYLE
  5
68
330
3
100
AcDbSymbolTableRecord
100
AcDbTextStyleTableRecord
  2
gdt
 70
     0
 40
0.0
 41
1.0
 50
0.0
 71
     0
 42
0.2
  3

  4
gbcbig.shx
1001
ACAD
1000
gdt
1071
       34
  0
STYLE
  5
69
330
3
100
AcDbSymbolTableRecord
100
AcDbTextStyleTableRecord
  2
STSONG
 70
     0
 40
0.0
 41
1.0
 50
0.0
 71
     0
 42
0.2
  3

  4

1001
ACAD
1000
STSONG
1071
       34
  0
STYLE
  5
6A
330
3
100
AcDbSymbolTableRecord
100
AcDbTextStyleTableRecord
  2
华文仿宋
 70
     0
 40
0.0
 41
1.0
 50
0.0
 71
     0
 42
0.2
  3

  4

1001
ACAD
1000
华文仿宋
1071
       34
  0
ENDTAB
  0
TABLE
  2
VIEW
  5
6
330
0
100
AcDbSymbolTable
 70
     0
  0
ENDTAB
  0
TABLE
  2
UCS
  5
7
330
0
100
AcDbSymbolTable
 70
     0
  0
ENDTAB
  0
TABLE
  2
APPID
  5
9
330
0
100
AcDbSymbolTable
 70
     4
  0
APPID
  5
12
330
9
100
AcDbSymbolTableRecord
100
AcDbRegAppTableRecord
  2
ACAD
 70
     0
  0
APPID
  5
11B
330
9
100
AcDbSymbolTableRecord
100
AcDbRegAppTableRecord
  2
AcCmTransparency
 70
     0
  0
APPID
  5
15C
330
9
100
AcDbSymbolTableRecord
100
AcDbRegAppTableRecord
  2
ACAD_DSTYLE_DIMJAG
 70
     0
  0
APPID
  5
15D
330
9
100
AcDbSymbolTableRecord
100
AcDbRegAppTableRecord
  2
ACAD_DSTYLE_DIMBREAK
 70
     0
  0
ENDTAB
  0
TABLE
  2
DIMSTYLE
  5
A
330
0
100
AcDbSymbolTable
 70
     3
100
AcDbDimStyleTable
  0
DIMSTYLE
105
27
330
A
100
AcDbSymbolTableRecord
100
AcDbDimStyleTableRecord
  2
Standard
 70
     0
 43
3.75
 50
45.0000000000001
 78
     1
178
     0
285
     1
340
11
345
14
346
14
347
14
1001
ACAD_DSTYLE_DIMJAG
1070
   388
1040
1.5
1001
ACAD_DSTYLE_DIMBREAK
1070
   391
1040
3.75
  0
DIMSTYLE
105
15B
330
A
100
AcDbSymbolTableRecord
100
AcDbDimStyleTableRecord
  2
Annotative
 70
     0
 41
2.5
 42
0.625
 43
3.75
 44
1.25
 50
45.0000000000001
 73
     0
 74
     0
 77
     1
 78
     8
140
2.5
141
2.5
143
0.03937007874016
147
0.625
171
     3
172
     1
178
     0
271
     2
272
     2
274
     3
278
    44
283
     0
284
     8
285
     1
340
11
345
14
346
14
347
14
1001
ACAD_DSTYLE_DIMJAG
1070
   388
1040
1.5
1001
ACAD_DSTYLE_DIMBREAK
1070
   391
1040
3.75
  0
DIMSTYLE
105
15E
330
A
100
AcDbSymbolTableRecord
100
AcDbDimStyleTableRecord
  2
ISO-25
 70
     0
 41
2.5
 42
0.625
 43
3.75
 44
1.25
 50
45.0000000000001
 73
     0
 74
     0
 77
     1
 78
     8
140
2.5
141
2.5
143
0.03937007874016
147
0.625
171
     3
172
     1
178
     0
271
     2
272
     2
274
     3
278
    44
283
     0
284
     8
285
     1
340
11
345
14
346
14
347
14
1001
ACAD_DSTYLE_DIMJAG
1070
   388
1040
1.5
1001
ACAD_DSTYLE_DIMBREAK
1070
   391
1040
3.75
  0
ENDTAB
  0
TABLE
  2
BLOCK_RECORD
  5
1
330
0
100
AcDbSymbolTable
 70
    26
  0
BLOCK_RECORD
  5
1F
102
{ACAD_XDICTIONARY
360
182
102
}
330
1
100
AcDbSymbolTableRecord
100
AcDbBlockTableRecord
  2
*Model_Space
340
22
 70
     0
280
     1
281
     0
  0
BLOCK_RECORD
  5
18A
330
1
100
AcDbSymbolTableRecord
100
AcDbBlockTableRecord
  2
*Paper_Space
340
18B
 70
     0
280
     1
281
     0
  0
BLOCK_RECORD
  5
11D
330
1
100
AcDbSymbolTableRecord
100
AcDbBlockTableRecord
  2
WD_WNV
340
0
 70
     0
280
     1
281
     0
  0
BLOCK_RECORD
  5
11E
330
1
100
AcDbSymbolTableRecord
100
AcDbBlockTableRecord
  2
_DatumBlank
340
0
 70
     0
280
     1
281
     0
  0
BLOCK_RECORD
  5
122
330
1
100
AcDbSymbolTableRecord
100
AcDbBlockTableRecord
  2
_Closed
340
0
 70
     0
280
     1
281
     0
  0
BLOCK_RECORD
  5
127
330
1
100
AcDbSymbolTableRecord
100
AcDbBlockTableRecord
  2
_DotSmall
340
0
 70
     0
280
     1
281
     0
  0
BLOCK_RECORD
  5
129
330
1
100
AcDbSymbolTableRecord
100
AcDbBlockTableRecord
  2
_DotBlank
340
0
 70
     0
280
     1
281
     0
  0
BLOCK_RECORD
  5
12C
330
1
100
AcDbSymbolTableRecord
100
AcDbBlockTableRecord
  2
_Dot
340
0
 70
     0
280
     1
281
     0
  0
BLOCK_RECORD
  5
12F
330
1
100
AcDbSymbolTableRecord
100
AcDbBlockTableRecord
  2
_Oblique
340
0
 70
     0
280
     1
281
     0
  0
BLOCK_RECORD
  5
131
330
1
100
AcDbSymbolTableRecord
100
AcDbBlockTableRecord
  2
_BoxBlank
340
0
 70
     0
280
     1
281
     0
  0
BLOCK_RECORD
  5
137
330
1
100
AcDbSymbolTableRecord
100
AcDbBlockTableRecord
  2
_None
340
0
 70
     0
280
     1
281
     0
  0
BLOCK_RECORD
  5
138
330
1
100
AcDbSymbolTableRecord
100
AcDbBlockTableRecord
  2
_Small
340
0
 70
     0
280
     1
281
     0
  0
BLOCK_RECORD
  5
13A
330
1
100
AcDbSymbolTableRecord
100
AcDbBlockTableRecord
  2
_Open
340
0
 70
     0
280
     1
281
     0
  0
BLOCK_RECORD
  5
13E
330
1
100
AcDbSymbolTableRecord
100
AcDbBlockTableRecord
  2
_ClosedBlank
340
0
 70
     0
280
     1
281
     0
  0
BLOCK_RECORD
  5
142
330
1
100
AcDbSymbolTableRecord
100
AcDbBlockTableRecord
  2
_BoxFilled
340
0
 70
     0
280
     1
281
     0
  0
BLOCK_RECORD
  5
145
330
1
100
AcDbSymbolTableRecord
100
AcDbBlockTableRecord
  2
_Origin2
340
0
 70
     0
280
     1
281
     0
  0
BLOCK_RECORD
  5
149
330
1
100
AcDbSymbolTableRecord
100
AcDbBlockTableRecord
  2
_Integral
340
0
 70
     0
280
     1
281
     0
  0
BLOCK_RECORD
  5
14C
330
1
100
AcDbSymbolTableRecord
100
AcDbBlockTableRecord
  2
_DatumFilled
340
0
 70
     0
280
     1
281
     0
  0
BLOCK_RECORD
  5
14E
330
1
100
AcDbSymbolTableRecord
100
AcDbBlockTableRecord
  2
_Origin
340
0
 70
     0
280
     1
281
     0
  0
BLOCK_RECORD
  5
151
330
1
100
AcDbSymbolTableRecord
100
AcDbBlockTableRecord
  2
_Open90
340
0
 70
     0
280
     1
281
     0
  0
BLOCK_RECORD
  5
155
330
1
100
AcDbSymbolTableRecord
100
AcDbBlockTableRecord
  2
_ArchTick
340
0
 70
     0
280
     1
281
     0
  0
BLOCK_RECORD
  5
157
330
1
100
AcDbSymbolTableRecord
100
AcDbBlockTableRecord
  2
_Open30
340
0
 70
     0
280
     1
281
     0
  0
BLOCK_RECORD
  5
15F
330
1
100
AcDbSymbolTableRecord
100
AcDbBlockTableRecord
  2
angle1
340
0
 70
     0
280
     1
281
     0
  0
BLOCK_RECORD
  5
163
330
1
100
AcDbSymbolTableRecord
100
AcDbBlockTableRecord
  2
angle2
340
0
 70
     0
280
     1
281
     0
  0
BLOCK_RECORD
  5
167
330
1
100
AcDbSymbolTableRecord
100
AcDbBlockTableRecord
  2
angle3
340
0
 70
     0
280
     1
281
     0
  0
BLOCK_RECORD
  5
16A
330
1
100
AcDbSymbolTableRecord
100
AcDbBlockTableRecord
  2
dot
340
0
 70
     0
280
     1
281
     0
  0
BLOCK_RECORD
  5
16D
330
1
100
AcDbSymbolTableRecord
100
AcDbBlockTableRecord
  2
angle4
340
0
 70
     0
280
     1
281
     0
  0
BLOCK_RECORD
  5
184
330
1
100
AcDbSymbolTableRecord
100
AcDbBlockTableRecord
  2
*Paper_Space27
340
185
 70
     0
280
     1
281
     0
  0
ENDTAB
  0
ENDSEC
  0
SECTION
  2
BLOCKS
  0
BLOCK
  5
20
330
1F
100
AcDbEntity
  8
0
100
AcDbBlockBegin
  2
*Model_Space
 70
     0
 10
0.0
 20
0.0
 30
0.0
  3
*Model_Space
  1

  0
ENDBLK
  5
21
330
1F
100
AcDbEntity
  8
0
100
AcDbBlockEnd
  0
BLOCK
  5
18C
330
18A
100
AcDbEntity
 67
     1
  8
0
100
AcDbBlockBegin
  2
*Paper_Space
 70
     0
 10
0.0
 20
0.0
 30
0.0
  3
*Paper_Space
  1

  0
ENDBLK
  5
18D
330
18A
100
AcDbEntity
 67
     1
  8
0
100
AcDbBlockEnd
  0
BLOCK
  5
190
330
11D
100
AcDbEntity
  8
0
100
AcDbBlockBegin
  2
WD_WNV
 70
     0
 10
0.0
 20
0.0
 30
0.0
  3
WD_WNV
  1

  0
ENDBLK
  5
191
330
11D
100
AcDbEntity
  8
0
100
AcDbBlockEnd
  0
BLOCK
  5
192
330
11E
100
AcDbEntity
  8
0
100
AcDbBlockBegin
  2
_DatumBlank
 70
     0
 10
0.0
 20
0.0
 30
0.0
  3
_DatumBlank
  1

  0
LINE
  5
11F
330
11E
100
AcDbEntity
  8
0
  6
ByBlock
 62
     0
100
AcDbLine
 10
0.0
 20
0.5774
 30
0.0
 11
-1.0
 21
0.0
 31
0.0
  0
LINE
  5
120
330
11E
100
AcDbEntity
  8
0
  6
ByBlock
 62
     0
100
AcDbLine
 10
-1.0
 20
0.0
 30
0.0
 11
0.0
 21
-0.5774
 31
0.0
  0
LINE
  5
121
330
11E
100
AcDbEntity
  8
0
  6
ByBlock
 62
     0
100
AcDbLine
 10
0.0
 20
-0.5774
 30
0.0
 11
0.0
 21
0.5774
 31
0.0
  0
ENDBLK
  5
193
330
11E
100
AcDbEntity
  8
0
100
AcDbBlockEnd
  0
BLOCK
  5
194
330
122
100
AcDbEntity
  8
0
100
AcDbBlockBegin
  2
_Closed
 70
     0
 10
0.0
 20
0.0
 30
0.0
  3
_Closed
  1

  0
LINE
  5
123
330
122
100
AcDbEntity
  8
0
  6
ByBlock
 62
     0
100
AcDbLine
 10
-1.0
 20
0.1667
 30
0.0
 11
0.0
 21
0.0
 31
0.0
  0
LINE
  5
124
330
122
100
AcDbEntity
  8
0
  6
ByBlock
 62
     0
100
AcDbLine
 10
0.0
 20
0.0
 30
0.0
 11
-1.0
 21
-0.1667
 31
0.0
  0
LINE
  5
125
330
122
100
AcDbEntity
  8
0
  6
ByBlock
 62
     0
100
AcDbLine
 10
0.0
 20
0.0
 30
0.0
 11
-1.0
 21
0.0
 31
0.0
  0
LINE
  5
126
330
122
100
AcDbEntity
  8
0
  6
ByBlock
 62
     0
100
AcDbLine
 10
-1.0
 20
0.1667
 30
0.0
 11
-1.0
 21
-0.1667
 31
0.0
  0
ENDBLK
  5
195
330
122
100
AcDbEntity
  8
0
100
AcDbBlockEnd
  0
BLOCK
  5
196
330
127
100
AcDbEntity
  8
0
100
AcDbBlockBegin
  2
_DotSmall
 70
     0
 10
0.0
 20
0.0
 30
0.0
  3
_DotSmall
  1

  0
LWPOLYLINE
  5
128
330
127
100
AcDbEntity
  8
0
  6
ByBlock
 62
     0
100
AcDbPolyline
 90
        3
 70
     0
 10
-0.0625
 20
0.0
 42
0.9999999999999999
 10
0.0625
 20
0.0
 42
0.9999999999999999
 10
-0.0625
 20
0.0
  0
ENDBLK
  5
197
330
127
100
AcDbEntity
  8
0
100
AcDbBlockEnd
  0
BLOCK
  5
198
330
129
100
AcDbEntity
  8
0
100
AcDbBlockBegin
  2
_DotBlank
 70
     0
 10
0.0
 20
0.0
 30
0.0
  3
_DotBlank
  1

  0
LINE
  5
12A
330
129
100
AcDbEntity
  8
0
  6
ByBlock
 62
     0
100
AcDbLine
 10
-0.5
 20
0.0
 30
0.0
 11
-1.0
 21
0.0
 31
0.0
  0
CIRCLE
  5
12B
330
129
100
AcDbEntity
  8
0
  6
ByBlock
 62
     0
100
AcDbCircle
 10
0.0
 20
0.0
 30
0.0
 40
0.5
  0
ENDBLK
  5
199
330
129
100
AcDbEntity
  8
0
100
AcDbBlockEnd
  0
BLOCK
  5
19A
330
12C
100
AcDbEntity
  8
0
100
AcDbBlockBegin
  2
_Dot
 70
     0
 10
0.0
 20
0.0
 30
0.0
  3
_Dot
  1

  0
LWPOLYLINE
  5
12D
330
12C
100
AcDbEntity
  8
0
  6
ByBlock
 62
     0
100
AcDbPolyline
 90
        3
 70
     0
 10
-0.25
 20
0.0
 42
0.9999999999999999
 10
0.25
 20
0.0
 42
0.9999999999999999
 10
-0.25
 20
0.0
  0
LINE
  5
12E
330
12C
100
AcDbEntity
  8
0
  6
ByBlock
 62
     0
100
AcDbLine
 10
-0.5
 20
0.0
 30
0.0
 11
-1.0
 21
0.0
 31
0.0
  0
ENDBLK
  5
19B
330
12C
100
AcDbEntity
  8
0
100
AcDbBlockEnd
  0
BLOCK
  5
19C
330
12F
100
AcDbEntity
  8
0
100
AcDbBlockBegin
  2
_Oblique
 70
     0
 10
0.0
 20
0.0
 30
0.0
  3
_Oblique
  1

  0
LINE
  5
130
330
12F
100
AcDbEntity
  8
0
  6
ByBlock
 62
     0
100
AcDbLine
 10
-0.5
 20
-0.5
 30
0.0
 11
0.5
 21
0.5
 31
0.0
  0
ENDBLK
  5
19D
330
12F
100
AcDbEntity
  8
0
100
AcDbBlockEnd
  0
BLOCK
  5
19E
330
131
100
AcDbEntity
  8
0
100
AcDbBlockBegin
  2
_BoxBlank
 70
     0
 10
0.0
 20
0.0
 30
0.0
  3
_BoxBlank
  1

  0
LINE
  5
132
330
131
100
AcDbEntity
  8
0
  6
ByBlock
 62
     0
100
AcDbLine
 10
-0.5
 20
0.0
 30
0.0
 11
-1.0
 21
0.0
 31
0.0
  0
LINE
  5
133
330
131
100
AcDbEntity
  8
0
  6
ByBlock
 62
     0
100
AcDbLine
 10
0.5
 20
-0.5
 30
0.0
 11
0.5
 21
0.5
 31
0.0
  0
LINE
  5
134
330
131
100
AcDbEntity
  8
0
  6
ByBlock
 62
     0
100
AcDbLine
 10
0.5
 20
0.5
 30
0.0
 11
-0.5
 21
0.5
 31
0.0
  0
LINE
  5
135
330
131
100
AcDbEntity
  8
0
  6
ByBlock
 62
     0
100
AcDbLine
 10
-0.5
 20
0.5
 30
0.0
 11
-0.5
 21
-0.5
 31
0.0
  0
LINE
  5
136
330
131
100
AcDbEntity
  8
0
  6
ByBlock
 62
     0
100
AcDbLine
 10
-0.5
 20
-0.5
 30
0.0
 11
0.5
 21
-0.5
 31
0.0
  0
ENDBLK
  5
19F
330
131
100
AcDbEntity
  8
0
100
AcDbBlockEnd
  0
BLOCK
  5
1A0
330
137
100
AcDbEntity
  8
0
100
AcDbBlockBegin
  2
_None
 70
     0
 10
0.0
 20
0.0
 30
0.0
  3
_None
  1

  0
ENDBLK
  5
1A1
330
137
100
AcDbEntity
  8
0
100
AcDbBlockEnd
  0
BLOCK
  5
1A2
330
138
100
AcDbEntity
  8
0
100
AcDbBlockBegin
  2
_Small
 70
     0
 10
0.0
 20
0.0
 30
0.0
  3
_Small
  1

  0
CIRCLE
  5
139
330
138
100
AcDbEntity
  8
0
  6
ByBlock
 62
     0
100
AcDbCircle
 10
0.0
 20
0.0
 30
0.0
 40
0.25
  0
ENDBLK
  5
1A3
330
138
100
AcDbEntity
  8
0
100
AcDbBlockEnd
  0
BLOCK
  5
1A4
330
13A
100
AcDbEntity
  8
0
100
AcDbBlockBegin
  2
_Open
 70
     0
 10
0.0
 20
0.0
 30
0.0
  3
_Open
  1

  0
LINE
  5
13B
330
13A
100
AcDbEntity
  8
0
  6
ByBlock
 62
     0
100
AcDbLine
 10
-1.0
 20
0.1667
 30
0.0
 11
0.0
 21
0.0
 31
0.0
  0
LINE
  5
13C
330
13A
100
AcDbEntity
  8
0
  6
ByBlock
 62
     0
100
AcDbLine
 10
0.0
 20
0.0
 30
0.0
 11
-1.0
 21
-0.1667
 31
0.0
  0
LINE
  5
13D
330
13A
100
AcDbEntity
  8
0
  6
ByBlock
 62
     0
100
AcDbLine
 10
0.0
 20
0.0
 30
0.0
 11
-1.0
 21
0.0
 31
0.0
  0
ENDBLK
  5
1A5
330
13A
100
AcDbEntity
  8
0
100
AcDbBlockEnd
  0
BLOCK
  5
1A6
330
13E
100
AcDbEntity
  8
0
100
AcDbBlockBegin
  2
_ClosedBlank
 70
     0
 10
0.0
 20
0.0
 30
0.0
  3
_ClosedBlank
  1

  0
LINE
  5
13F
330
13E
100
AcDbEntity
  8
0
  6
ByBlock
 62
     0
100
AcDbLine
 10
-1.0
 20
0.1667
 30
0.0
 11
0.0
 21
0.0
 31
0.0
  0
LINE
  5
140
330
13E
100
AcDbEntity
  8
0
  6
ByBlock
 62
     0
100
AcDbLine
 10
0.0
 20
0.0
 30
0.0
 11
-1.0
 21
-0.1667
 31
0.0
  0
LINE
  5
141
330
13E
100
AcDbEntity
  8
0
  6
ByBlock
 62
     0
100
AcDbLine
 10
-1.0
 20
0.1667
 30
0.0
 11
-1.0
 21
-0.1667
 31
0.0
  0
ENDBLK
  5
1A7
330
13E
100
AcDbEntity
  8
0
100
AcDbBlockEnd
  0
BLOCK
  5
1A8
330
142
100
AcDbEntity
  8
0
100
AcDbBlockBegin
  2
_BoxFilled
 70
     0
 10
0.0
 20
0.0
 30
0.0
  3
_BoxFilled
  1

  0
HATCH
  5
143
330
142
100
AcDbEntity
  8
0
  6
ByBlock
 62
     0
100
AcDbHatch
 10
0.0
 20
0.0
 30
0.0
210
0.0
220
0.0
230
1.0
  2
SOLID
 70
     1
 71
     0
 91
        1
 92
        0
 93
        4
 72
     1
 10
-0.5
 20
0.5
 11
0.5
 21
0.5
 72
     1
 10
0.5
 20
0.5
 11
0.5
 21
-0.5
 72
     1
 10
0.5
 20
-0.5
 11
-0.5
 21
-0.5
 72
     1
 10
-0.5
 20
-0.5
 11
-0.5
 21
0.5
 97
        0
 75
     0
 76
     1
 98
        0
  0
LINE
  5
144
330
142
100
AcDbEntity
  8
0
  6
ByBlock
 62
     0
100
AcDbLine
 10
-0.5
 20
0.0
 30
0.0
 11
-1.0
 21
0.0
 31
0.0
  0
ENDBLK
  5
1A9
330
142
100
AcDbEntity
  8
0
100
AcDbBlockEnd
  0
BLOCK
  5
1AA
330
145
100
AcDbEntity
  8
0
100
AcDbBlockBegin
  2
_Origin2
 70
     0
 10
0.0
 20
0.0
 30
0.0
  3
_Origin2
  1

  0
LINE
  5
146
330
145
100
AcDbEntity
  8
0
  6
ByBlock
 62
     0
100
AcDbLine
 10
-0.5
 20
0.0
 30
0.0
 11
-1.0
 21
0.0
 31
0.0
  0
CIRCLE
  5
147
330
145
100
AcDbEntity
  8
0
  6
ByBlock
 62
     0
100
AcDbCircle
 10
0.0
 20
0.0
 30
0.0
 40
0.5
  0
CIRCLE
  5
148
330
145
100
AcDbEntity
  8
0
  6
ByBlock
 62
     0
100
AcDbCircle
 10
0.0
 20
0.0
 30
0.0
 40
0.25
  0
ENDBLK
  5
1AB
330
145
100
AcDbEntity
  8
0
100
AcDbBlockEnd
  0
BLOCK
  5
1AC
330
149
100
AcDbEntity
  8
0
100
AcDbBlockBegin
  2
_Integral
 70
     0
 10
0.0
 20
0.0
 30
0.0
  3
_Integral
  1

  0
ARC
  5
14A
330
149
100
AcDbEntity
  8
0
  6
ByBlock
 62
     0
100
AcDbCircle
 10
0.4448626923731789
 20
-0.0913896828512731
 30
0.0
 40
0.4542
100
AcDbArc
 50
101.9908697584394
 51
167.9927530001363
  0
ARC
  5
14B
330
149
100
AcDbEntity
  8
0
  6
ByBlock
 62
     0
100
AcDbCircle
 10
-0.4448626923731789
 20
0.0913896828512731
 30
0.0
 40
0.4542
100
AcDbArc
 50
281.9908697584394
 51
347.9927530001364
  0
ENDBLK
  5
1AD
330
149
100
AcDbEntity
  8
0
100
AcDbBlockEnd
  0
BLOCK
  5
1AE
330
14C
100
AcDbEntity
  8
0
100
AcDbBlockBegin
  2
_DatumFilled
 70
     0
 10
0.0
 20
0.0
 30
0.0
  3
_DatumFilled
  1

  0
HATCH
  5
14D
330
14C
100
AcDbEntity
  8
0
  6
ByBlock
 62
     0
100
AcDbHatch
 10
0.0
 20
0.0
 30
0.0
210
0.0
220
0.0
230
1.0
  2
SOLID
 70
     1
 71
     0
 91
        1
 92
        0
 93
        3
 72
     1
 10
0.0
 20
0.5774
 11
-1.0
 21
0.0
 72
     1
 10
-1.0
 20
0.0
 11
0.0
 21
-0.5774
 72
     1
 10
0.0
 20
-0.5774
 11
0.0
 21
0.5774
 97
        0
 75
     0
 76
     1
 98
        0
  0
ENDBLK
  5
1AF
330
14C
100
AcDbEntity
  8
0
100
AcDbBlockEnd
  0
BLOCK
  5
1B0
330
14E
100
AcDbEntity
  8
0
100
AcDbBlockBegin
  2
_Origin
 70
     0
 10
0.0
 20
0.0
 30
0.0
  3
_Origin
  1

  0
LINE
  5
14F
330
14E
100
AcDbEntity
  8
0
  6
ByBlock
 62
     0
100
AcDbLine
 10
0.0
 20
0.0
 30
0.0
 11
-1.0
 21
0.0
 31
0.0
  0
CIRCLE
  5
150
330
14E
100
AcDbEntity
  8
0
  6
ByBlock
 62
     0
100
AcDbCircle
 10
0.0
 20
0.0
 30
0.0
 40
0.5
  0
ENDBLK
  5
1B1
330
14E
100
AcDbEntity
  8
0
100
AcDbBlockEnd
  0
BLOCK
  5
1B2
330
151
100
AcDbEntity
  8
0
100
AcDbBlockBegin
  2
_Open90
 70
     0
 10
0.0
 20
0.0
 30
0.0
  3
_Open90
  1

  0
LINE
  5
152
330
151
100
AcDbEntity
  8
0
  6
ByBlock
 62
     0
100
AcDbLine
 10
-0.5
 20
0.5
 30
0.0
 11
0.0
 21
0.0
 31
0.0
  0
LINE
  5
153
330
151
100
AcDbEntity
  8
0
  6
ByBlock
 62
     0
100
AcDbLine
 10
0.0
 20
0.0
 30
0.0
 11
-0.5
 21
-0.5
 31
0.0
  0
LINE
  5
154
330
151
100
AcDbEntity
  8
0
  6
ByBlock
 62
     0
100
AcDbLine
 10
0.0
 20
0.0
 30
0.0
 11
0.0
 21
-1.0
 31
0.0
  0
ENDBLK
  5
1B3
330
151
100
AcDbEntity
  8
0
100
AcDbBlockEnd
  0
BLOCK
  5
1B4
330
155
100
AcDbEntity
  8
0
100
AcDbBlockBegin
  2
_ArchTick
 70
     0
 10
0.0
 20
0.0
 30
0.0
  3
_ArchTick
  1

  0
LWPOLYLINE
  5
156
330
155
100
AcDbEntity
  8
0
  6
ByBlock
 62
     0
100
AcDbPolyline
 90
        2
 70
     0
 10
-0.5
 20
-0.5
 10
0.5
 20
0.5
  0
ENDBLK
  5
1B5
330
155
100
AcDbEntity
  8
0
100
AcDbBlockEnd
  0
BLOCK
  5
1B6
330
157
100
AcDbEntity
  8
0
100
AcDbBlockBegin
  2
_Open30
 70
     0
 10
0.0
 20
0.0
 30
0.0
  3
_Open30
  1

  0
LINE
  5
158
330
157
100
AcDbEntity
  8
0
  6
ByBlock
 62
     0
100
AcDbLine
 10
-1.0
 20
0.2679
 30
0.0
 11
0.0
 21
0.0
 31
0.0
  0
LINE
  5
159
330
157
100
AcDbEntity
  8
0
  6
ByBlock
 62
     0
100
AcDbLine
 10
0.0
 20
0.0
 30
0.0
 11
-1.0
 21
-0.2679
 31
0.0
  0
LINE
  5
15A
330
157
100
AcDbEntity
  8
0
  6
ByBlock
 62
     0
100
AcDbLine
 10
0.0
 20
0.0
 30
0.0
 11
-1.0
 21
0.0
 31
0.0
  0
ENDBLK
  5
1B7
330
157
100
AcDbEntity
  8
0
100
AcDbBlockEnd
  0
BLOCK
  5
1B8
330
15F
100
AcDbEntity
  8
0
100
AcDbBlockBegin
  2
angle1
 70
     0
 10
0.0
 20
0.0
 30
0.0
  3
angle1
  1

  0
LINE
  5
160
330
15F
100
AcDbEntity
  8
0
100
AcDbLine
 10
-2.5
 20
0.0
 30
0.0
 11
0.0
 21
-2.5
 31
0.0
  0
LINE
  5
161
330
15F
100
AcDbEntity
  8
0
100
AcDbLine
 10
0.0
 20
-2.5
 30
0.0
 11
0.0
 21
0.0
 31
0.0
  0
LINE
  5
162
330
15F
100
AcDbEntity
  8
0
100
AcDbLine
 10
0.0
 20
0.0
 30
0.0
 11
2.5
 21
0.0
 31
0.0
  0
ENDBLK
  5
1B9
330
15F
100
AcDbEntity
  8
0
100
AcDbBlockEnd
  0
BLOCK
  5
1BA
330
163
100
AcDbEntity
  8
0
100
AcDbBlockBegin
  2
angle2
 70
     0
 10
0.0
 20
0.0
 30
0.0
  3
angle2
  1

  0
LINE
  5
164
330
163
100
AcDbEntity
  8
0
100
AcDbLine
 10
-2.5
 20
0.0
 30
0.0
 11
0.0
 21
0.0
 31
0.0
  0
LINE
  5
165
330
163
100
AcDbEntity
  8
0
100
AcDbLine
 10
0.0
 20
0.0
 30
0.0
 11
0.0
 21
-2.5
 31
0.0
  0
LINE
  5
166
330
163
100
AcDbEntity
  8
0
100
AcDbLine
 10
0.0
 20
-2.5
 30
0.0
 11
2.5
 21
0.0
 31
0.0
  0
ENDBLK
  5
1BB
330
163
100
AcDbEntity
  8
0
100
AcDbBlockEnd
  0
BLOCK
  5
1BC
330
167
100
AcDbEntity
  8
0
100
AcDbBlockBegin
  2
angle3
 70
     0
 10
0.0
 20
0.0
 30
0.0
  3
angle3
  1

  0
LINE
  5
168
330
167
100
AcDbEntity
  8
0
100
AcDbLine
 10
-2.5
 20
0.0
 30
0.0
 11
2.5
 21
0.0
 31
0.0
  0
LINE
  5
169
330
167
100
AcDbEntity
  8
0
100
AcDbLine
 10
-2.5
 20
0.0
 30
0.0
 11
0.0
 21
-2.5
 31
0.0
  0
ENDBLK
  5
1BD
330
167
100
AcDbEntity
  8
0
100
AcDbBlockEnd
  0
BLOCK
  5
1BE
330
16A
100
AcDbEntity
  8
0
100
AcDbBlockBegin
  2
dot
 70
     0
 10
0.0
 20
0.0
 30
0.0
  3
dot
  1

  0
CIRCLE
  5
16B
330
16A
100
AcDbEntity
  8
0
  6
ByBlock
 62
     0
100
AcDbCircle
 10
0.0
 20
0.0
 30
0.0
 40
0.72
  0
HATCH
  5
16C
330
16A
100
AcDbEntity
  8
0
  6
ByBlock
 62
     0
370
    -2
100
AcDbHatch
 10
0.0
 20
0.0
 30
0.0
210
0.0
220
0.0
230
1.0
  2
SOLID
 70
     1
 71
     0
 91
        1
 92
        0
 93
        1
 72
     2
 10
0.0
 20
0.0
 40
0.72
 50
0.0
 51
360.0
 73
     1
 97
        0
 75
     0
 76
     1
 98
        0
  0
ENDBLK
  5
1BF
330
16A
100
AcDbEntity
  8
0
100
AcDbBlockEnd
  0
BLOCK
  5
1C0
330
16D
100
AcDbEntity
  8
0
100
AcDbBlockBegin
  2
angle4
 70
     0
 10
0.0
 20
0.0
 30
0.0
  3
angle4
  1

  0
LINE
  5
16E
330
16D
100
AcDbEntity
  8
0
100
AcDbLine
 10
-2.5
 20
0.0
 30
0.0
 11
2.5
 21
0.0
 31
0.0
  0
LINE
  5
16F
330
16D
100
AcDbEntity
  8
0
100
AcDbLine
 10
2.5
 20
0.0
 30
0.0
 11
0.0
 21
-2.5
 31
0.0
  0
ENDBLK
  5
1C1
330
16D
100
AcDbEntity
  8
0
100
AcDbBlockEnd
  0
BLOCK
  5
186
330
184
100
AcDbEntity
  8
0
100
AcDbBlockBegin
  2
*Paper_Space27
 70
     0
 10
0.0
 20
0.0
 30
0.0
  3
*Paper_Space27
  1

  0
VIEWPORT
  5
188
330
184
100
AcDbEntity
  8
0
100
AcDbViewport
 10
5.25
 20
4.0
 30
0.0
 40
11.638
 41
8.993
 68
     1
 69
     1
 12
5.25
 22
4.0
 13
0.0
 23
0.0
 14
0.5
 24
0.5
 15
0.5
 25
0.5
 16
0.0
 26
0.0
 36
1.0
 17
0.0
 27
0.0
 37
0.0
 42
50.0
 43
0.0
 44
0.0
 45
8.993
 50
0.0
 51
0.0
 72
   100
 90
   557152
  1

281
     0
 71
     1
 74
     0
110
0.0
120
0.0
130
0.0
111
1.0
121
0.0
131
0.0
112
0.0
122
1.0
132
0.0
 79
     0
146
0.0
170
     0
 61
     5
348
2F
292
     1
282
     1
141
0.0
142
0.0
 63
   256
361
189
  0
ENDBLK
  5
187
330
184
100
AcDbEntity
  8
0
100
AcDbBlockEnd
  0
ENDSEC
  0
SECTION
  2
ENTITIES
  0
LWPOLYLINE
  5
170
330
1F
100
AcDbEntity
  8
0
100
AcDbPolyline
 90
        6
 70
     1
 43
0.0
 10
105.17511564241
 20
175.70707070707
 10
73.786462758425
 20
115.90342679128
 10
113.43528745398
 20
79.22826394789
 10
187.77683375814
 20
93.105352591334
 10
200.00188803927
 20
158.525913339
 10
155.72736712924
 20
191.56660058529
  0
HATCH
  5
171
330
1F
100
AcDbEntity
  8
0
100
AcDbHatch
 10
0.0
 20
0.0
 30
0.0
210
0.0
220
0.0
230
1.0
  2
ANSI31
 70
     0
 71
     0
 91
        1
 92
        0
 93
        6
 72
     1
 10
113.435287453979
 20
79.22826394789013
 11
73.78646275842534
 21
115.9034267912773
 72
     1
 10
73.78646275842534
 20
115.9034267912773
 11
105.1751156424053
 21
175.7070707070707
 72
     1
 10
105.1751156424053
 20
175.7070707070707
 11
155.7273671292363
 21
191.5666005852922
 72
     1
 10
155.7273671292363
 20
191.5666005852922
 11
200.0018880392712
 21
158.5259133389975
 72
     1
 10
200.0018880392712
 20
158.5259133389975
 11
187.7768337581422
 21
93.10535259133393
 72
     1
 10
187.7768337581422
 20
93.10535259133393
 11
113.435287453979
 21
79.22826394789013
 97
        0
 75
     0
 76
     1
 52
0.0
 41
1.0
 77
     0
 78
     1
 53
45.0
 43
0.0
 44
0.0
 45
-1.122532015133644
 46
1.122532015133644
 79
     0
 98
        0
1001
ACAD
1010
0.0
1020
0.0
1030
0.0
  0
CIRCLE
  5
172
330
1F
100
AcDbEntity
  8
0
100
AcDbCircle
 10
274.6738412159
 20
147.62248654772
 30
0.0
 40
35.167772432003
  0
HATCH
  5
173
330
1F
100
AcDbEntity
  8
0
100
AcDbHatch
 10
0.0
 20
0.0
 30
0.0
210
0.0
220
0.0
230
1.0
  2
ANSI31
 70
     0
 71
     0
 91
        1
 92
        0
 93
        1
 72
     2
 10
274.6738412158973
 20
147.6224865477202
 40
35.1677724320035
 50
0.0
 51
360.0
 73
     1
 97
        0
 75
     0
 76
     1
 52
0.0
 41
1.0
 77
     0
 78
     1
 53
45.0
 43
0.0
 44
0.0
 45
-1.122532015133644
 46
1.122532015133644
 79
     0
 98
        0
1001
ACAD
1010
0.0
1020
0.0
1030
0.0
  0
SPLINE
  5
174
330
1F
100
AcDbEntity
  8
0
100
AcDbSpline
210
0.0
220
0.0
230
1.0
 70
    11
 71
     3
 72
    13
 73
     9
 74
     0
 42
0.0
 43
0.0
 40
0.0
 40
0.0
 40
0.0
 40
0.0
 40
1.0
 40
2.0
 40
4.0
 40
4.0
 40
4.0
 40
26.75973391769133
 40
26.75973391769133
 40
26.75973391769133
 40
26.75973391769133
 10
352.31945624469
 20
127.46766732748
 30
0.0
 10
403.53252147645
 20
111.2777305768
 30
0.0
 10
437.23402246767
 20
161.1691683187
 30
0.0
 10
389.32502596054
 20
183.30642877372
 30
0.0
 10
351.65864249976
 20
177.68951194185
 30
0.0
 10
341.74643632588
 20
147.62248654772
 30
0.0
 10
340.7807106028312
 20
144.6931185211361
 30
0.0
 10
342.3402904398438
 20
130.6223713561077
 30
0.0
 10
352.31945624469
 20
127.46766732748
 30
0.0
  0
HATCH
  5
175
330
1F
100
AcDbEntity
  8
0
100
AcDbHatch
 10
0.0
 20
0.0
 30
0.0
210
0.0
220
0.0
230
1.0
  2
ANSI31
 70
     0
 71
     0
 91
        1
 92
        0
 93
        1
 72
     4
 94
        3
 73
     1
 74
     0
 95
       13
 96
        9
 40
3.0
 40
3.0
 40
3.0
 40
3.0
 40
4.0
 40
5.0
 40
6.0
 40
7.0
 40
8.0
 40
9.0
 40
9.0
 40
9.0
 40
9.0
 10
400.6139274363574
 20
122.2912929922276
 42
-1.0
 10
386.4614997325278
 20
116.6743761603575
 42
-1.0
 10
352.3194562446899
 20
127.4676673274804
 42
-1.0
 10
341.7464363258755
 20
147.6224865477202
 42
-1.0
 10
351.658642499764
 20
177.6895119418484
 42
-1.0
 10
389.32502596054
 20
183.3064287737185
 42
-1.0
 10
437.2340224676673
 20
161.1691683187011
 42
-1.0
 10
414.766355140187
 20
127.9082098240977
 42
-1.0
 10
400.6139274363574
 20
122.2912929922276
 42
-1.0
 97
        0
 97
        0
 75
     0
 76
     1
 52
0.0
 41
1.0
 77
     0
 78
     1
 53
45.0
 43
0.0
 44
0.0
 45
-1.122532015133644
 46
1.122532015133644
 79
     0
 98
        0
1001
ACAD
1010
0.0
1020
0.0
1030
0.0
  0
ARC
  5
176
330
1F
100
AcDbEntity
  8
0
100
AcDbCircle
 10
255.9385316483103
 20
39.43938306221732
 30
0.0
 40
38.71787213434
100
AcDbArc
 50
19.14124926614353
 51
153.9703457045491
  0
LINE
  5
177
330
1F
100
AcDbEntity
  8
0
100
AcDbLine
 10
221.1479278769
 20
56.430189747947
 30
0.0
 11
292.4550805124
 21
52.308543161757
 31
0.0
  0
HATCH
  5
178
330
1F
100
AcDbEntity
  8
0
100
AcDbHatch
 10
0.0
 20
0.0
 30
0.0
210
0.0
220
0.0
230
1.0
  2
ANSI31
 70
     0
 71
     0
 91
        1
 92
        0
 93
        2
 72
     1
 10
292.4550805123972
 20
52.30854316175744
 11
221.1479278768998
 21
56.43018974794677
 72
     2
 10
255.9385316483082
 20
39.43938306221422
 40
38.71787213433959
 50
206.0296542954559
 51
340.5865258853733
 73
     0
 97
        0
 75
     0
 76
     1
 52
0.0
 41
1.0
 77
     0
 78
     1
 53
45.0
 43
0.0
 44
0.0
 45
-1.122532015133644
 46
1.122532015133644
 79
     0
 98
        0
1001
ACAD
1010
0.0
1020
0.0
1030
0.0
  0
ELLIPSE
  5
179
330
1F
100
AcDbEntity
  8
0
100
AcDbEllipse
 10
335.13829887662
 20
82.201925800057
 30
0.0
 11
32.71028037383189
 21
0.9912206173888478
 31
0.0
210
0.0
220
0.0
230
1.0
 40
0.3276269975769566
 41
0.0
 42
6.283185307179586
  0
HATCH
  5
17A
330
1F
100
AcDbEntity
  8
0
100
AcDbHatch
 10
0.0
 20
0.0
 30
0.0
210
0.0
220
0.0
230
1.0
  2
ANSI31
 70
     0
 71
     0
 91
        1
 92
        0
 93
        1
 72
     3
 10
335.1382988766166
 20
82.20192580005667
 11
32.71028037383178
 21
-0.9912206173888337
 40
0.3276269975769459
 50
0.0
 51
360.0
 73
     1
 97
        0
 75
     0
 76
     1
 52
0.0
 41
1.0
 77
     0
 78
     1
 53
45.0
 43
0.0
 44
0.0
 45
-1.122532015133644
 46
1.122532015133644
 79
     0
 98
        0
1001
ACAD
1010
0.0
1020
0.0
1030
0.0
  0
LINE
  5
17B
330
1F
100
AcDbEntity
  8
0
100
AcDbLine
 10
141.18946474087
 20
32.640894930615
 30
0.0
 11
186.12479939583
 21
34.623336165392
 31
0.0
  0
LINE
  5
17C
330
1F
100
AcDbEntity
  8
0
100
AcDbLine
 10
186.12479939583
 20
34.623336165392
 30
0.0
 11
184.33084626032
 21
75.286273903558
 31
0.0
  0
LINE
  5
17D
330
1F
100
AcDbEntity
  8
0
100
AcDbLine
 10
184.33084626032
 20
75.286273903558
 30
0.0
 11
138.87661663363
 21
62.37751345228
 31
0.0
  0
LINE
  5
17E
330
1F
100
AcDbEntity
  8
0
100
AcDbLine
 10
138.87661663363
 20
62.37751345228
 30
0.0
 11
141.18946474087
 21
32.640894930615
 31
0.0
  0
CIRCLE
  5
17F
330
1F
100
AcDbEntity
  8
0
100
AcDbCircle
 10
159.69224959879
 20
55.108562258095
 30
0.0
 40
6.8034939098375
  0
HATCH
  5
180
330
1F
100
AcDbEntity
  8
0
100
AcDbHatch
 10
0.0
 20
0.0
 30
0.0
210
0.0
220
0.0
230
1.0
  2
ANSI31
 70
     0
 71
     0
 91
        2
 92
        0
 93
        4
 72
     1
 10
141.1894647408666
 20
32.64089493061456
 11
138.876616633626
 21
62.37751345227983
 72
     1
 10
138.876616633626
 20
62.37751345227983
 11
184.3308462603201
 21
75.28627390355814
 72
     1
 10
184.3308462603201
 20
75.28627390355814
 11
186.1247993958274
 21
34.62333616539226
 72
     1
 10
186.1247993958274
 20
34.62333616539226
 11
141.1894647408666
 21
32.64089493061456
 97
        0
 92
        0
 93
        1
 72
     2
 10
159.6922495987916
 20
55.10856225809499
 40
6.803493909837543
 50
0.0
 51
360.0
 73
     1
 97
        0
 75
     0
 76
     1
 52
0.0
 41
1.0
 77
     0
 78
     1
 53
45.0
 43
0.0
 44
0.0
 45
-1.122532015133644
 46
1.122532015133644
 79
     0
 98
        0
1001
ACAD
1010
0.0
1020
0.0
1030
0.0
  0
VIEWPORT
  5
18E
330
18A
100
AcDbEntity
 67
     1
  8
0
100
AcDbViewport
 10
5.25
 20
4.0
 30
0.0
 40
11.638
 41
8.993
 68
     1
 69
     1
 12
5.25
 22
4.0
 13
0.0
 23
0.0
 14
0.5
 24
0.5
 15
0.5
 25
0.5
 16
0.0
 26
0.0
 36
1.0
 17
0.0
 27
0.0
 37
0.0
 42
50.0
 43
0.0
 44
0.0
 45
8.993
 50
0.0
 51
0.0
 72
   100
 90
   557152
  1

281
     0
 71
     1
 74
     0
110
0.0
120
0.0
130
0.0
111
1.0
121
0.0
131
0.0
112
0.0
122
1.0
132
0.0
 79
     0
146
0.0
170
     0
 61
     5
348
2F
292
     1
282
     1
141
0.0
142
0.0
 63
   256
361
18F
  0
ENDSEC
  0
SECTION
  2
OBJECTS
  0
DICTIONARY
  5
C
330
0
100
AcDbDictionary
281
     1
  3
ACAD_DETAILVIEWSTYLE
350
1C9
  3
ACAD_GROUP
350
D
  3
ACAD_LAYOUT
350
1A
  3
ACAD_MATERIAL
350
43
  3
ACAD_MLEADERSTYLE
350
5B
  3
ACAD_MLINESTYLE
350
17
  3
ACAD_PLOTSETTINGS
350
19
  3
ACAD_PLOTSTYLENAME
350
E
  3
ACAD_SCALELIST
350
47
  3
ACAD_SECTIONVIEWSTYLE
350
1CA
  3
ACAD_TABLESTYLE
350
59
  3
ACAD_VISUALSTYLE
350
2A
  3
ACDB_RECOMPOSE_DATA
350
1C6
  3
AcDbVariableDictionary
350
1C2
  3
LAYER_GROUP
350
181
  0
SUN
  5
5D
330
29
100
AcDbSun
 90
        1
290
     0
 63
     7
421
 16777215
 40
1.0
291
     1
 91
  2455826
 92
 54000000
292
     0
 70
     2
 71
   256
280
     1
  0
DICTIONARY
  5
182
330
1F
100
AcDbDictionary
280
     1
281
     1
  3
ACAD_SORTENTS
360
183
  0
SUN
  5
189
330
188
100
AcDbSun
 90
        1
290
     0
 63
     7
421
 16777215
 40
1.0
291
     1
 91
  2455826
 92
 54000000
292
     0
 70
     2
 71
   256
280
     1
  0
SUN
  5
18F
330
18E
100
AcDbSun
 90
        1
290
     0
 63
     7
421
 16777215
 40
1.0
291
     1
 91
  2455826
 92
 54000000
292
     0
 70
     2
 71
   256
280
     1
  0
DICTIONARY
  5
1C9
102
{ACAD_REACTORS
330
C
102
}
330
C
100
AcDbDictionary
281
     1
  0
DICTIONARY
  5
D
102
{ACAD_REACTORS
330
C
102
}
330
C
100
AcDbDictionary
281
     1
  0
DICTIONARY
  5
1A
102
{ACAD_REACTORS
330
C
102
}
330
C
100
AcDbDictionary
281
     1
  3
Model
350
22
  3
布局1
350
185
  3
布局2
350
18B
  0
DICTIONARY
  5
43
102
{ACAD_REACTORS
330
C
102
}
330
C
100
AcDbDictionary
281
     1
  3
ByBlock
350
45
  3
ByLayer
350
44
  3
Global
350
46
  0
DICTIONARY
  5
5B
102
{ACAD_REACTORS
330
C
102
}
330
C
100
AcDbDictionary
281
     1
  3
Annotative
350
11A
  3
Standard
350
5C
  0
DICTIONARY
  5
17
102
{ACAD_REACTORS
330
C
102
}
330
C
100
AcDbDictionary
281
     1
  3
Standard
350
18
  0
DICTIONARY
  5
19
102
{ACAD_REACTORS
330
C
102
}
330
C
100
AcDbDictionary
281
     1
  0
ACDBDICTIONARYWDFLT
  5
E
102
{ACAD_REACTORS
330
C
102
}
330
C
100
AcDbDictionary
281
     1
  3
Normal
350
F
100
AcDbDictionaryWithDefault
340
F
  0
DICTIONARY
  5
47
102
{ACAD_REACTORS
330
C
102
}
330
C
100
AcDbDictionary
281
     1
  3
A0
350
48
  3
A1
350
49
  3
A2
350
4A
  3
A3
350
4B
  3
A4
350
4C
  3
A5
350
4D
  3
A6
350
4E
  3
A7
350
4F
  3
A8
350
50
  3
A9
350
51
  3
B1
350
52
  3
B2
350
53
  3
B3
350
54
  3
B4
350
55
  3
B5
350
56
  3
B6
350
57
  3
B7
350
58
  0
DICTIONARY
  5
1CA
102
{ACAD_REACTORS
330
C
102
}
330
C
100
AcDbDictionary
281
     1
  0
DICTIONARY
  5
59
102
{ACAD_REACTORS
330
C
102
}
330
C
100
AcDbDictionary
281
     1
  3
Standard
350
11C
  0
DICTIONARY
  5
2A
102
{ACAD_REACTORS
330
C
102
}
330
C
100
AcDbDictionary
281
     1
  3
2dWireframe
350
2F
  3
Basic
350
32
  3
Brighten
350
36
  3
ColorChange
350
3A
  3
Conceptual
350
34
  3
Dim
350
35
  3
EdgeColorOff
350
3D
  3
Facepattern
350
39
  3
Flat
350
2B
  3
FlatWithEdges
350
2C
  3
Gouraud
350
2D
  3
GouraudWithEdges
350
2E
  3
Hidden
350
31
  3
JitterOff
350
3B
  3
Linepattern
350
38
  3
OverhangOff
350
3C
  3
Realistic
350
33
  3
Shaded
350
42
  3
Shaded with edges
350
41
  3
Shades of Gray
350
3E
  3
Sketchy
350
3F
  3
Thicken
350
37
  3
Wireframe
350
30
  3
X-Ray
350
40
  0
XRECORD
  5
1C6
102
{ACAD_REACTORS
330
C
102
}
330
C
100
AcDbXrecord
280
     1
 90
        1
330
11C
  0
DICTIONARY
  5
1C2
102
{ACAD_REACTORS
330
C
102
}
330
C
100
AcDbDictionary
281
     1
  3
CANNOSCALE
350
1C3
  3
CMLEADERSTYLE
350
1C8
  3
CTABLESTYLE
350
1C7
  0
DICTIONARY
  5
181
102
{ACAD_REACTORS
330
C
102
}
330
C
100
AcDbDictionary
281
     1
  0
SORTENTSTABLE
  5
183
102
{ACAD_REACTORS
330
182
102
}
330
182
100
AcDbSortentsTable
330
1F
  0
LAYOUT
  5
22
102
{ACAD_REACTORS
330
1A
102
}
330
1A
100
AcDbPlotSettings
  1

  2
none_device
  4
Letter_(8.50_x_11.00_Inches)
  6

 40
6.35
 41
6.35
 42
6.35000508
 43
6.35000508
 44
215.9
 45
279.4
 46
0.0
 47
0.0
 48
0.0
 49
0.0
140
0.0
141
0.0
142
1.0
143
1.0
 70
  1712
 72
     0
 73
     0
 74
     0
  7

 75
     0
 76
     0
 77
     2
 78
   300
147
1.0
148
0.0
149
0.0
100
AcDbLayout
  1
Model
 70
     1
 71
     0
 10
0.0
 20
0.0
 11
12.0
 21
9.0
 12
0.0
 22
0.0
 32
0.0
 14
73.786462758425
 24
32.64089493061456
 34
0.0
 15
423.9194698088262
 25
191.5666005852922
 35
0.0
146
0.0
 13
0.0
 23
0.0
 33
0.0
 16
1.0
 26
0.0
 36
0.0
 17
0.0
 27
1.0
 37
0.0
 76
     0
330
1F
331
29
  0
LAYOUT
  5
185
102
{ACAD_REACTORS
330
1A
102
}
330
1A
100
AcDbPlotSettings
  1

  2
none_device
  4
Letter_(8.50_x_11.00_Inches)
  6

 40
6.35
 41
6.35
 42
6.35001
 43
6.35001
 44
215.9
 45
279.4
 46
0.0
 47
0.0
 48
0.0
 49
0.0
140
0.0
141
0.0
142
1.0
143
1.0
 70
   688
 72
     0
 73
     1
 74
     5
  7

 75
    16
 76
     0
 77
     2
 78
   300
147
1.0
148
0.0
149
0.0
100
AcDbLayout
  1
布局1
 70
     1
 71
     1
 10
-0.25
 20
-0.25
 11
10.75
 21
8.25
 12
0.0
 22
0.0
 32
0.0
 14
0.0
 24
0.0
 34
0.0
 15
0.0
 25
0.0
 35
0.0
146
0.0
 13
0.0
 23
0.0
 33
0.0
 16
1.0
 26
0.0
 36
0.0
 17
0.0
 27
1.0
 37
0.0
 76
     0
330
184
331
188
  0
LAYOUT
  5
18B
102
{ACAD_REACTORS
330
1A
102
}
330
1A
100
AcDbPlotSettings
  1

  2
none_device
  4
Letter_(8.50_x_11.00_Inches)
  6

 40
6.35
 41
6.35
 42
6.35001
 43
6.35001
 44
215.9
 45
279.4
 46
0.0
 47
0.0
 48
0.0
 49
0.0
140
0.0
141
0.0
142
1.0
143
1.0
 70
   688
 72
     0
 73
     1
 74
     5
  7

 75
    16
 76
     0
 77
     2
 78
   300
147
1.0
148
0.0
149
0.0
100
AcDbLayout
  1
布局2
 70
     1
 71
     2
 10
0.0
 20
0.0
 11
0.0
 21
0.0
 12
0.0
 22
0.0
 32
0.0
 14
423.9194698088262
 24
191.5666005852922
 34
0.0
 15
73.786462758425
 25
32.64089493061456
 35
0.0
146
0.0
 13
0.0
 23
0.0
 33
0.0
 16
1.0
 26
0.0
 36
0.0
 17
0.0
 27
1.0
 37
0.0
 76
     0
330
18A
331
18E
  0
MATERIAL
  5
45
102
{ACAD_REACTORS
330
43
102
}
330
43
100
AcDbMaterial
  1
ByBlock
 72
     1
 94
      127
  0
MATERIAL
  5
44
102
{ACAD_REACTORS
330
43
102
}
330
43
100
AcDbMaterial
  1
ByLayer
 72
     1
 94
      127
  0
MATERIAL
  5
46
102
{ACAD_REACTORS
330
43
102
}
330
43
100
AcDbMaterial
  1
Global
 72
     1
 94
      127
  0
MLEADERSTYLE
  5
11A
102
{ACAD_REACTORS
330
5B
102
}
330
5B
100
AcDbMLeaderStyle
179
     2
170
     2
171
     1
172
     0
 90
        2
 40
0.0
 41
0.0
173
     1
 91
-1056964608
340
14
 92
       -2
290
     1
 42
2.0
291
     1
 43
8.0
  3

341
0
 44
4.0
300

342
11
174
     7
178
     6
175
     1
176
     0
 93
-1056964608
 45
4.0
292
     0
297
     0
 46
5.0
343
0
 94
-1056964608
 47
1.0
 49
1.0
140
1.0
293
     1
141
0.0
294
     1
177
     0
142
1.0
295
     0
296
     1
143
3.75
271
     0
272
     9
273
     9
298
     0
  0
MLEADERSTYLE
  5
5C
102
{ACAD_REACTORS
330
5B
102
}
330
5B
100
AcDbMLeaderStyle
179
     2
170
     2
171
     1
172
     0
 90
        2
 40
0.0
 41
0.0
173
     1
 91
-1056964608
340
14
 92
       -2
290
     1
 42
2.0
291
     1
 43
8.0
  3
Standard
341
0
 44
4.0
300

342
11
174
     1
178
     3
175
     1
176
     0
 93
-1056964608
 45
4.0
292
     0
297
     0
 46
0.18
343
0
 94
-1056964608
 47
1.0
 49
1.0
140
1.0
293
     1
141
0.0
294
     1
177
     0
142
1.0
295
     0
296
     0
143
3.75
271
     0
272
     9
273
     9
298
     0
  0
MLINESTYLE
  5
18
102
{ACAD_REACTORS
330
17
102
}
330
17
100
AcDbMlineStyle
  2
Standard
 70
     0
  3

 62
   256
 51
90.0
 52
90.0
 71
     2
 49
0.5
 62
   256
  6
BYLAYER
 49
-0.5
 62
   256
  6
BYLAYER
  0
ACDBPLACEHOLDER
  5
F
102
{ACAD_REACTORS
330
E
102
}
330
E
  0
SCALE
  5
48
102
{ACAD_REACTORS
330
47
102
}
330
47
100
AcDbScale
 70
     0
300
1:1
140
1.0
141
1.0
290
     1
  0
SCALE
  5
49
102
{ACAD_REACTORS
330
47
102
}
330
47
100
AcDbScale
 70
     0
300
1/128" = 1'-0"
140
0.0078125
141
12.0
290
     0
  0
SCALE
  5
4A
102
{ACAD_REACTORS
330
47
102
}
330
47
100
AcDbScale
 70
     0
300
1/64" = 1'-0"
140
0.015625
141
12.0
290
     0
  0
SCALE
  5
4B
102
{ACAD_REACTORS
330
47
102
}
330
47
100
AcDbScale
 70
     0
300
1/32" = 1'-0"
140
0.03125
141
12.0
290
     0
  0
SCALE
  5
4C
102
{ACAD_REACTORS
330
47
102
}
330
47
100
AcDbScale
 70
     0
300
1/16" = 1'-0"
140
0.0625
141
12.0
290
     0
  0
SCALE
  5
4D
102
{ACAD_REACTORS
330
47
102
}
330
47
100
AcDbScale
 70
     0
300
3/32" = 1'-0"
140
0.09375
141
12.0
290
     0
  0
SCALE
  5
4E
102
{ACAD_REACTORS
330
47
102
}
330
47
100
AcDbScale
 70
     0
300
1/8" = 1'-0"
140
0.125
141
12.0
290
     0
  0
SCALE
  5
4F
102
{ACAD_REACTORS
330
47
102
}
330
47
100
AcDbScale
 70
     0
300
3/16" = 1'-0"
140
0.1875
141
12.0
290
     0
  0
SCALE
  5
50
102
{ACAD_REACTORS
330
47
102
}
330
47
100
AcDbScale
 70
     0
300
1/4" = 1'-0"
140
0.25
141
12.0
290
     0
  0
SCALE
  5
51
102
{ACAD_REACTORS
330
47
102
}
330
47
100
AcDbScale
 70
     0
300
3/8" = 1'-0"
140
0.375
141
12.0
290
     0
  0
SCALE
  5
52
102
{ACAD_REACTORS
330
47
102
}
330
47
100
AcDbScale
 70
     0
300
1/2" = 1'-0"
140
0.5
141
12.0
290
     0
  0
SCALE
  5
53
102
{ACAD_REACTORS
330
47
102
}
330
47
100
AcDbScale
 70
     0
300
3/4" = 1'-0"
140
0.75
141
12.0
290
     0
  0
SCALE
  5
54
102
{ACAD_REACTORS
330
47
102
}
330
47
100
AcDbScale
 70
     0
300
1" = 1'-0"
140
1.0
141
12.0
290
     0
  0
SCALE
  5
55
102
{ACAD_REACTORS
330
47
102
}
330
47
100
AcDbScale
 70
     0
300
1-1/2" = 1'-0"
140
1.5
141
12.0
290
     0
  0
SCALE
  5
56
102
{ACAD_REACTORS
330
47
102
}
330
47
100
AcDbScale
 70
     0
300
3" = 1'-0"
140
3.0
141
12.0
290
     0
  0
SCALE
  5
57
102
{ACAD_REACTORS
330
47
102
}
330
47
100
AcDbScale
 70
     0
300
6" = 1'-0"
140
6.0
141
12.0
290
     0
  0
SCALE
  5
58
102
{ACAD_REACTORS
330
47
102
}
330
47
100
AcDbScale
 70
     0
300
1'-0" = 1'-0"
140
12.0
141
12.0
290
     0
  0
TABLESTYLE
  5
11C
102
{ACAD_REACTORS
330
59
102
}
102
{ACAD_XDICTIONARY
360
1C4
102
}
330
59
100
AcDbTableStyle
  3

 70
     0
 71
     0
 40
0.06
 41
0.06
280
     0
281
     0
  7
Standard
140
0.18
170
     5
 62
     0
 63
   257
283
     0
 90
        4
 91
        0
  1

274
    -2
284
     1
 64
     0
275
    -2
285
     1
 65
     0
276
    -2
286
     1
 66
     0
277
    -2
287
     1
 67
     0
278
    -2
288
     1
 68
     0
279
    -2
289
     1
 69
     0
  7
Standard
140
0.25
170
     5
 62
     0
 63
   257
283
     0
 90
        4
 91
        0
  1

274
    -2
284
     1
 64
     0
275
    -2
285
     1
 65
     0
276
    -2
286
     1
 66
     0
277
    -2
287
     1
 67
     0
278
    -2
288
     1
 68
     0
279
    -2
289
     1
 69
     0
  7
Standard
140
0.18
170
     5
 62
     0
 63
   257
283
     0
 90
        4
 91
        0
  1

274
    -2
284
     1
 64
     0
275
    -2
285
     1
 65
     0
276
    -2
286
     1
 66
     0
277
    -2
287
     1
 67
     0
278
    -2
288
     1
 68
     0
279
    -2
289
     1
 69
     0
  0
VISUALSTYLE
  5
2F
102
{ACAD_REACTORS
330
2A
102
}
330
2A
100
AcDbVisualStyle
  2
2dWireframe
 70
     4
177
     3
291
     0
 70
    58
 90
        0
176
     1
 90
        2
176
     1
 90
        0
176
     1
 90
        0
176
     1
 40
0.6
176
     1
 40
30.0
176
     1
 62
     7
420
 16777215
176
     1
 90
        1
176
     1
 90
        4
176
     1
 62
     7
176
     1
 62
   257
176
     1
 90
        1
176
     1
 90
        1
176
     1
 40
1.0
176
     1
 90
        0
176
     1
 62
   257
176
     1
 40
1.0
176
     1
 90
        1
176
     1
 90
        6
176
     1
 90
        2
176
     1
 62
     7
176
     1
 90
        5
176
     1
 90
        0
176
     1
 90
        0
176
     1
290
     0
176
     1
 90
        1
176
     1
 40
0.0
176
     1
 90
        0
176
     1
290
     1
176
     1
290
     1
176
     1
290
     0
176
     1
290
     0
176
     1
290
     0
176
     1
290
     0
176
     1
290
     0
176
     1
290
     0
176
     1
290
     0
176
     1
 90
       50
176
     1
 40
0.0
176
     1
 40
1.0
176
     1
 90
        0
176
     1
 62
    18
420
        0
176
     1
 90
       50
176
     1
 90
        3
176
     1
 62
     5
420
      255
176
     1
290
     0
176
     1
 90
       50
176
     1
 90
       50
176
     1
 90
       50
176
     1
290
     0
176
     1
 90
       50
176
     1
 62
   256
176
     0
 40
1.0
176
     0
 90
        2
176
     1
  1
strokes_ogs.tif
176
     1
290
     0
176
     1
 40
1.0
176
     1
 40
1.0
176
     1
  0
VISUALSTYLE
  5
32
102
{ACAD_REACTORS
330
2A
102
}
330
2A
100
AcDbVisualStyle
  2
Basic
 70
     7
177
     3
291
     1
 70
    58
 90
        1
176
     1
 90
        0
176
     1
 90
        1
176
     1
 90
        0
176
     1
 40
0.6
176
     1
 40
30.0
176
     1
 62
     7
420
 16777215
176
     1
 90
        0
176
     1
 90
        4
176
     1
 62
     7
176
     1
 62
   257
176
     1
 90
        1
176
     1
 90
        1
176
     1
 40
1.0
176
     1
 90
        8
176
     1
 62
     7
176
     1
 40
1.0
176
     1
 90
        1
176
     1
 90
        6
176
     1
 90
        2
176
     1
 62
     7
176
     1
 90
        5
176
     1
 90
        0
176
     1
 90
        0
176
     1
290
     0
176
     1
 90
        1
176
     1
 40
0.0
176
     1
 90
        0
176
     1
290
     0
176
     1
290
     1
176
     1
290
     1
176
     1
290
     0
176
     1
290
     0
176
     1
290
     0
176
     1
290
     0
176
     1
290
     0
176
     1
290
     0
176
     1
 90
       50
176
     1
 40
0.0
176
     1
 40
1.0
176
     1
 90
        0
176
     1
 62
    18
420
        0
176
     1
 90
       50
176
     1
 90
        3
176
     1
 62
     5
420
      255
176
     1
290
     0
176
     1
 90
       50
176
     1
 90
       50
176
     1
 90
       50
176
     1
290
     0
176
     1
 90
       50
176
     1
 62
   256
176
     0
 40
1.0
176
     0
 90
        2
176
     1
  1
strokes_ogs.tif
176
     1
290
     0
176
     1
 40
1.0
176
     1
 40
1.0
176
     1
  0
VISUALSTYLE
  5
36
102
{ACAD_REACTORS
330
2A
102
}
330
2A
100
AcDbVisualStyle
  2
Brighten
 70
    12
177
     3
291
     1
 70
    58
 90
        2
176
     1
 90
        2
176
     1
 90
        0
176
     1
 90
        0
176
     1
 40
0.6
176
     1
 40
30.0
176
     1
 62
     7
420
 16777215
176
     1
 90
        1
176
     1
 90
        4
176
     1
 62
     7
176
     1
 62
   257
176
     1
 90
        1
176
     1
 90
        1
176
     1
 40
1.0
176
     1
 90
        8
176
     1
 62
     7
176
     1
 40
1.0
176
     1
 90
        1
176
     1
 90
        6
176
     1
 90
        2
176
     1
 62
     7
176
     1
 90
        5
176
     1
 90
        0
176
     1
 90
        0
176
     1
290
     0
176
     1
 90
        1
176
     1
 40
50.0
176
     1
 90
        0
176
     1
290
     0
176
     1
290
     1
176
     1
290
     1
176
     1
290
     0
176
     1
290
     0
176
     1
290
     0
176
     1
290
     0
176
     1
290
     0
176
     1
290
     0
176
     1
 90
       50
176
     1
 40
0.0
176
     1
 40
1.0
176
     1
 90
        0
176
     1
 62
    18
420
        0
176
     1
 90
       50
176
     1
 90
        3
176
     1
 62
     5
420
      255
176
     1
290
     0
176
     1
 90
       50
176
     1
 90
       50
176
     1
 90
       50
176
     1
290
     0
176
     1
 90
       50
176
     1
 62
   256
176
     0
 40
1.0
176
     0
 90
        2
176
     1
  1
strokes_ogs.tif
176
     1
290
     0
176
     1
 40
1.0
176
     1
 40
1.0
176
     1
  0
VISUALSTYLE
  5
3A
102
{ACAD_REACTORS
330
2A
102
}
330
2A
100
AcDbVisualStyle
  2
ColorChange
 70
    16
177
     3
291
     1
 70
    58
 90
        2
176
     1
 90
        2
176
     1
 90
        3
176
     1
 90
        0
176
     1
 40
0.6
176
     1
 40
30.0
176
     1
 62
     8
420
  8421504
176
     1
 90
        1
176
     1
 90
        4
176
     1
 62
     7
176
     1
 62
   257
176
     1
 90
        1
176
     1
 90
        1
176
     1
 40
1.0
176
     1
 90
        8
176
     1
 62
     8
420
  8421504
176
     1
 40
1.0
176
     1
 90
        1
176
     1
 90
        6
176
     1
 90
        2
176
     1
 62
     7
176
     1
 90
        5
176
     1
 90
        0
176
     1
 90
        0
176
     1
290
     0
176
     1
 90
        1
176
     1
 40
0.0
176
     1
 90
        0
176
     1
290
     0
176
     1
290
     1
176
     1
290
     1
176
     1
290
     0
176
     1
290
     0
176
     1
290
     0
176
     1
290
     0
176
     1
290
     0
176
     1
290
     0
176
     1
 90
       50
176
     1
 40
0.0
176
     1
 40
1.0
176
     1
 90
        0
176
     1
 62
    18
420
        0
176
     1
 90
       50
176
     1
 90
        3
176
     1
 62
     5
420
      255
176
     1
290
     0
176
     1
 90
       50
176
     1
 90
       50
176
     1
 90
       50
176
     1
290
     0
176
     1
 90
       50
176
     1
 62
   256
176
     0
 40
1.0
176
     0
 90
        2
176
     1
  1
strokes_ogs.tif
176
     1
290
     0
176
     1
 40
1.0
176
     1
 40
1.0
176
     1
  0
VISUALSTYLE
  5
34
102
{ACAD_REACTORS
330
2A
102
}
330
2A
100
AcDbVisualStyle
  2
Conceptual
 70
     9
177
     3
291
     0
 70
    58
 90
        3
176
     1
 90
        2
176
     1
 90
        0
176
     1
 90
        0
176
     1
 40
0.6
176
     1
 40
30.0
176
     1
 62
     7
420
 16777215
176
     1
 90
        2
176
     1
 90
        2
176
     1
 62
     7
176
     1
 62
   257
176
     1
 90
        1
176
     1
 90
        1
176
     1
 40
179.0
176
     1
 90
        8
176
     1
 62
     7
176
     1
 40
1.0
176
     1
 90
        1
176
     1
 90
        6
176
     1
 90
        2
176
     1
 62
     7
176
     1
 90
        3
176
     1
 90
        0
176
     1
 90
        0
176
     1
290
     0
176
     1
 90
        1
176
     1
 40
0.0
176
     1
 90
        0
176
     1
290
     0
176
     1
290
     1
176
     1
290
     1
176
     1
290
     0
176
     1
290
     0
176
     1
290
     0
176
     1
290
     0
176
     1
290
     0
176
     1
290
     0
176
     1
 90
       50
176
     1
 40
0.0
176
     1
 40
1.0
176
     1
 90
        0
176
     1
 62
    18
420
        0
176
     1
 90
       50
176
     1
 90
        3
176
     1
 62
     5
420
      255
176
     1
290
     0
176
     1
 90
       50
176
     1
 90
       50
176
     1
 90
       50
176
     1
290
     0
176
     1
 90
       50
176
     1
 62
   256
176
     0
 40
1.0
176
     0
 90
        2
176
     1
  1
strokes_ogs.tif
176
     1
290
     0
176
     1
 40
1.0
176
     1
 40
1.0
176
     1
  0
VISUALSTYLE
  5
35
102
{ACAD_REACTORS
330
2A
102
}
330
2A
100
AcDbVisualStyle
  2
Dim
 70
    11
177
     3
291
     1
 70
    58
 90
        2
176
     1
 90
        2
176
     1
 90
        0
176
     1
 90
        0
176
     1
 40
0.6
176
     1
 40
30.0
176
     1
 62
     7
420
 16777215
176
     1
 90
        1
176
     1
 90
        4
176
     1
 62
     7
176
     1
 62
   257
176
     1
 90
        1
176
     1
 90
        1
176
     1
 40
1.0
176
     1
 90
        8
176
     1
 62
     7
176
     1
 40
1.0
176
     1
 90
        1
176
     1
 90
        6
176
     1
 90
        2
176
     1
 62
     7
176
     1
 90
        5
176
     1
 90
        0
176
     1
 90
        0
176
     1
290
     0
176
     1
 90
        1
176
     1
 40
-50.0
176
     1
 90
        0
176
     1
290
     0
176
     1
290
     1
176
     1
290
     1
176
     1
290
     0
176
     1
290
     0
176
     1
290
     0
176
     1
290
     0
176
     1
290
     0
176
     1
290
     0
176
     1
 90
       50
176
     1
 40
0.0
176
     1
 40
1.0
176
     1
 90
        0
176
     1
 62
    18
420
        0
176
     1
 90
       50
176
     1
 90
        3
176
     1
 62
     5
420
      255
176
     1
290
     0
176
     1
 90
       50
176
     1
 90
       50
176
     1
 90
       50
176
     1
290
     0
176
     1
 90
       50
176
     1
 62
   256
176
     0
 40
1.0
176
     0
 90
        2
176
     1
  1
strokes_ogs.tif
176
     1
290
     0
176
     1
 40
1.0
176
     1
 40
1.0
176
     1
  0
VISUALSTYLE
  5
3D
102
{ACAD_REACTORS
330
2A
102
}
330
2A
100
AcDbVisualStyle
  2
EdgeColorOff
 70
    22
177
     3
291
     1
 70
    58
 90
        2
176
     0
 90
        2
176
     0
 90
        0
176
     0
 90
        0
176
     0
 40
0.6
176
     0
 40
30.0
176
     0
 62
     7
420
 16777215
176
     0
 90
        1
176
     0
 90
        4
176
     0
 62
     7
176
     0
 62
   257
176
     0
 90
        1
176
     0
 90
        1
176
     0
 40
1.0
176
     0
 90
        8
176
     2
 62
     7
176
     0
 40
1.0
176
     0
 90
        1
176
     0
 90
        6
176
     0
 90
        2
176
     0
 62
     7
176
     0
 90
        5
176
     0
 90
        0
176
     0
 90
        0
176
     0
290
     0
176
     0
 90
        1
176
     0
 40
0.0
176
     0
 90
        0
176
     0
290
     0
176
     0
290
     1
176
     0
290
     1
176
     0
290
     0
176
     0
290
     0
176
     0
290
     0
176
     0
290
     0
176
     0
290
     0
176
     0
290
     0
176
     0
 90
       50
176
     0
 40
0.0
176
     0
 40
1.0
176
     0
 90
        0
176
     0
 62
    18
420
        0
176
     0
 90
       50
176
     0
 90
        3
176
     0
 62
     5
420
      255
176
     0
290
     0
176
     0
 90
       50
176
     0
 90
       50
176
     0
 90
       50
176
     0
290
     0
176
     0
 90
       50
176
     0
 62
   256
176
     0
 40
1.0
176
     0
 90
        2
176
     0
  1
strokes_ogs.tif
176
     0
290
     0
176
     0
 40
1.0
176
     0
 40
1.0
176
     0
  0
VISUALSTYLE
  5
39
102
{ACAD_REACTORS
330
2A
102
}
330
2A
100
AcDbVisualStyle
  2
Facepattern
 70
    15
177
     3
291
     1
 70
    58
 90
        2
176
     1
 90
        2
176
     1
 90
        0
176
     1
 90
        0
176
     1
 40
0.6
176
     1
 40
30.0
176
     1
 62
     7
420
 16777215
176
     1
 90
        1
176
     1
 90
        4
176
     1
 62
     7
176
     1
 62
   257
176
     1
 90
        1
176
     1
 90
        1
176
     1
 40
1.0
176
     1
 90
        8
176
     1
 62
     7
176
     1
 40
1.0
176
     1
 90
        1
176
     1
 90
        6
176
     1
 90
        2
176
     1
 62
     7
176
     1
 90
        5
176
     1
 90
        0
176
     1
 90
        0
176
     1
290
     0
176
     1
 90
        1
176
     1
 40
0.0
176
     1
 90
        0
176
     1
290
     0
176
     1
290
     1
176
     1
290
     1
176
     1
290
     0
176
     1
290
     0
176
     1
290
     0
176
     1
290
     0
176
     1
290
     0
176
     1
290
     0
176
     1
 90
       50
176
     1
 40
0.0
176
     1
 40
1.0
176
     1
 90
        0
176
     1
 62
    18
420
        0
176
     1
 90
       50
176
     1
 90
        3
176
     1
 62
     5
420
      255
176
     1
290
     0
176
     1
 90
       50
176
     1
 90
       50
176
     1
 90
       50
176
     1
290
     0
176
     1
 90
       50
176
     1
 62
   256
176
     0
 40
1.0
176
     0
 90
        2
176
     1
  1
strokes_ogs.tif
176
     1
290
     0
176
     1
 40
1.0
176
     1
 40
1.0
176
     1
  0
VISUALSTYLE
  5
2B
102
{ACAD_REACTORS
330
2A
102
}
330
2A
100
AcDbVisualStyle
  2
Flat
 70
     0
177
     3
291
     1
 70
    58
 90
        2
176
     1
 90
        1
176
     1
 90
        1
176
     1
 90
        2
176
     1
 40
0.6
176
     1
 40
30.0
176
     1
 62
     7
420
 16777215
176
     1
 90
        0
176
     1
 90
        0
176
     1
 62
     7
176
     1
 62
   257
176
     1
 90
        1
176
     1
 90
        1
176
     1
 40
1.0
176
     1
 90
        8
176
     1
 62
     7
176
     1
 40
1.0
176
     1
 90
        1
176
     1
 90
        6
176
     1
 90
        2
176
     1
 62
     7
176
     1
 90
        5
176
     1
 90
        0
176
     1
 90
        0
176
     1
290
     0
176
     1
 90
       13
176
     1
 40
0.0
176
     1
 90
        0
176
     1
290
     0
176
     1
290
     1
176
     1
290
     1
176
     1
290
     0
176
     1
290
     0
176
     1
290
     0
176
     1
290
     0
176
     1
290
     0
176
     1
290
     0
176
     1
 90
       50
176
     1
 40
0.0
176
     1
 40
1.0
176
     1
 90
        0
176
     1
 62
    18
420
        0
176
     1
 90
       50
176
     1
 90
        3
176
     1
 62
     5
420
      255
176
     1
290
     0
176
     1
 90
       50
176
     1
 90
       50
176
     1
 90
       50
176
     1
290
     0
176
     1
 90
       50
176
     1
 62
   256
176
     0
 40
1.0
176
     0
 90
        2
176
     1
  1
strokes_ogs.tif
176
     1
290
     0
176
     1
 40
1.0
176
     1
 40
1.0
176
     1
  0
VISUALSTYLE
  5
2C
102
{ACAD_REACTORS
330
2A
102
}
330
2A
100
AcDbVisualStyle
  2
FlatWithEdges
 70
     1
177
     3
291
     1
 70
    58
 90
        2
176
     1
 90
        1
176
     1
 90
        1
176
     1
 90
        2
176
     1
 40
0.6
176
     1
 40
30.0
176
     1
 62
     7
420
 16777215
176
     1
 90
        1
176
     1
 90
        0
176
     1
 62
     7
176
     1
 62
   257
176
     1
 90
        1
176
     1
 90
        1
176
     1
 40
1.0
176
     1
 90
        0
176
     1
 62
   257
176
     1
 40
1.0
176
     1
 90
        1
176
     1
 90
        6
176
     1
 90
        2
176
     1
 62
     7
176
     1
 90
        5
176
     1
 90
        0
176
     1
 90
        0
176
     1
290
     0
176
     1
 90
       13
176
     1
 40
0.0
176
     1
 90
        0
176
     1
290
     0
176
     1
290
     1
176
     1
290
     1
176
     1
290
     0
176
     1
290
     0
176
     1
290
     0
176
     1
290
     0
176
     1
290
     0
176
     1
290
     0
176
     1
 90
       50
176
     1
 40
0.0
176
     1
 40
1.0
176
     1
 90
        0
176
     1
 62
    18
420
        0
176
     1
 90
       50
176
     1
 90
        3
176
     1
 62
     5
420
      255
176
     1
290
     0
176
     1
 90
       50
176
     1
 90
       50
176
     1
 90
       50
176
     1
290
     0
176
     1
 90
       50
176
     1
 62
   256
176
     0
 40
1.0
176
     0
 90
        2
176
     1
  1
strokes_ogs.tif
176
     1
290
     0
176
     1
 40
1.0
176
     1
 40
1.0
176
     1
  0
VISUALSTYLE
  5
2D
102
{ACAD_REACTORS
330
2A
102
}
330
2A
100
AcDbVisualStyle
  2
Gouraud
 70
     2
177
     3
291
     1
 70
    58
 90
        2
176
     1
 90
        2
176
     1
 90
        1
176
     1
 90
        2
176
     1
 40
0.6
176
     1
 40
30.0
176
     1
 62
     7
420
 16777215
176
     1
 90
        0
176
     1
 90
        0
176
     1
 62
     7
176
     1
 62
   257
176
     1
 90
        1
176
     1
 90
        1
176
     1
 40
1.0
176
     1
 90
        0
176
     1
 62
     7
176
     1
 40
1.0
176
     1
 90
        1
176
     1
 90
        6
176
     1
 90
        2
176
     1
 62
     7
176
     1
 90
        5
176
     1
 90
        0
176
     1
 90
        0
176
     1
290
     0
176
     1
 90
       13
176
     1
 40
0.0
176
     1
 90
        0
176
     1
290
     0
176
     1
290
     1
176
     1
290
     1
176
     1
290
     0
176
     1
290
     0
176
     1
290
     0
176
     1
290
     0
176
     1
290
     0
176
     1
290
     0
176
     1
 90
       50
176
     1
 40
0.0
176
     1
 40
1.0
176
     1
 90
        0
176
     1
 62
    18
420
        0
176
     1
 90
       50
176
     1
 90
        3
176
     1
 62
     5
420
      255
176
     1
290
     0
176
     1
 90
       50
176
     1
 90
       50
176
     1
 90
       50
176
     1
290
     0
176
     1
 90
       50
176
     1
 62
   256
176
     0
 40
1.0
176
     0
 90
        2
176
     1
  1
strokes_ogs.tif
176
     1
290
     0
176
     1
 40
1.0
176
     1
 40
1.0
176
     1
  0
VISUALSTYLE
  5
2E
102
{ACAD_REACTORS
330
2A
102
}
330
2A
100
AcDbVisualStyle
  2
GouraudWithEdges
 70
     3
177
     3
291
     1
 70
    58
 90
        2
176
     1
 90
        2
176
     1
 90
        1
176
     1
 90
        2
176
     1
 40
0.6
176
     1
 40
30.0
176
     1
 62
     7
420
 16777215
176
     1
 90
        1
176
     1
 90
        0
176
     1
 62
     7
176
     1
 62
   257
176
     1
 90
        1
176
     1
 90
        1
176
     1
 40
1.0
176
     1
 90
        0
176
     1
 62
   257
176
     1
 40
1.0
176
     1
 90
        1
176
     1
 90
        6
176
     1
 90
        2
176
     1
 62
     7
176
     1
 90
        5
176
     1
 90
        0
176
     1
 90
        0
176
     1
290
     0
176
     1
 90
       13
176
     1
 40
0.0
176
     1
 90
        0
176
     1
290
     0
176
     1
290
     1
176
     1
290
     1
176
     1
290
     0
176
     1
290
     0
176
     1
290
     0
176
     1
290
     0
176
     1
290
     0
176
     1
290
     0
176
     1
 90
       50
176
     1
 40
0.0
176
     1
 40
1.0
176
     1
 90
        0
176
     1
 62
    18
420
        0
176
     1
 90
       50
176
     1
 90
        3
176
     1
 62
     5
420
      255
176
     1
290
     0
176
     1
 90
       50
176
     1
 90
       50
176
     1
 90
       50
176
     1
290
     0
176
     1
 90
       50
176
     1
 62
   256
176
     0
 40
1.0
176
     0
 90
        2
176
     1
  1
strokes_ogs.tif
176
     1
290
     0
176
     1
 40
1.0
176
     1
 40
1.0
176
     1
  0
VISUALSTYLE
  5
31
102
{ACAD_REACTORS
330
2A
102
}
330
2A
100
AcDbVisualStyle
  2
Hidden
 70
     6
177
     3
291
     0
 70
    58
 90
        1
176
     1
 90
        2
176
     1
 90
        2
176
     1
 90
        0
176
     1
 40
0.6
176
     1
 40
30.0
176
     1
 62
     7
420
 16777215
176
     1
 90
        2
176
     1
 90
        2
176
     1
 62
     7
176
     1
 62
   257
176
     1
 90
        2
176
     1
 90
        1
176
     1
 40
40.0
176
     1
 90
        0
176
     1
 62
   257
176
     1
 40
1.0
176
     1
 90
        1
176
     1
 90
        6
176
     1
 90
        2
176
     1
 62
     7
176
     1
 90
        3
176
     1
 90
        0
176
     1
 90
        0
176
     1
290
     0
176
     1
 90
        1
176
     1
 40
0.0
176
     1
 90
        0
176
     1
290
     0
176
     1
290
     1
176
     1
290
     1
176
     1
290
     0
176
     1
290
     0
176
     1
290
     0
176
     1
290
     0
176
     1
290
     0
176
     1
290
     0
176
     1
 90
       50
176
     1
 40
0.0
176
     1
 40
1.0
176
     1
 90
        0
176
     1
 62
    18
420
        0
176
     1
 90
       50
176
     1
 90
        3
176
     1
 62
     5
420
      255
176
     1
290
     0
176
     1
 90
       50
176
     1
 90
       50
176
     1
 90
       50
176
     1
290
     0
176
     1
 90
       50
176
     1
 62
   256
176
     0
 40
1.0
176
     0
 90
        2
176
     1
  1
strokes_ogs.tif
176
     1
290
     0
176
     1
 40
1.0
176
     1
 40
1.0
176
     1
  0
VISUALSTYLE
  5
3B
102
{ACAD_REACTORS
330
2A
102
}
330
2A
100
AcDbVisualStyle
  2
JitterOff
 70
    20
177
     3
291
     1
 70
    58
 90
        2
176
     0
 90
        2
176
     0
 90
        0
176
     0
 90
        0
176
     0
 40
0.6
176
     0
 40
30.0
176
     0
 62
     7
420
 16777215
176
     0
 90
        1
176
     0
 90
        4
176
     0
 62
     7
176
     0
 62
   257
176
     0
 90
        1
176
     0
 90
        1
176
     0
 40
1.0
176
     0
 90
       10
176
     2
 62
     7
176
     0
 40
1.0
176
     0
 90
        1
176
     0
 90
        6
176
     0
 90
        2
176
     0
 62
     7
176
     0
 90
        5
176
     0
 90
        0
176
     0
 90
        0
176
     0
290
     0
176
     0
 90
        1
176
     0
 40
0.0
176
     0
 90
        0
176
     0
290
     0
176
     0
290
     1
176
     0
290
     1
176
     0
290
     0
176
     0
290
     0
176
     0
290
     0
176
     0
290
     0
176
     0
290
     0
176
     0
290
     0
176
     0
 90
       50
176
     0
 40
0.0
176
     0
 40
1.0
176
     0
 90
        0
176
     0
 62
    18
420
        0
176
     0
 90
       50
176
     0
 90
        3
176
     0
 62
     5
420
      255
176
     0
290
     0
176
     0
 90
       50
176
     0
 90
       50
176
     0
 90
       50
176
     0
290
     0
176
     0
 90
       50
176
     0
 62
   256
176
     0
 40
1.0
176
     0
 90
        2
176
     0
  1
strokes_ogs.tif
176
     0
290
     0
176
     0
 40
1.0
176
     0
 40
1.0
176
     0
  0
VISUALSTYLE
  5
38
102
{ACAD_REACTORS
330
2A
102
}
330
2A
100
AcDbVisualStyle
  2
Linepattern
 70
    14
177
     3
291
     1
 70
    58
 90
        2
176
     1
 90
        2
176
     1
 90
        0
176
     1
 90
        0
176
     1
 40
0.6
176
     1
 40
30.0
176
     1
 62
     7
420
 16777215
176
     1
 90
        1
176
     1
 90
        4
176
     1
 62
     7
176
     1
 62
   257
176
     1
 90
        7
176
     1
 90
        7
176
     1
 40
1.0
176
     1
 90
        8
176
     1
 62
     7
176
     1
 40
1.0
176
     1
 90
        1
176
     1
 90
        6
176
     1
 90
        2
176
     1
 62
     7
176
     1
 90
        5
176
     1
 90
        0
176
     1
 90
        0
176
     1
290
     0
176
     1
 90
        1
176
     1
 40
0.0
176
     1
 90
        0
176
     1
290
     0
176
     1
290
     1
176
     1
290
     1
176
     1
290
     0
176
     1
290
     0
176
     1
290
     0
176
     1
290
     0
176
     1
290
     0
176
     1
290
     0
176
     1
 90
       50
176
     1
 40
0.0
176
     1
 40
1.0
176
     1
 90
        0
176
     1
 62
    18
420
        0
176
     1
 90
       50
176
     1
 90
        3
176
     1
 62
     5
420
      255
176
     1
290
     0
176
     1
 90
       50
176
     1
 90
       50
176
     1
 90
       50
176
     1
290
     0
176
     1
 90
       50
176
     1
 62
   256
176
     0
 40
1.0
176
     0
 90
        2
176
     1
  1
strokes_ogs.tif
176
     1
290
     0
176
     1
 40
1.0
176
     1
 40
1.0
176
     1
  0
VISUALSTYLE
  5
3C
102
{ACAD_REACTORS
330
2A
102
}
330
2A
100
AcDbVisualStyle
  2
OverhangOff
 70
    21
177
     3
291
     1
 70
    58
 90
        2
176
     0
 90
        2
176
     0
 90
        0
176
     0
 90
        0
176
     0
 40
0.6
176
     0
 40
30.0
176
     0
 62
     7
420
 16777215
176
     0
 90
        1
176
     0
 90
        4
176
     0
 62
     7
176
     0
 62
   257
176
     0
 90
        1
176
     0
 90
        1
176
     0
 40
1.0
176
     0
 90
        9
176
     2
 62
     7
176
     0
 40
1.0
176
     0
 90
        1
176
     0
 90
        6
176
     0
 90
        2
176
     0
 62
     7
176
     0
 90
        5
176
     0
 90
        0
176
     0
 90
        0
176
     0
290
     0
176
     0
 90
        1
176
     0
 40
0.0
176
     0
 90
        0
176
     0
290
     0
176
     0
290
     1
176
     0
290
     1
176
     0
290
     0
176
     0
290
     0
176
     0
290
     0
176
     0
290
     0
176
     0
290
     0
176
     0
290
     0
176
     0
 90
       50
176
     0
 40
0.0
176
     0
 40
1.0
176
     0
 90
        0
176
     0
 62
    18
420
        0
176
     0
 90
       50
176
     0
 90
        3
176
     0
 62
     5
420
      255
176
     0
290
     0
176
     0
 90
       50
176
     0
 90
       50
176
     0
 90
       50
176
     0
290
     0
176
     0
 90
       50
176
     0
 62
   256
176
     0
 40
1.0
176
     0
 90
        2
176
     0
  1
strokes_ogs.tif
176
     0
290
     0
176
     0
 40
1.0
176
     0
 40
1.0
176
     0
  0
VISUALSTYLE
  5
33
102
{ACAD_REACTORS
330
2A
102
}
330
2A
100
AcDbVisualStyle
  2
Realistic
 70
     8
177
     3
291
     0
 70
    58
 90
        2
176
     1
 90
        3
176
     1
 90
        0
176
     1
 90
        2
176
     1
 40
0.6
176
     1
 40
30.0
176
     1
 62
     7
420
 16777215
176
     1
 90
        0
176
     1
 90
        0
176
     1
 62
     7
176
     1
 62
   257
176
     1
 90
        1
176
     1
 90
        1
176
     1
 40
1.0
176
     1
 90
        8
176
     1
 62
   257
176
     1
 40
1.0
176
     1
 90
        1
176
     1
 90
        6
176
     1
 90
        2
176
     1
 62
     7
176
     1
 90
        3
176
     1
 90
        0
176
     1
 90
        0
176
     1
290
     0
176
     1
 90
       13
176
     1
 40
0.0
176
     1
 90
        0
176
     1
290
     0
176
     1
290
     1
176
     1
290
     1
176
     1
290
     0
176
     1
290
     0
176
     1
290
     0
176
     1
290
     0
176
     1
290
     0
176
     1
290
     0
176
     1
 90
       50
176
     1
 40
0.0
176
     1
 40
1.0
176
     1
 90
        0
176
     1
 62
    18
420
        0
176
     1
 90
       50
176
     1
 90
        3
176
     1
 62
     5
420
      255
176
     1
290
     0
176
     1
 90
       50
176
     1
 90
       50
176
     1
 90
       50
176
     1
290
     0
176
     1
 90
       50
176
     1
 62
   256
176
     0
 40
1.0
176
     0
 90
        2
176
     1
  1
strokes_ogs.tif
176
     1
290
     0
176
     1
 40
1.0
176
     1
 40
1.0
176
     1
  0
VISUALSTYLE
  5
42
102
{ACAD_REACTORS
330
2A
102
}
330
2A
100
AcDbVisualStyle
  2
Shaded
 70
    27
177
     3
291
     0
 70
    58
 90
        2
176
     1
 90
        2
176
     1
 90
        1
176
     1
 90
        2
176
     1
 40
0.6
176
     1
 40
30.0
176
     1
 62
     7
420
 16777215
176
     1
 90
        0
176
     1
 90
        4
176
     1
 62
     7
176
     1
 62
   257
176
     1
 90
        1
176
     1
 90
        1
176
     1
 40
1.0
176
     1
 90
        8
176
     1
 62
   257
176
     1
 40
1.0
176
     1
 90
        1
176
     1
 90
        6
176
     1
 90
        2
176
     1
 62
     8
420
  7895160
176
     1
 90
        3
176
     1
 90
        0
176
     1
 90
        0
176
     1
290
     0
176
     1
 90
        5
176
     1
 40
0.0
176
     1
 90
        0
176
     1
290
     0
176
     1
290
     1
176
     1
290
     1
176
     1
290
     0
176
     1
290
     0
176
     1
290
     0
176
     1
290
     0
176
     1
290
     0
176
     1
290
     0
176
     1
 90
       50
176
     1
 40
0.0
176
     1
 40
1.0
176
     1
 90
        0
176
     1
 62
    18
420
        0
176
     1
 90
       50
176
     1
 90
        3
176
     1
 62
     5
420
      255
176
     1
290
     0
176
     1
 90
       50
176
     1
 90
       50
176
     1
 90
       50
176
     1
290
     0
176
     1
 90
       50
176
     1
 62
   256
176
     0
 40
1.0
176
     0
 90
        2
176
     1
  1
strokes_ogs.tif
176
     1
290
     0
176
     1
 40
1.0
176
     1
 40
1.0
176
     1
  0
VISUALSTYLE
  5
41
102
{ACAD_REACTORS
330
2A
102
}
330
2A
100
AcDbVisualStyle
  2
Shaded with edges
 70
    26
177
     3
291
     0
 70
    58
 90
        2
176
     1
 90
        2
176
     1
 90
        1
176
     1
 90
        2
176
     1
 40
0.6
176
     1
 40
30.0
176
     1
 62
     7
420
 16777215
176
     1
 90
        1
176
     1
 90
       10
176
     1
 62
     7
176
     1
 62
   257
176
     1
 90
        2
176
     1
 90
        1
176
     1
 40
1.0
176
     1
 90
        8
176
     1
 62
   257
176
     1
 40
1.0
176
     1
 90
        1
176
     1
 90
        6
176
     1
 90
        2
176
     1
 62
     7
176
     1
 90
        3
176
     1
 90
        0
176
     1
 90
        0
176
     1
290
     0
176
     1
 90
        5
176
     1
 40
0.0
176
     1
 90
        0
176
     1
290
     0
176
     1
290
     1
176
     1
290
     1
176
     1
290
     0
176
     1
290
     0
176
     1
290
     0
176
     1
290
     0
176
     1
290
     0
176
     1
290
     0
176
     1
 90
       50
176
     1
 40
0.0
176
     1
 40
1.0
176
     1
 90
        0
176
     1
 62
    18
420
        0
176
     1
 90
       50
176
     1
 90
        3
176
     1
 62
     5
420
      255
176
     1
290
     0
176
     1
 90
       50
176
     1
 90
       50
176
     1
 90
       50
176
     1
290
     0
176
     1
 90
       50
176
     1
 62
   256
176
     0
 40
1.0
176
     0
 90
        2
176
     1
  1
strokes_ogs.tif
176
     1
290
     0
176
     1
 40
1.0
176
     1
 40
1.0
176
     1
  0
VISUALSTYLE
  5
3E
102
{ACAD_REACTORS
330
2A
102
}
330
2A
100
AcDbVisualStyle
  2
Shades of Gray
 70
    23
177
     3
291
     0
 70
    58
 90
        2
176
     1
 90
        2
176
     1
 90
        3
176
     1
 90
        0
176
     1
 40
0.6
176
     1
 40
30.0
176
     1
 62
     7
420
 16777215
176
     1
 90
        2
176
     1
 90
        2
176
     1
 62
     7
176
     1
 62
     7
176
     1
 90
        1
176
     1
 90
        1
176
     1
 40
40.0
176
     1
 90
        8
176
     1
 62
     7
176
     1
 40
1.0
176
     1
 90
        1
176
     1
 90
        6
176
     1
 90
        2
176
     1
 62
     7
176
     1
 90
        3
176
     1
 90
        0
176
     1
 90
        0
176
     1
290
     0
176
     1
 90
        1
176
     1
 40
0.0
176
     1
 90
        0
176
     1
290
     0
176
     1
290
     1
176
     1
290
     1
176
     1
290
     0
176
     1
290
     0
176
     1
290
     0
176
     1
290
     0
176
     1
290
     0
176
     1
290
     0
176
     1
 90
       50
176
     1
 40
0.0
176
     1
 40
1.0
176
     1
 90
        0
176
     1
 62
    18
420
        0
176
     1
 90
       50
176
     1
 90
        3
176
     1
 62
     5
420
      255
176
     1
290
     0
176
     1
 90
       50
176
     1
 90
       50
176
     1
 90
       50
176
     1
290
     0
176
     1
 90
       50
176
     1
 62
   256
176
     0
 40
1.0
176
     0
 90
        2
176
     1
  1
strokes_ogs.tif
176
     1
290
     0
176
     1
 40
1.0
176
     1
 40
1.0
176
     1
  0
VISUALSTYLE
  5
3F
102
{ACAD_REACTORS
330
2A
102
}
330
2A
100
AcDbVisualStyle
  2
Sketchy
 70
    24
177
     3
291
     0
 70
    58
 90
        1
176
     1
 90
        2
176
     1
 90
        2
176
     1
 90
        0
176
     1
 40
0.6
176
     1
 40
30.0
176
     1
 62
     7
420
 16777215
176
     1
 90
        2
176
     1
 90
        2
176
     1
 62
     7
176
     1
 62
     7
176
     1
 90
        1
176
     1
 90
        1
176
     1
 40
40.0
176
     1
 90
       11
176
     1
 62
     7
176
     1
 40
1.0
176
     1
 90
        1
176
     1
 90
        6
176
     1
 90
        2
176
     1
 62
     7
176
     1
 90
        6
176
     1
 90
        0
176
     1
 90
        0
176
     1
290
     0
176
     1
 90
        1
176
     1
 40
0.0
176
     1
 90
        0
176
     1
290
     0
176
     1
290
     1
176
     1
290
     1
176
     1
290
     0
176
     1
290
     0
176
     1
290
     0
176
     1
290
     0
176
     1
290
     0
176
     1
290
     0
176
     1
 90
       50
176
     1
 40
0.0
176
     1
 40
1.0
176
     1
 90
        0
176
     1
 62
    18
420
        0
176
     1
 90
       50
176
     1
 90
        3
176
     1
 62
     5
420
      255
176
     1
290
     0
176
     1
 90
       50
176
     1
 90
       50
176
     1
 90
       50
176
     1
290
     0
176
     1
 90
       50
176
     1
 62
   256
176
     0
 40
1.0
176
     0
 90
        2
176
     1
  1
strokes_ogs.tif
176
     1
290
     0
176
     1
 40
1.0
176
     1
 40
1.0
176
     1
  0
VISUALSTYLE
  5
37
102
{ACAD_REACTORS
330
2A
102
}
330
2A
100
AcDbVisualStyle
  2
Thicken
 70
    13
177
     3
291
     1
 70
    58
 90
        2
176
     1
 90
        2
176
     1
 90
        0
176
     1
 90
        0
176
     1
 40
0.6
176
     1
 40
30.0
176
     1
 62
     7
420
 16777215
176
     1
 90
        1
176
     1
 90
        4
176
     1
 62
     7
176
     1
 62
   257
176
     1
 90
        1
176
     1
 90
        1
176
     1
 40
1.0
176
     1
 90
       12
176
     1
 62
     7
176
     1
 40
1.0
176
     1
 90
        1
176
     1
 90
        6
176
     1
 90
        2
176
     1
 62
     7
176
     1
 90
        5
176
     1
 90
        0
176
     1
 90
        0
176
     1
290
     0
176
     1
 90
        1
176
     1
 40
0.0
176
     1
 90
        0
176
     1
290
     0
176
     1
290
     1
176
     1
290
     1
176
     1
290
     0
176
     1
290
     0
176
     1
290
     0
176
     1
290
     0
176
     1
290
     0
176
     1
290
     0
176
     1
 90
       50
176
     1
 40
0.0
176
     1
 40
1.0
176
     1
 90
        0
176
     1
 62
    18
420
        0
176
     1
 90
       50
176
     1
 90
        3
176
     1
 62
     5
420
      255
176
     1
290
     0
176
     1
 90
       50
176
     1
 90
       50
176
     1
 90
       50
176
     1
290
     0
176
     1
 90
       50
176
     1
 62
   256
176
     0
 40
1.0
176
     0
 90
        2
176
     1
  1
strokes_ogs.tif
176
     1
290
     0
176
     1
 40
1.0
176
     1
 40
1.0
176
     1
  0
VISUALSTYLE
  5
30
102
{ACAD_REACTORS
330
2A
102
}
330
2A
100
AcDbVisualStyle
  2
Wireframe
 70
     5
177
     3
291
     0
 70
    58
 90
        0
176
     1
 90
        2
176
     1
 90
        0
176
     1
 90
        0
176
     1
 40
0.6
176
     1
 40
30.0
176
     1
 62
     7
420
 16777215
176
     1
 90
        1
176
     1
 90
        4
176
     1
 62
     7
176
     1
 62
   257
176
     1
 90
        1
176
     1
 90
        1
176
     1
 40
1.0
176
     1
 90
        0
176
     1
 62
   257
176
     1
 40
1.0
176
     1
 90
        1
176
     1
 90
        6
176
     1
 90
        2
176
     1
 62
     7
176
     1
 90
        3
176
     1
 90
        0
176
     1
 90
        0
176
     1
290
     0
176
     1
 90
        1
176
     1
 40
0.0
176
     1
 90
        0
176
     1
290
     0
176
     1
290
     1
176
     1
290
     1
176
     1
290
     0
176
     1
290
     0
176
     1
290
     0
176
     1
290
     0
176
     1
290
     0
176
     1
290
     0
176
     1
 90
       50
176
     1
 40
0.0
176
     1
 40
1.0
176
     1
 90
        0
176
     1
 62
    18
420
        0
176
     1
 90
       50
176
     1
 90
        3
176
     1
 62
     5
420
      255
176
     1
290
     0
176
     1
 90
       50
176
     1
 90
       50
176
     1
 90
       50
176
     1
290
     0
176
     1
 90
       50
176
     1
 62
   256
176
     0
 40
1.0
176
     0
 90
        2
176
     1
  1
strokes_ogs.tif
176
     1
290
     0
176
     1
 40
1.0
176
     1
 40
1.0
176
     1
  0
VISUALSTYLE
  5
40
102
{ACAD_REACTORS
330
2A
102
}
330
2A
100
AcDbVisualStyle
  2
X-Ray
 70
    25
177
     3
291
     0
 70
    58
 90
        2
176
     1
 90
        2
176
     1
 90
        1
176
     1
 90
        1
176
     1
 40
0.5
176
     1
 40
30.0
176
     1
 62
     7
420
 16777215
176
     1
 90
        1
176
     1
 90
        0
176
     1
 62
     7
176
     1
 62
   257
176
     1
 90
        1
176
     1
 90
        1
176
     1
 40
1.0
176
     1
 90
        8
176
     1
 62
     7
176
     1
 40
1.0
176
     1
 90
        1
176
     1
 90
        6
176
     1
 90
        2
176
     1
 62
     7
176
     1
 90
        3
176
     1
 90
        0
176
     1
 90
        0
176
     1
290
     0
176
     1
 90
       13
176
     1
 40
0.0
176
     1
 90
        0
176
     1
290
     0
176
     1
290
     1
176
     1
290
     1
176
     1
290
     0
176
     1
290
     0
176
     1
290
     0
176
     1
290
     0
176
     1
290
     0
176
     1
290
     0
176
     1
 90
       50
176
     1
 40
0.0
176
     1
 40
1.0
176
     1
 90
        0
176
     1
 62
    18
420
        0
176
     1
 90
       50
176
     1
 90
        3
176
     1
 62
     5
420
      255
176
     1
290
     0
176
     1
 90
       50
176
     1
 90
       50
176
     1
 90
       50
176
     1
290
     0
176
     1
 90
       50
176
     1
 62
   256
176
     0
 40
1.0
176
     0
 90
        2
176
     1
  1
strokes_ogs.tif
176
     1
290
     0
176
     1
 40
1.0
176
     1
 40
1.0
176
     1
  0
DICTIONARYVAR
  5
1C3
102
{ACAD_REACTORS
330
1C2
102
}
330
1C2
100
DictionaryVariables
280
     0
  1
1:1
  0
DICTIONARYVAR
  5
1C8
102
{ACAD_REACTORS
330
1C2
102
}
330
1C2
100
DictionaryVariables
280
     0
  1
Standard
  0
DICTIONARYVAR
  5
1C7
102
{ACAD_REACTORS
330
1C2
102
}
330
1C2
100
DictionaryVariables
280
     0
  1
Standard
  0
DICTIONARY
  5
1C4
330
11C
100
AcDbDictionary
280
     1
281
     1
  3
ACAD_ROUNDTRIP_2008_TABLESTYLE_CELLSTYLEMAP
360
1C5
  0
CELLSTYLEMAP
  5
1C5
102
{ACAD_REACTORS
330
1C4
102
}
330
1C4
100
AcDbCellStyleMap
 90
        3
300
CELLSTYLE
  1
TABLEFORMAT_BEGIN
 90
        5
170
     1
 91
        0
 92
    32768
 62
   257
 93
        1
300
CONTENTFORMAT
  1
CONTENTFORMAT_BEGIN
 90
        0
 91
        0
 92
        4
 93
        0
300

 40
0.0
140
1.0
 94
        5
 62
     0
340
11
144
0.25
309
CONTENTFORMAT_END
171
     1
301
MARGIN
  1
CELLMARGIN_BEGIN
 40
1.5
 40
1.5
 40
1.5
 40
1.5
 40
4.5
 40
4.5
309
CELLMARGIN_END
 94
        6
 95
        1
302
GRIDFORMAT
  1
GRIDFORMAT_BEGIN
 90
        0
 91
        1
 62
     0
 92
       -2
340
0
 93
        0
 40
0.0
309
GRIDFORMAT_END
 95
        2
302
GRIDFORMAT
  1
GRIDFORMAT_BEGIN
 90
        0
 91
        1
 62
     0
 92
       -2
340
0
 93
        0
 40
0.0
309
GRIDFORMAT_END
 95
        4
302
GRIDFORMAT
  1
GRIDFORMAT_BEGIN
 90
        0
 91
        1
 62
     0
 92
       -2
340
0
 93
        0
 40
0.0
309
GRIDFORMAT_END
 95
        8
302
GRIDFORMAT
  1
GRIDFORMAT_BEGIN
 90
        0
 91
        1
 62
     0
 92
       -2
340
0
 93
        0
 40
0.0
309
GRIDFORMAT_END
 95
       16
302
GRIDFORMAT
  1
GRIDFORMAT_BEGIN
 90
        0
 91
        1
 62
     0
 92
       -2
340
0
 93
        0
 40
0.0
309
GRIDFORMAT_END
 95
       32
302
GRIDFORMAT
  1
GRIDFORMAT_BEGIN
 90
        0
 91
        1
 62
     0
 92
       -2
340
0
 93
        0
 40
0.0
309
GRIDFORMAT_END
309
TABLEFORMAT_END
  1
CELLSTYLE_BEGIN
 90
        1
 91
        1
300
_TITLE
309
CELLSTYLE_END
300
CELLSTYLE
  1
TABLEFORMAT_BEGIN
 90
        5
170
     1
 91
        0
 92
        0
 62
   257
 93
        1
300
CONTENTFORMAT
  1
CONTENTFORMAT_BEGIN
 90
        0
 91
        0
 92
        4
 93
        0
300

 40
0.0
140
1.0
 94
        5
 62
     0
340
11
144
0.18
309
CONTENTFORMAT_END
171
     1
301
MARGIN
  1
CELLMARGIN_BEGIN
 40
1.5
 40
1.5
 40
1.5
 40
1.5
 40
4.5
 40
4.5
309
CELLMARGIN_END
 94
        6
 95
        1
302
GRIDFORMAT
  1
GRIDFORMAT_BEGIN
 90
        0
 91
        1
 62
     0
 92
       -2
340
0
 93
        0
 40
0.0
309
GRIDFORMAT_END
 95
        2
302
GRIDFORMAT
  1
GRIDFORMAT_BEGIN
 90
        0
 91
        1
 62
     0
 92
       -2
340
0
 93
        0
 40
0.0
309
GRIDFORMAT_END
 95
        4
302
GRIDFORMAT
  1
GRIDFORMAT_BEGIN
 90
        0
 91
        1
 62
     0
 92
       -2
340
0
 93
        0
 40
0.0
309
GRIDFORMAT_END
 95
        8
302
GRIDFORMAT
  1
GRIDFORMAT_BEGIN
 90
        0
 91
        1
 62
     0
 92
       -2
340
0
 93
        0
 40
0.0
309
GRIDFORMAT_END
 95
       16
302
GRIDFORMAT
  1
GRIDFORMAT_BEGIN
 90
        0
 91
        1
 62
     0
 92
       -2
340
0
 93
        0
 40
0.0
309
GRIDFORMAT_END
 95
       32
302
GRIDFORMAT
  1
GRIDFORMAT_BEGIN
 90
        0
 91
        1
 62
     0
 92
       -2
340
0
 93
        0
 40
0.0
309
GRIDFORMAT_END
309
TABLEFORMAT_END
  1
CELLSTYLE_BEGIN
 90
        2
 91
        1
300
_HEADER
309
CELLSTYLE_END
300
CELLSTYLE
  1
TABLEFORMAT_BEGIN
 90
        5
170
     1
 91
        0
 92
        0
 62
   257
 93
        1
300
CONTENTFORMAT
  1
CONTENTFORMAT_BEGIN
 90
        0
 91
        0
 92
        4
 93
        0
300

 40
0.0
140
1.0
 94
        5
 62
     0
340
11
144
0.18
309
CONTENTFORMAT_END
171
     1
301
MARGIN
  1
CELLMARGIN_BEGIN
 40
1.5
 40
1.5
 40
1.5
 40
1.5
 40
4.5
 40
4.5
309
CELLMARGIN_END
 94
        6
 95
        1
302
GRIDFORMAT
  1
GRIDFORMAT_BEGIN
 90
        0
 91
        1
 62
     0
 92
       -2
340
0
 93
        0
 40
0.0
309
GRIDFORMAT_END
 95
        2
302
GRIDFORMAT
  1
GRIDFORMAT_BEGIN
 90
        0
 91
        1
 62
     0
 92
       -2
340
0
 93
        0
 40
0.0
309
GRIDFORMAT_END
 95
        4
302
GRIDFORMAT
  1
GRIDFORMAT_BEGIN
 90
        0
 91
        1
 62
     0
 92
       -2
340
0
 93
        0
 40
0.0
309
GRIDFORMAT_END
 95
        8
302
GRIDFORMAT
  1
GRIDFORMAT_BEGIN
 90
        0
 91
        1
 62
     0
 92
       -2
340
0
 93
        0
 40
0.0
309
GRIDFORMAT_END
 95
       16
302
GRIDFORMAT
  1
GRIDFORMAT_BEGIN
 90
        0
 91
        1
 62
     0
 92
       -2
340
0
 93
        0
 40
0.0
309
GRIDFORMAT_END
 95
       32
302
GRIDFORMAT
  1
GRIDFORMAT_BEGIN
 90
        0
 91
        1
 62
     0
 92
       -2
340
0
 93
        0
 40
0.0
309
GRIDFORMAT_END
309
TABLEFORMAT_END
  1
CELLSTYLE_BEGIN
 90
        3
 91
        2
300
_DATA
309
CELLSTYLE_END
  0
ENDSEC
  0
SECTION
  2
THUMBNAILIMAGE
 90
   263208
310
28000000000200000002000001000800000000000000000000000000000000000000000000000000FFFFFF00FF000000FFFF000000FF000000FFFF000000FF00FF00FF000000000080808000C0C0C000FF000000FF7F7F00A5000000A55252007F0000007F3F3F004C0000004C2626002600000026131300FF3F0000FF9F7F
310
00A5290000A56752007F1F00007F4F3F004C1300004C2F26002609000026171300FF7F0000FFBF7F00A5520000A57C52007F3F00007F5F3F004C2600004C39260026130000261C1300FFBF0000FFDF7F00A57C0000A59152007F5F00007F6F3F004C3900004C422600261C000026211300FFFF0000FFFF7F00A5A50000A5A5
310
52007F7F00007F7F3F004C4C00004C4C26002626000026261300BFFF0000DFFF7F007CA5000091A552005F7F00006F7F3F00394C0000424C26001C260000212613007FFF0000BFFF7F0052A500007CA552003F7F00005F7F3F00264C0000394C2600132600001C2613003FFF00009FFF7F0029A5000067A552001F7F00004F
310
7F3F00134C00002F4C2600092600001726130000FF00007FFF7F0000A5000052A55200007F00003F7F3F00004C0000264C2600002600001326130000FF3F007FFF9F0000A5290052A56700007F1F003F7F4F00004C1300264C2F00002609001326170000FF7F007FFFBF0000A5520052A57C00007F3F003F7F5F00004C2600
310
264C39000026130013261C0000FFBF007FFFDF0000A57C0052A59100007F5F003F7F6F00004C3900264C420000261C001326210000FFFF007FFFFF0000A5A50052A5A500007F7F003F7F7F00004C4C00264C4C00002626001326260000BFFF007FDFFF00007CA5005291A500005F7F003F6F7F0000394C0026424C00001C26
310
0013212600007FFF007FBFFF000052A500527CA500003F7F003F5F7F0000264C0026394C0000132600131C2600003FFF007F9FFF000029A5005267A500001F7F003F4F7F0000134C00262F4C0000092600131726000000FF007F7FFF000000A5005252A50000007F003F3F7F0000004C0026264C0000002600131326003F00
310
FF009F7FFF002900A5006752A5001F007F004F3F7F0013004C002F264C0009002600171326007F00FF00BF7FFF005200A5007C52A5003F007F005F3F7F0026004C0039264C00130026001C132600BF00FF00DF7FFF007C00A5009152A5005F007F006F3F7F0039004C0042264C001C00260021132600FF00FF00FF7FFF00A5
310
00A500A552A5007F007F007F3F7F004C004C004C264C002600260026132600FF00BF00FF7FDF00A5007C00A55291007F005F007F3F6F004C0039004C26420026001C0026132100FF007F00FF7FBF00A5005200A5527C007F003F007F3F5F004C0026004C2639002600130026131C00FF003F00FF7F9F00A5002900A5526700
310
7F001F007F3F4F004C0013004C262F002600090026131700000000002D2D2D005B5B5B0089898900B7B7B700B3B3B30000000000000000000000000000000000000000000000000000000000000000000000000000000000000000000000000000000000000000000000000000000000000000000000000000000000000000
310
00000000000000000000000000000000000000000000000000000000000000000000000000000000000000000000000000000000000000000000000000000000000000000000000000000000000000000000000000000000000000000000000000000000000000000000000000000000000000000000000000000000000000
310
00000000000000000000000000000000000000000000000000000000000000000000000000000000000000000000000000000000000000000000000000000000000000000000000000000000000000000000000000000000000000000000000000000000000000000000000000000000000000000000000000000000000000
310
00000000000000000000000000000000000000000000000000000000000000000000000000000000000000000000000000000000000000000000000000000000000000000000000000000000000000000000000000000000000000000000000000000000000000000000000000000000000000000000000000000000000000
310
00000000000000000000000000000000000000000000000000000000000000000000000000000000000000000000000000000000000000000000000000000000000000000000000000000000000000000000000000000000000000000000000000000000000000000000000000000000000000000000000000000000000000
310
00000000000000000000000000000000000000000000000000000000000000000000000000000000000000000000000000000000000000000000000000000000000000000000000000000000000000000000000000000000000000000000000000000000000000000000000000000000000000000000000000000000000000
310
00000000000000000000000000000000000000000000000000000000000000000000000000000000000000000000000000000000000000000000000000000000000000000000000000000000000000000000000000000000000000000000000000000000000000000000000000000000000000000000000000000000000000
310
00000000000000000000000000000000000000000000000000000000000000000000000000000000000000000000000000000000000000000000000000000000000000000000000000000000000000000000000000000000000000000000000000000000000000000000000000000000000000000000000000000000000000
310
00000000000000000000000000000000000000000000000000000000000000000000000000000000000000000000000000000000000000000000000000000000000000000000000000000000000000000000000000000000000000000000000000000000000000000000000000000000000000000000000000000000000000
310
00000000000000000000000000000000000000000000000000000000000000000000000000000000000000000000000000000000000000000000000000000000000000000000000000000000000000000000000000000000000000000000000000000000000000000000000000000000000000000000000000000000000000
310
00000000000000000000000000000000000000000000000000000000000000000000000000000000000000000000000000000000000000000000000000000000000000000000000000000000000000000000000000000000000000000000000000000000000000000000000000000000000000000000000000000000000000
310
00000000000000000000000000000000000000000000000000000000000000000000000000000000000000000000000000000000000000000000000000000000000000000000000000000000000000000000000000000000000000000000000000000000000000000000000000000000000000000000000000000000000000
310
00000000000000000000000000000000000000000000000000000000000000000000000000000000000000000000000000000000000000000000000000000000000000000000000000000000000000000000000000000000000000000000000000000000000000000000000000000000000000000000000000000000000000
310
00000000000000000000000000000000000000000000000000000000000000000000000000000000000000000000000000000000000000000000000000000000000000000000000000000000000000000000000000000000000000000000000000000000000000000000000000000000000000000000000000000000000000
310
00000000000000000000000000000000000000000000000000000000000000000000000000000000000000000000000000000000000000000000000000000000000000000000000000000000000000000000000000000000000000000000000000000000000000000000000000000000000000000000000000000000000000
310
00000000000000000000000000000000000000000000000000000000000000000000000000000000000000000000000000000000000000000000000000000000000000000000000000000000000000000000000000000000000000000000000000000000000000000000000000000000000000000000000000000000000000
310
00000000000000000000000000000000000000000000000000000000000000000000000000000000000000000000000000000000000000000000000000000000000000000000000000000000000000000000000000000000000000000000000000000000000000000000000000000000000000000000000000000000000000
310
00000000000000000000000000000000000000000000000000000000000000000000000000000000000000000000000000000000000000000000000000000000000000000000000000000000000000000000000000000000000000000000000000000000000000000000000000000000000000000000000000000000000000
310
00000000000000000000000000000000000000000000000000000000000000000000000000000000000000000000000000000000000000000000000000000000000000000000000000000000000000000000000000000000000000000000000000000000000000000000000000000000000000000000000000000000000000
310
00000000000000000000000000000000000000000000000000000000000000000000000000000000000000000000000000000000000000000000000000000000000000000000000000000000000000000000000000000000000000000000000000000000000000000000000000000000000000000000000000000000000000
310
00000000000000000000000000000000000000000000000000000000000000000000000000000000000000000000000000000000000000000000000000000000000000000000000000000000000000000000000000000000000000000000000000000000000000000000000000000000000000000000000000000000000000
310
00000000000000000000000000000000000000000000000000000000000000000000000000000000000000000000000000000000000000000000000000000000000000000000000000000000000000000000000000000000000000000000000000000000000000000000000000000000000000000000000000000000000000
310
00000000000000000000000000000000000000000000000000000000000000000000000000000000000000000000000000000000000000000000000000000000000000000000000000000000000000000000000000000000000000000000000000000000000000000000000000000000000000000000000000000000000000
310
00000000000000000000000000000000000000000000000000000000000000000000000000000000000000000000000000000000000000000000000000000000000000000000000000000000000000000000000000000000000000000000000000000000000000000000000000000000000000000000000000000000000000
310
00000000000000000000000000000000000000000000000000000000000000000000000000000000000000000000000000000000000000000000000000000000000000000000000000000000000000000000000000000000000000000000000000000000000000000000000000000000000000000000000000000000000000
310
00000000000000000000000000000000000000000000000000000000000000000000000000000000000000000000000000000000000000000000000000000000000000000000000000000000000000000000000000000000000000000000000000000000000000000000000000000000000000000000000000000000000000
310
00000000000000000000000000000000000000000000000000000000000000000000000000000000000000000000000000000000000000000000000000000000000000000000000000000000000000000000000000000000000000000000000000000000000000000000000000000000000000000000000000000000000000
310
00000000000000000000000000000000000000000000000000000000000000000000000000000000000000000000000000000000000000000000000000000000000000000000000000000000000000000000000000000000000000000000000000000000000000000000000000000000000000000000000000000000000000
310
00000000000000000000000000000000000000000000000000000000000000000000000000000000000000000000000000000000000000000000000000000000000000000000000000000000000000000000000000000000000000000000000000000000000000000000000000000000000000000000000000000000000000
310
00000000000000000000000000000000000000000000000000000000000000000000000000000000000000000000000000000000000000000000000000000000000000000000000000000000000000000000000000000000000000000000000000000000000000000000000000000000000000000000000000000000000000
310
00000000000000000000000000000000000000000000000000000000000000000000000000000000000000000000000000000000000000000000000000000000000000000000000000000000000000000000000000000000000000000000000000000000000000000000000000000000000000000000000000000000000000
310
00000000000000000000000000000000000000000000000000000000000000000000000000000000000000000000000000000000000000000000000000000000000000000000000000000000000000000000000000000000000000000000000000000000000000000000000000000000000000000000000000000000000000
310
00000000000000000000000000000000000000000000000000000000000000000000000000000000000000000000000000000000000000000000000000000000000000000000000000000000000000000000000000000000000000000000000000000000000000000000000000000000000000000000000000000000000000
310
00000000000000000000000000000000000000000000000000000000000000000000000000000000000000000000000000000000000000000000000000000000000000000000000000000000000000000000000000000000000000000000000000000000000000000000000000000000000000000000000000000000000000
310
00000000000000000000000000000000000000000000000000000000000000000000000000000000000000000000000000000000000000000000000000000000000000000000000000000000000000000000000000000000000000000000000000000000000000000000000000000000000000000000000000000000000000
310
00000000000000000000000000000000000000000000000000000000000000000000000000000000000000000000000000000000000000000000000000000000000000000000000000000000000000000000000000000000000000000000000000000000000000000000000000000000000000000000000000000000000000
310
00000000000000000000000000000000000000000000000000000000000000000000000000000000000000000000000000000000000000000000000000000000000000000000000000000000000000000000000000000000000000000000000000000000000000000000000000000000000000000000000000000000000000
310
00000000000000000000000000000000000000000000000000000000000000000000000000000000000000000000000000000000000000000000000000000000000000000000000000000000000000000000000000000000000000000000000000000000000000000000000000000000000000000000000000000000000000
310
00000000000000000000000000000000000000000000000000000000000000000000000000000000000000000000000000000000000000000000000000000000000000000000000000000000000000000000000000000000000000000000000000000000000000000000000000000000000000000000000000000000000000
310
00000000000000000000000000000000000000000000000000000000000000000000000000000000000000000000000000000000000000000000000000000000000000000000000000000000000000000000000000000000000000000000000000000000000000000000000000000000000000000000000000000000000000
310
00000000000000000000000000000000000000000000000000000000000000000000000000000000000000000000000000000000000000000000000000000000000000000000000000000000000000000000000000000000000000000000000000000000000000000000000000000000000000000000000000000000000000
310
00000000000000000000000000000000000000000000000000000000000000000000000000000000000000000000000000000000000000000000000000000000000000000000000000000000000000000000000000000000000000000000000000000000000000000000000000000000000000000000000000000000000000
310
00000000000000000000000000000000000000000000000000000000000000000000000000000000000000000000000000000000000000000000000000000000000000000000000000000000000000000000000000000000000000000000000000000000000000000000000000000000000000000000000000000000000000
310
00000000000000000000000000000000000000000000000000000000000000000000000000000000000000000000000000000000000000000000000000000000000000000000000000000000000000000000000000000000000000000000000000000000000000000000000000000000000000000000000000000000000000
310
00000000000000000000000000000000000000000000000000000000000000000000000000000000000000000000000000000000000000000000000000000000000000000000000000000000000000000000000000000000000000000000000000000000000000000000000000000000000000000000000000000000000000
310
00000000000000000000000000000000000000000000000000000000000000000000000000000000000000000000000000000000000000000000000000000000000000000000000000000000000000000000000000000000000000000000000000000000000000000000000000000000000000000000000000000000000000
310
00000000000000000000000000000000000000000000000000000000000000000000000000000000000000000000000000000000000000000000000000000000000000000000000000000000000000000000000000000000000000000000000000000000000000000000000000000000000000000000000000000000000000
310
00000000000000000000000000000000000000000000000000000000000000000000000000000000000000000000000000000000000000000000000000000000000000000000000000000000000000000000000000000000000000000000000000000000000000000000000000000000000000000000000000000000000000
310
00000000000000000000000000000000000000000000000000000000000000000000000000000000000000000000000000000000000000000000000000000000000000000000000000000000000000000000000000000000000000000000000000000000000000000000000000000000000000000000000000000000000000
310
00000000000000000000000000000000000000000000000000000000000000000000000000000000000000000000000000000000000000000000000000000000000000000000000000000000000000000000000000000000000000000000000000000000000000000000000000000000000000000000000000000000000000
310
00000000000000000000000000000000000000000000000000000000000000000000000000000000000000000000000000000000000000000000000000000000000000000000000000000000000000000000000000000000000000000000000000000000000000000000000000000000000000000000000000000000000000
310
00000000000000000000000000000000000000000000000000000000000000000000000000000000000000000000000000000000000000000000000000000000000000000000000000000000000000000000000000000000000000000000000000000000000000000000000000000000000000000000000000000000000000
310
00000000000000000000000000000000000000000000000000000000000000000000000000000000000000000000000000000000000000000000000000000000000000000000000000000000000000000000000000000000000000000000000000000000000000000000000000000000000000000000000000000000000000
310
00000000000000000000000000000000000000000000000000000000000000000000000000000000000000000000000000000000000000000000000000000000000000000000000000000000000000000000000000000000000000000000000000000000000000000000000000000000000000000000000000000000000000
310
00000000000000000000000000000000000000000000000000000000000000000000000000000000000000000000000000000000000000000000000000000000000000000000000000000000000000000000000000000000000000000000000000000000000000000000000000000000000000000000000000000000000000
310
00000000000000000000000000000000000000000000000000000000000000000000000000000000000000000000000000000000000000000000000000000000000000000000000000000000000000000000000000000000000000000000000000000000000000000000000000000000000000000000000000000000000000
310
00000000000000000000000000000000000000000000000000000000000000000000000000000000000000000000000000000000000000000000000000000000000000000000000000000000000000000000000000000000000000000000000000000000000000000000000000000000000000000000000000000000000000
310
00000000000000000000000000000000000000000000000000000000000000000000000000000000000000000000000000000000000000000000000000000000000000000000000000000000000000000000000000000000000000000000000000000000000000000000000000000000000000000000000000000000000000
310
00000000000000000000000000000000000000000000000000000000000000000000000000000000000000000000000000000000000000000000000000000000000000000000000000000000000000000000000000000000000000000000000000000000000000000000000000000000000000000000000000000000000000
310
00000000000000000000000000000000000000000000000000000000000000000000000000000000000000000000000000000000000000000000000000000000000000000000000000000000000000000000000000000000000000000000000000000000000000000000000000000000000000000000000000000000000000
310
00000000000000000000000000000000000000000000000000000000000000000000000000000000000000000000000000000000000000000000000000000000000000000000000000000000000000000000000000000000000000000000000000000000000000000000000000000000000000000000000000000000000000
310
00000000000000000000000000000000000000000000000000000000000000000000000000000000000000000000000000000000000000000000000000000000000000000000000000000000000000000000000000000000000000000000000000000000000000000000000000000000000000000000000000000000000000
310
00000000000000000000000000000000000000000000000000000000000000000000000000000000000000000000000000000000000000000000000000000000000000000000000000000000000000000000000000000000000000000000000000000000000000000000000000000000000000000000000000000000000000
310
00000000000000000000000000000000000000000000000000000000000000000000000000000000000000000000000000000000000000000000000000000000000000000000000000000000000000000000000000000000000000000000000000000000000000000000000000000000000000000000000000000000000000
310
00000000000000000000000000000000000000000000000000000000000000000000000000000000000000000000000000000000000000000000000000000000000000000000000000000000000000000000000000000000000000000000000000000000000000000000000000000000000000000000000000000000000000
310
00000000000000000000000000000000000000000000000000000000000000000000000000000000000000000000000000000000000000000000000000000000000000000000000000000000000000000000000000000000000000000000000000000000000000000000000000000000000000000000000000000000000000
310
00000000000000000000000000000000000000000000000000000000000000000000000000000000000000000000000000000000000000000000000000000000000000000000000000000000000000000000000000000000000000000000000000000000000000000000000000000000000000000000000000000000000000
310
00000000000000000000000000000000000000000000000000000000000000000000000000000000000000000000000000000000000000000000000000000000000000000000000000000000000000000000000000000000000000000000000000000000000000000000000000000000000000000000000000000000000000
310
00000000000000000000000000000000000000000000000000000000000000000000000000000000000000000000000000000000000000000000000000000000000000000000000000000000000000000000000000000000000000000000000000000000000000000000000000000000000000000000000000000000000000
310
00000000000000000000000000000000000000000000000000000000000000000000000000000000000000000000000000000000000000000000000000000000000000000000000000000000000000000000000000000000000000000000000000000000000000000000000000000000000000000000000000000000000000
310
00000000000000000000000000000000000000000000000000000000000000000000000000000000000000000000000000000000000000000000000000000000000000000000000000000000000000000000000000000000000000000000000000000000000000000000000000000000000000000000000000000000000000
310
00000000000000000000000000000000000000000000000000000000000000000000000000000000000000000000000000000000000000000000000000000000000000000000000000000000000000000000000000000000000000000000000000000000000000000000000000000000000000000000000000000000000000
310
00000000000000000000000000000000000000000000000000000000000000000000000000000000000000000000000000000000000000000000000000000000000000000000000000000000000000000000000000000000000000000000000000000000000000000000000000000000000000000000000000000000000000
310
00000000000000000000000000000000000000000000000000000000000000000000000000000000000000000000000000000000000000000000000000000000000000000000000000000000000000000000000000000000000000000000000000000000000000000000000000000000000000000000000000000000000000
310
00000000000000000000000000000000000000000000000000000000000000000000000000000000000000000000000000000000000000000000000000000000000000000000000000000000000000000000000000000000000000000000000000000000000000000000000000000000000000000000000000000000000000
310
00000000000000000000000000000000000000000000000000000000000000000000000000000000000000000000000000000000000000000000000000000000000000000000000000000000000000000000000000000000000000000000000000000000000000000000000000000000000000000000000000000000000000
310
00000000000000000000000000000000000000000000000000000000000000000000000000000000000000000000000000000000000000000000000000000000000000000000000000000000000000000000000000000000000000000000000000000000000000000000000000000000000000000000000000000000000000
310
00000000000000000000000000000000000000000000000000000000000000000000000000000000000000000000000000000000000000000000000000000000000000000000000000000000000000000000000000000000000000000000000000000000000000000000000000000000000000000000000000000000000000
310
00000000000000000000000000000000000000000000000000000000000000000000000000000000000000000000000000000000000000000000000000000000000000000000000000000000000000000000000000000000000000000000000000000000000000000000000000000000000000000000000000000000000000
310
00000000000000000000000000000000000000000000000000000000000000000000000000000000000000000000000000000000000000000000000000000000000000000000000000000000000000000000000000000000000000000000000000000000000000000000000000000000000000000000000000000000000000
310
00000000000000000000000000000000000000000000000000000000000000000000000000000000000000000000000000000000000000000000000000000000000000000000000000000000000000000000000000000000000000000000000000000000000000000000000000000000000000000000000000000000000000
310
00000000000000000000000000000000000000000000000000000000000000000000000000000000000000000000000000000000000000000000000000000000000000000000000000000000000000000000000000000000000000000000000000000000000000000000000000000000000000000000000000000000000000
310
00000000000000000000000000000000000000000000000000000000000000000000000000000000000000000000000000000000000000000000000000000000000000000000000000000000000000000000000000000000000000000000000000000000000000000000000000000000000000000000000000000000000000
310
00000000000000000000000000000000000000000000000000000000000000000000000000000000000000000000000000000000000000000000000000000000000000000000000000000000000000000000000000000000000000000000000000000000000000000000000000000000000000000000000000000000000000
310
00000000000000000000000000000000000000000000000000000000000000000000000000000000000000000000000000000000000000000000000000000000000000000000000000000000000000000000000000000000000000000000000000000000000000000000000000000000000000000000000000000000000000
310
00000000000000000000000000000000000000000000000000000000000000000000000000000000000000000000000000000000000000000000000000000000000000000000000000000000000000000000000000000000000000000000000000000000000000000000000000000000000000000000000000000000000000
310
00000000000000000000000000000000000000000000000000000000000000000000000000000000000000000000000000000000000000000000000000000000000000000000000000000000000000000000000000000000000000000000000000000000000000000000000000000000000000000000000000000000000000
310
00000000000000000000000000000000000000000000000000000000000000000000000000000000000000000000000000000000000000000000000000000000000000000000000000000000000000000000000000000000000000000000000000000000000000000000000000000000000000000000000000000000000000
310
00000000000000000000000000000000000000000000000000000000000000000000000000000000000000000000000000000000000000000000000000000000000000000000000000000000000000000000000000000000000000000000000000000000000000000000000000000000000000000000000000000000000000
310
00000000000000000000000000000000000000000000000000000000000000000000000000000000000000000000000000000000000000000000000000000000000000000000000000000000000000000000000000000000000000000000000000000000000000000000000000000000000000000000000000000000000000
310
00000000000000000000000000000000000000000000000000000000000000000000000000000000000000000000000000000000000000000000000000000000000000000000000000000000000000000000000000000000000000000000000000000000000000000000000000000000000000000000000000000000000000
310
00000000000000000000000000000000000000000000000000000000000000000000000000000000000000000000000000000000000000000000000000000000000000000000000000000000000000000000000000000000000000000000000000000000000000000000000000000000000000000000000000000000000000
310
00000000000000000000000000000000000000000000000000000000000000000000000000000000000000000000000000000000000000000000000000000000000000000000000000000000000000000000000000000000000000000000000000000000000000000000000000000000000000000000000000000000000000
310
00000000000000000000000000000000000000000000000000000000000000000000000000000000000000000000000000000000000000000000000000000000000000000000000000000000000000000000000000000000000000000000000000000000000000000000000000000000000000000000000000000000000000
310
00000000000000000000000000000000000000000000000000000000000000000000000000000000000000000000000000000000000000000000000000000000000000000000000000000000000000000000000000000000000000000000000000000000000000000000000000000000000000000000000000000000000000
310
00000000000000000000000000000000000000000000000000000000000000000000000000000000000000000000000000000000000000000000000000000000000000000000000000000000000000000000000000000000000000000000000000000000000000000000000000000000000000000000000000000000000000
310
00000000000000000000000000000000000000000000000000000000000000000000000000000000000000000000000000000000000000000000000000000000000000000000000000000000000000000000000000000000000000000000000000000000000000000000000000000000000000000000000000000000000000
310
00000000000000000000000000000000000000000000000000000000000000000000000000000000000000000000000000000000000000000000000000000000000000000000000000000000000000000000000000000000000000000000000000000000000000000000000000000000000000000000000000000000000000
310
00000000000000000000000000000000000000000000000000000000000000000000000000000000000000000000000000000000000000000000000000000000000000000000000000000000000000000000000000000000000000000000000000000000000000000000000000000000000000000000000000000000000000
310
00000000000000000000000000000000000000000000000000000000000000000000000000000000000000000000000000000000000000000000000000000000000000000000000000000000000000000000000000000000000000000000000000000000000000000000000000000000000000000000000000000000000000
310
00000000000000000000000000000000000000000000000000000000000000000000000000000000000000000000000000000000000000000000000000000000000000000000000000000000000000000000000000000000000000000000000000000000000000000000000000000000000000000000000000000000000000
310
00000000000000000000000000000000000000000000000000000000000000000000000000000000000000000000000000000000000000000000000000000000000000000000000000000000000000000000000000000000000000000000000000000000000000000000000000000000000000000000000000000000000000
310
00000000000000000000000000000000000000000000000000000000000000000000000000000000000000000000000000000000000000000000000000000000000000000000000000000000000000000000000000000000000000000000000000000000000000000000000000000000000000000000000000000000000000
310
00000000000000000000000000000000000000000000000000000000000000000000000000000000000000000000000000000000000000000000000000000000000000000000000000000000000000000000000000000000000000000000000000000000000000000000000000000000000000000000000000000000000000
310
00000000000000000000000000000000000000000000000000000000000000000000000000000000000000000000000000000000000000000000000000000000000000000000000000000000000000000000000000000000000000000000000000000000000000000000000000000000000000000000000000000000000000
310
00000000000000000000000000000000000000000000000000000000000000000000000000000000000000000000000000000000000000000000000000000000000000000000000000000000000000000000000000000000000000000000000000000000000000000000000000000000000000000000000000000000000000
310
00000000000000000000000000000000000000000000000000000000000000000000000000000000000000000000000000000000000000000000000000000000000000000000000000000000000000000000000000000000000000000000000000000000000000000000000000000000000000000000000000000000000000
310
00000000000000000000000000000000000000000000000000000000000000000000000000000000000000000000000000000000000000000000000000000000000000000000000000000000000000000000000000000000000000000000000000000000000000000000000000000000000000000000000000000000000000
310
00000000000000000000000000000000000000000000000000000000000000000000000000000000000000000000000000000000000000000000000000000000000000000000000000000000000000000000000000000000000000000000000000000000000000000000000000000000000000000000000000000000000000
310
00000000000000000000000000000000000000000000000000000000000000000000000000000000000000000000000000000000000000000000000000000000000000000000000000000000000000000000000000000000000000000000000000000000000000000000000000000000000000000000000000000000000000
310
00000000000000000000000000000000000000000000000000000000000000000000000000000000000000000000000000000000000000000000000000000000000000000000000000000000000000000000000000000000000000000000000000000000000000000000000000000000000000000000000000000000000000
310
00000000000000000000000000000000000000000000000000000000000000000000000000000000000000000000000000000000000000000000000000000000000000000000000000000000000000000000000000000000000000000000000000000000000000000000000000000000000000000000000000000000000000
310
00000000000000000000000000000000000000000000000000000000000000000000000000000000000000000000000000000000000000000000000000000000000000000000000000000000000000000000000000000000000000000000000000000000000000000000000000000000000000000000000000000000000000
310
00000000000000000000000000000000000000000000000000000000000000000000000000000000000000000000000000000000000000000000000000000000000000000000000000000000000000000000000000000000000000000000000000000000000000000000000000000000000000000000000000000000000000
310
00000000000000000000000000000000000000000000000000000000000000000000000000000000000000000000000000000000000000000000000000000000000000000000000000000000000000000000000000000000000000000000000000000000000000000000000000000000000000000000000000000000000000
310
00000000000000000000000000000000000000000000000000000000000000000000000000000000000000000000000000000000000000000000000000000000000000000000000000000000000000000000000000000000000000000000000000000000000000000000000000000000000000000000000000000000000000
310
00000000000000000000000000000000000000000000000000000000000000000000000000000000000000000000000000000000000000000000000000000000000000000000000000000000000000000000000000000000000000000000000000000000000000000000000000000000000000000000000000000000000000
310
00000000000000000000000000000000000000000000000000000000000000000000000000000000000000000000000000000000000000000000000000000000000000000000000000000000000000000000000000000000000000000000000000000000000000000000000000000000000000000000000000000000000000
310
00000000000000000000000000000000000000000000000000000000000000000000000000000000000000000000000000000000000000000000000000000000000000000000000000000000000000000000000000000000000000000000000000000000000000000000000000000000000000000000000000000000000000
310
00000000000000000000000000000000000000000000000000000000000000000000000000000000000000000000000000000000000000000000000000000000000000000000000000000000000000000000000000000000000000000000000000000000000000000000000000000000000000000000000000000000000000
310
00000000000000000000000000000000000000000000000000000000000000000000000000000000000000000000000000000000000000000000000000000000000000000000000000000000000000000000000000000000000000000000000000000000000000000000000000000000000000000000000000000000000000
310
00000000000000000000000000000000000000000000000000000000000000000000000000000000000000000000000000000000000000000000000000000000000000000000000000000000000000000000000000000000000000000000000000000000000000000000000000000000000000000000000000000000000000
310
00000000000000000000000000000000000000000000000000000000000000000000000000000000000000000000000000000000000000000000000000000000000000000000000000000000000000000000000000000000000000000000000000000000000000000000000000000000000000000000000000000000000000
310
00000000000000000000000000000000000000000000000000000000000000000000000000000000000000000000000000000000000000000000000000000000000000000000000000000000000000000000000000000000000000000000000000000000000000000000000000000000000000000000000000000000000000
310
00000000000000000000000000000000000000000000000000000000000000000000000000000000000000000000000000000000000000000000000000000000000000000000000000000000000000000000000000000000000000000000000000000000000000000000000000000000000000000000000000000000000000
310
00000000000000000000000000000000000000000000000000000000000000000000000000000000000000000000000000000000000000000000000000000000000000000000000000000000000000000000000000000000000000000000000000000000000000000000000000000000000000000000000000000000000000
310
00000000000000000000000000000000000000000000000000000000000000000000000000000000000000000000000000000000000000000000000000000000000000000000000000000000000000000000000000000000000000000000000000000000000000000000000000000000000000000000000000000000000000
310
00000000000000000000000000000000000000000000000000000000000000000000000000000000000000000000000000000000000000000000000000000000000000000000000000000000000000000000000000000000000000000000000000000000000000000000000000000000000000000000000000000000000000
310
00000000000000000000000000000000000000000000000000000000000000000000000000000000000000000000000000000000000000000000000000000000000000000000000000000000000000000000000000000000000000000000000000000000000000000000000000000000000000000000000000000000000000
310
00000000000000000000000000000000000000000000000000000000000000000000000000000000000000000000000000000000000000000000000000000000000000000000000000000000000000000000000000000000000000000000000000000000000000000000000000000000000000000000000000000000000000
310
00000000000000000000000000000000000000000000000000000000000000000000000000000000000000000000000000000000000000000000000000000000000000000000000000000000000000000000000000000000000000000000000000000000000000000000000000000000000000000000000000000000000000
310
00000000000000000000000000000000000000000000000000000000000000000000000000000000000000000000000000000000000000000000000000000000000000000000000000000000000000000000000000000000000000000000000000000000000000000000000000000000000000000000000000000000000000
310
00000000000000000000000000000000000000000000000000000000000000000000000000000000000000000000000000000000000000000000000000000000000000000000000000000000000000000000000000000000000000000000000000000000000000000000000000000000000000000000000000000000000000
310
00000000000000000000000000000000000000000000000000000000000000000000000000000000000000000000000000000000000000000000000000000000000000000000000000000000000000000000000000000000000000000000000000000000000000000000000000000000000000000000000000000000000000
310
00000000000000000000000000000000000000000000000000000000000000000000000000000000000000000000000000000000000000000000000000000000000000000000000000000000000000000000000000000000000000000000000000000000000000000000000000000000000000000000000000000000000000
310
00000000000000000000000000000000000000000000000000000000000000000000000000000000000000000000000000000000000000000000000000000000000000000000000000000000000000000000000000000000000000000000000000000000000000000000000000000000000000000000000000000000000000
310
00000000000000000000000000000000000000000000000000000000000000000000000000000000000000000000000000000000000000000000000000000000000000000000000000000000000000000000000000000000000000000000000000000000000000000000000000000000000000000000000000000000000000
310
00000000000000000000000000000000000000000000000000000000000000000000000000000000000000000000000000000000000000000000000000000000000000000000000000000000000000000000000000000000000000000000000000000000000000000000000000000000000000000000000000000000000000
310
00000000000000000000000000000000000000000000000000000000000000000000000000000000000000000000000000000000000000000000000000000000000000000000000000000000000000000000000000000000000000000000000000000000000000000000000000000000000000000000000000000000000000
310
00000000000000000000000000000000000000000000000000000000000000000000000000000000000000000000000000000000000000000000000000000000000000000000000000000000000000000000000000000000000000000000000000000000000000000000000000000000000000000000000000000000000000
310
00000000000000000000000000000000000000000000000000000000000000000000000000000000000000000000000000000000000000000000000000000000000000000000000000000000000000000000000000000000000000000000000000000000000000000000000000000000000000000000000000000000000000
310
00000000000000000000000000000000000000000000000000000000000000000000000000000000000000000000000000000000000000000000000000000000000000000000000000000000000000000000000000000000000000000000000000000000000000000000000000000000000000000000000000000000000000
310
00000000000000000000000000000000000000000000000000000000000000000000000000000000000000000000000000000000000000000000000000000000000000000000000000000000000000000000000000000000000000000000000000000000000000000000000000000000000000000000000000000000000000
310
00000000000000000000000000000000000000000000000000000000000000000000000000000000000000000000000000000000000000000000000000000000000000000000000000000000000000000000000000000000000000000000000000000000000000000000000000000000000000000000000000000000000000
310
00000000000000000000000000000000000000000000000000000000000000000000000000000000000000000000000000000000000000000000000000000000000000000000000000000000000000000000000000000000000000000000000000000000000000000000000000000000000000000000000000000000000000
310
00000000000000000000000000000000000000000000000000000000000000000000000000000000000000000000000000000000000000000000000000000000000000000000000000000000000000000000000000000000000000000000000000000000000000000000000000000000000000000000000000000000000000
310
00000000000000000000000000000000000000000000000000000000000000000000000000000000000000000000000000000000000000000000000000000000000000000000000000000000000000000000000000000000000000000000000000000000000000000000000000000000000000000000000000000000000000
310
00000000000000000000000000000000000000000000000000000000000000000000000000000000000000000000000000000000000000000000000000000000000000000000000000000000000000000000000000000000000000000000000000000000000000000000000000000000000000000000000000000000000000
310
00000000000000000000000000000000000000000000000000000000000000000000000000000000000000000000000000000000000000000000000000000000000000000000000000000000000000000000000000000000000000000000000000000000000000000000000000000000000000000000000000000000000000
310
00000000000000000000000000000000000000000000000000000000000000000000000000000000000000000000000000000000000000000000000000000000000000000000000000000000000000000000000000000000000000000000000000000000000000000000000000000000000000000000000000000000000000
310
00000000000000000000000000000000000000000000000000000000000000000000000000000000000000000000000000000000000000000000000000000000000000000000000000000000000000000000000000000000000000000000000000000000000000000000000000000000000000000000000000000000000000
310
00000000000000000000000000000000000000000000000000000000000000000000000000000000000000000000000000000000000000000000000000000000000000000000000000000000000000000000000000000000000000000000000000000000000000000000000000000000000000000000000000000000000000
310
00000000000000000000000000000000000000000000000000000000000000000000000000000000000000000000000000000000000000000000000000000000000000000000000000000000000000000000000000000000000000000000000000000000000000000000000000000000000000000000000000000000000000
310
00000000000000000000000000000000000000000000000000000000000000000000000000000000000000000000000000000000000000000000000000000000000000000000000000000000000000000000000000000000000000000000000000000000000000000000000000000000000000000000000000000000000000
310
00000000000000000000000000000000000000000000000000000000000000000000000000000000000000000000000000000000000000000000000000000000000000000000000000000000000000000000000000000000000000000000000000000000000000000000000000000000000000000000000000000000000000
310
00000000000000000000000000000000000000000000000000000000000000000000000000000000000000000000000000000000000000000000000000000000000000000000000000000000000000000000000000000000000000000000000000000000000000000000000000000000000000000000000000000000000000
310
00000000000000000000000000000000000000000000000000000000000000000000000000000000000000000000000000000000000000000000000000000000000000000000000000000000000000000000000000000000000000000000000000000000000000000000000000000000000000000000000000000000000000
310
00000000000000000000000000000000000000000000000000000000000000000000000000000000000000000000000000000000000000000000000000000000000000000000000000000000000000000000000000000000000000000000000000000000000000000000000000000000000000000000000000000000000000
310
00000000000000000000000000000000000000000000000000000000000000000000000000000000000000000000000000000000000000000000000000000000000000000000000000000000000000000000000000000000000000000000000000000000000000000000000000000000000000000000000000000000000000
310
00000000000000000000000000000000000000000000000000000000000000000000000000000000000000000000000000000000000000000000000000000000000000000000000000000000000000000000000000000000000000000000000000000000000000000000000000000000000000000000000000000000000000
310
00000000000000000000000000000000000000000000000000000000000000000000000000000000000000000000000000000000000000000000000000000000000000000000000000000000000000000000000000000000000000000000000000000000000000000000000000000000000000000000000000000000000000
310
00000000000000000000000000000000000000000000000000000000000000000000000000000000000000000000000000000000000000000000000000000000000000000000000000000000000000000000000000000000000000000000000000000000000000000000000000000000000000000000000000000000000000
310
00000000000000000000000000000000000000000000000000000000000000000000000000000000000000000000000000000000000000000000000000000000000000000000000000000000000000000000000000000000000000000000000000000000000000000000000000000000000000000000000000000000000000
310
00000000000000000000000000000000000000000000000000000000000000000000000000000000000000000000000000000000000000000000000000000000000000000000000000000000000000000000000000000000000000000000000000000000000000000000000000000000000000000000000000000000000000
310
00000000000000000000000000000000000000000000000000000000000000000000000000000000000000000000000000000000000000000000000000000000000000000000000000000000000000000000000000000000000000000000000000000000000000000000000000000000000000000000000000000000000000
310
00000000000000000000000000000000000000000000000000000000000000000000000000000000000000000000000000000000000000000000000000000000000000000000000000000000000000000000000000000000000000000000000000000000000000000000000000000000000000000000000000000000000000
310
00000000000000000000000000000000000000000000000000000000000000000000000000000000000000000000000000000000000000000000000000000000000000000000000000000000000000000000000000000000000000000000000000000000000000000000000000000000000000000000000000000000000000
310
00000000000000000000000000000000000000000000000000000000000000000000000000000000000000000000000000000000000000000000000000000000000000000000000000000000000000000000000000000000000000000000000000000000000000000000000000000000000000000000000000000000000000
310
00000000000000000000000000000000000000000000000000000000000000000000000000000000000000000000000000000000000000000000000000000000000000000000000000000000000000000000000000000000000000000000000000000000000000000000000000000000000000000000000000000000000000
310
00000000000000000000000000000000000000000000000000000000000000000000000000000000000000000000000000000000000000000000000000000000000000000000000000000000000000000000000000000000000000000000000000000000000000000000000000000000000000000000000000000000000000
310
00000000000000000000000000000000000000000000000000000000000000000000000000000000000000000000000000000000000000000000000000000000000000000000000000000000000000000000000000000000000000000000000000000000000000000000000000000000000000000000000000000000000000
310
00000000000000000000000000000000000000000000000000000000000000000000000000000000000000000000000000000000000000000000000000000000000000000000000000000000000000000000000000000000000000000000000000000000000000000000000000000000000000000000000000000000000000
310
00000000000000000000000000000000000000000000000000000000000000000000000000000000000000000000000000000000000000000000000000000000000000000000000000000000000000000000000000000000000000000000000000000000000000000000000000000000000000000000000000000000000000
310
00000000000000000000000000000000000000000000000000000000000000000000000000000000000000000000000000000000000000000000000000000000000000000000000000000000000000000000000000000000000000000000000000000000000000000000000000000000000000000000000000000000000000
310
00000000000000000000000000000000000000000000000000000000000000000000000000000000000000000000000000000000000000000000000000000000000000000000000000000000000000000000000000000000000000000000000000000000000000000000000000000000000000000000000000000000000000
310
00000000000000000000000000000000000000000000000000000000000000000000000000000000000000000000000000000000000000000000000000000000000000000000000000000000000000000000000000000000000000000000000000000000000000000000000000000000000000000000000000000000000000
310
00000000000000000000000000000000000000000000000000000000000000000000000000000000000000000000000000000000000000000000000000000000000000000000000000000000000000000000000000000000000000000000000000000000000000000000000000000000000000000000000000000000000000
310
00000000000000000000000000000000000000000000000000000000000000000000000000000000000000000000000000000000000000000000000000000000000000000000000000000000000000000000000000000000000000000000000000000000000000000000000000000000000000000000000000000000000000
310
00000000000000000000000000000000000000000000000000000000000000000000000000000000000000000000000000000000000000000000000000000000000000000000000000000000000000000000000000000000000000000000000000000000000000000000000000000000000000000000000000000000000000
310
00000000000000000000000000000000000000000000000000000000000000000000000000000000000000000000000000000000000000000000000000000000000000000000000000000000000000000000000000000000000000000000000000000000000000000000000000000000000000000000000000000000000000
310
00000000000000000000000000000000000000000000000000000000000000000000000000000000000000000000000000000000000000000000000000000000000000000000000000000000000000000000000000000000000000000000000000000000000000000000000000000000000000000000000000000000000000
310
00000000000000000000000000000000000000000000000000000000000000000000000000000000000000000000000000000000000000000000000000000000000000000000000000000000000000000000000000000000000000000000000000000000000000000000000000000000000000000000000000000000000000
310
00000000000000000000000000000000000000000000000000000000000000000000000000000000000000000000000000000000000000000000000000000000000000000000000000000000000000000000000000000000000000000000000000000000000000000000000000000000000000000000000000000000000000
310
00000000000000000000000000000000000000000000000000000000000000000000000000000000000000000000000000000000000000000000000000000000000000000000000000000000000000000000000000000000000000000000000000000000000000000000000000000000000000000000000000000000000000
310
00000000000000000000000000000000000000000000000000000000000000000000000000000000000000000000000000000000000000000000000000000000000000000000000000000000000000000000000000000000000000000000000000000000000000000000000000000000000000000000000000000000000000
310
00000000000000000000000000000000000000000000000000000000000000000000000000000000000000000000000000000000000000000000000000000000000000000000000000000000000000000000000000000000000000000000000000000000000000000000000000000000000000000000000000000000000000
310
00000000000000000000000000000000000000000000000000000000000000000000000000000000000000000000000000000000000000000000000000000000000000000000000000000000000000000000000000000000000000000000000000000000000000000000000000000000000000000000000000000000000000
310
00000000000000000000000000000000000000000000000000000000000000000000000000000000000000000000000000000000000000000000000000000000000000000000000000000000000000000000000000000000000000000000000000000000000000000000000000000000000000000000000000000000000000
310
00000000000000000000000000000000000000000000000000000000000000000000000000000000000000000000000000000000000000000000000000000000000000000000000000000000000000000000000000000000000000000000000000000000000000000000000000000000000000000000000000000000000000
310
00000000000000000000000000000000000000000000000000000000000000000000000000000000000000000000000000000000000000000000000000000000000000000000000000000000000000000000000000000000000000000000000000000000000000000000000000000000000000000000000000000000000000
310
00000000000000000000000000000000000000000000000000000000000000000000000000000000000000000000000000000000000000000000000000000000000000000000000000000000000000000000000000000000000000000000000000000000000000000000000000000000000000000000000000000000000000
310
00000000000000000000000000000000000000000000000000000000000000000000000000000000000000000000000000000000000000000000000000000000000000000000000000000000000000000000000000000000000000000000000000000000000000000000000000000000000000000000000000000000000000
310
00000000000000000000000000000000000000000000000000000000000000000000000000000000000000000000000000000000000000000000000000000000000000000000000000000000000000000000000000000000000000000000000000000000000000000000000000000000000000000000000000000000000000
310
00000000000000000000000000000000000000000000000000000000000000000000000000000000000000000000000000000000000000000000000000000000000000000000000000000000000000000000000000000000000000000000000000000000000000000000000000000000000000000000000000000000000000
310
00000000000000000000000000000000000000000000000000000000000000000000000000000000000000000000000000000000000000000000000000000000000000000000000000000000000000000000000000000000000000000000000000000000000000000000000000000000000000000000000000000000000000
310
00000000000000000000000000000000000000000000000000000000000000000000000000000000000000000000000000000000000000000000000000000000000000000000000000000000000000000000000000000000000000000000000000000000000000000000000000000000000000000000000000000000000000
310
00000000000000000000000000000000000000000000000000000000000000000000000000000000000000000000000000000000000000000000000000000000000000000000000000000000000000000000000000000000000000000000000000000000000000000000000000000000000000000000000000000000000000
310
00000000000000000000000000000000000000000000000000000000000000000000000000000000000000000000000000000000000000000000000000000000000000000000000000000000000000000000000000000000000000000000000000000000000000000000000000000000000000000000000000000000000000
310
00000000000000000000000000000000000000000000000000000000000000000000000000000000000000000000000000000000000000000000000000000000000000000000000000000000000000000000000000000000000000000000000000000000000000000000000000000000000000000000000000000000000000
310
00000000000000000000000000000000000000000000000000000000000000000000000000000000000000000000000000000000000000000000000000000000000000000000000000000000000000000000000000000000000000000000000000000000000000000000000000000000000000000000000000000000000000
310
00000000000000000000000000000000000000000000000000000000000000000000000000000000000000000000000000000000000000000000000000000000000000000000000000000000000000000000000000000000000000000000000000000000000000000000000000000000000000000000000000000000000000
310
00000000000000000000000000000000000000000000000000000000000000000000000000000000000000000000000000000000000000000000000000000000000000000000000000000000000000000000000000000000000000000000000000000000000000000000000000000000000000000000000000000000000000
310
00000000000000000000000000000000000000000000000000000000000000000000000000000000000000000000000000000000000000000000000000000000000000000000000000000000000000000000000000000000000000000000000000000000000000000000000000000000000000000000000000000000000000
310
00000000000000000000000000000000000000000000000000000000000000000000000000000000000000000000000000000000000000000000000000000000000000000000000000000000000000000000000000000000000000000000000000000000000000000000000000000000000000000000000000000000000000
310
00000000000000000000000000000000000000000000000000000000000000000000000000000000000000000000000000000000000000000000000000000000000000000000000000000000000000000000000000000000000000000000000000000000000000000000000000000000000000000000000000000000000000
310
00000000000000000000000000000000000000000000000000000000000000000000000000000000000000000000000000000000000000000000000000000000000000000000000000000000000000000000000000000000000000000000000000000000000000000000000000000000000000000000000000000000000000
310
00000000000000000000000000000000000000000000000000000000000000000000000000000000000000000000000000000000000000000000000000000000000000000000000000000000000000000000000000000000000000000000000000000000000000000000000000000000000000000000000000000000000000
310
00000000000000000000000000000000000000000000000000000000000000000000000000000000000000000000000000000000000000000000000000000000000000000000000000000000000000000000000000000000000000000000000000000000000000000000000000000000000000000000000000000000000000
310
00000000000000000000000000000000000000000000000000000000000000000000000000000000000000000000000000000000000000000000000000000000000000000000000000000000000000000000000000000000000000000000000000000000000000000000000000000000000000000000000000000000000000
310
00000000000000000000000000000000000000000000000000000000000000000000000000000000000000000000000000000000000000000000000000000000000000000000000000000000000000000000000000000000000000000000000000000000000000000000000000000000000000000000000000000000000000
310
00000000000000000000000000000000000000000000000000000000000000000000000000000000000000000000000000000000000000000000000000000000000000000000000000000000000000000000000000000000000000000000000000000000000000000000000000000000000000000000000000000000000000
310
00000000000000000000000000000000000000000000000000000000000000000000000000000000000000000000000000000000000000000000000000000000000000000000000000000000000000000000000000000000000000000000000000000000000000000000000000000000000000000000000000000000000000
310
00000000000000000000000000000000000000000000000000000000000000000000000000000000000000000000000000000000000000000000000000000000000000000000000000000000000000000000000000000000000000000000000000000000000000000000000000000000000000000000000000000000000000
310
00000000000000000000000000000000000000000000000000000000000000000000000000000000000000000000000000000000000000000000000000000000000000000000000000000000000000000000000000000000000000000000000000000000000000000000000000000000000000000000000000000000000000
310
00000000000000000000000000000000000000000000000000000000000000000000000000000000000000000000000000000000000000000000000000000000000000000000000000000000000000000000000000000000000000000000000000000000000000000000000000000000000000000000000000000000000000
310
00000000000000000000000000000000000000000000000000000000000000000000000000000000000000000000000000000000000000000000000000000000000000000000000000000000000000000000000000000000000000000000000000000000000000000000000000000000000000000000000000000000000000
310
00000000000000000000000000000000000000000000000000000000000000000000000000000000000000000000000000000000000000000000000000000000000000000000000000000000000000000000000000000000000000000000000000000000000000000000000000000000000000000000000000000000000000
310
00000000000000000000000000000000000000000000000000000000000000000000000000000000000000000000000000000000000000000000000000000000000000000000000000000000000000000000000000000000000000000000000000000000000000000000000000000000000000000000000000000000000000
310
00000000000000000000000000000000000000000000000000000000000000000000000000000000000000000000000000000000000000000000000000000000000000000000000000000000000000000000000000000000000000000000000000000000000000000000000000000000000000000000000000000000000000
310
00000000000000000000000000000000000000000000000000000000000000000000000000000000000000000000000000000000000000000000000000000000000000000000000000000000000000000000000000000000000000000000000000000000000000000000000000000000000000000000000000000000000000
310
00000000000000000000000000000000000000000000000000000000000000000000000000000000000000000000000000000000000000000000000000000000000000000000000000000000000000000000000000000000000000000000000000000000000000000000000000000000000000000000000000000000000000
310
00000000000000000000000000000000000000000000000000000000000000000000000000000000000000000000000000000000000000000000000000000000000000000000000000000000000000000000000000000000000000000000000000000000000000000000000000000000000000000000000000000000000000
310
00000000000000000000000000000000000000000000000000000000000000000000000000000000000000000000000000000000000000000000000000000000000000000000000000000000000000000000000000000000000000000000000000000000000000000000000000000000000000000000000000000000000000
310
00000000000000000000000000000000000000000000000000000000000000000000000000000000000000000000000000000000000000000000000000000000000000000000000000000000000000000000000000000000000000000000000000000000000000000000000000000000000000000000000000000000000000
310
00000000000000000000000000000000000000000000000000000000000000000000000000000000000000000000000000000000000000000000000000000000000000000000000000000000000000000000000000000000000000000000000000000000000000000000000000000000000000000000000000000000000000
310
00000000000000000000000000000000000000000000000000000000000000000000000000000000000000000000000000000000000000000000000000000000000000000000000000000000000000000000000000000000000000000000000000000000000000000000000000000000000000000000000000000000000000
310
00000000000000000000000000000000000000000000000000000000000000000000000000000000000000000000000000000000000000000000000000000000000000000000000000000000000000000000000000000000000000000000000000000000000000000000000000000000000000000000000000000000000000
310
00000000000000000000000000000000000000000000000000000000000000000000000000000000000000000000000000000000000000000000000000000000000000000000000000000000000000000000000000000000000000000000000000000000000000000000000000000000000000000000000000000000000000
310
00000000000000000000000000000000000000000000000000000000000000000000000000000000000000000000000000000000000000000000000000000000000000000000000000000000000000000000000000000000000000000000000000000000000000000000000000000000000000000000000000000000000000
310
00000000000000000000000000000000000000000000000000000000000000000000000000000000000000000000000000000000000000000000000000000000000000000000000000000000000000000000000000000000000000000000000000000000000000000000000000000000000000000000000000000000000000
310
00000000000000000000000000000000000000000000000000000000000000000000000000000000000000000000000000000000000000000000000000000000000000000000000000000000000000000000000000000000000000000000000000000000000000000000000000000000000000000000000000000000000000
310
00000000000000000000000000000000000000000000000000000000000000000000000000000000000000000000000000000000000000000000000000000000000000000000000000000000000000000000000000000000000000000000000000000000000000000000000000000000000000000000000000000000000000
310
00000000000000000000000000000000000000000000000000000000000000000000000000000000000000000000000000000000000000000000000000000000000000000000000000000000000000000000000000000000000000000000000000000000000000000000000000000000000000000000000000000000000000
310
00000000000000000000000000000000000000000000000000000000000000000000000000000000000000000000000000000000000000000000000000000000000000000000000000000000000000000000000000000000000000000000000000000000000000000000000000000000000000000000000000000000000000
310
00000000000000000000000000000000000000000000000000000000000000000000000000000000000000000000000000000000000000000000000000000000000000000000000000000000000000000000000000000000000000000000000000000000000000000000000000000000000000000000000000000000000000
310
00000000000000000000000000000000000000000000000000000000000000000000000000000000000000000000000000000000000000000000000000000000000000000000000000000000000000000000000000000000000000000000000000000000000000000000000000000000000000000000000000000000000000
310
00000000000000000000000000000000000000000000000000000000000000000000000000000000000000000000000000000000000000000000000000000000000000000000000000000000000000000000000000000000000000000000000000000000000000000000000000000000000000000000000000000000000000
310
00000000000000000000000000000000000000000000000000000000000000000000000000000000000000000000000000000000000000000000000000000000000000000000000000000000000000000000000000000000000000000000000000000000000000000000000000000000000000000000000000000000000000
310
00000000000000000000000000000000000000000000000000000000000000000000000000000000000000000000000000000000000000000000000000000000000000000000000000000000000000000000000000000000000000000000000000000000000000000000000000000000000000000000000000000000000000
310
00000000000000000000000000000000000000000000000000000000000000000000000000000000000000000000000000000000000000000000000000000000000000000000000000000000000000000000000000000000000000000000000000000000000000000000000000000000000000000000000000000000000000
310
00000000000000000000000000000000000000000000000000000000000000000000000000000000000000000000000000000000000000000000000000000000000000000000000000000000000000000000000000000000000000000000000000000000000000000000000000000000000000000000000000000000000000
310
00000000000000000000000000000000000000000000000000000000000000000000000000000000000000000000000000000000000000000000000000000000000000000000000000000000000000000000000000000000000000000000000000000000000000000000000000000000000000000000000000000000000000
310
00000000000000000000000000000000000000000000000000000000000000000000000000000000000000000000000000000000000000000000000000000000000000000000000000000000000000000000000000000000000000000000000000000000000000000000000000000000000000000000000000000000000000
310
00000000000000000000000000000000000000000000000000000000000000000000000000000000000000000000000000000000000000000000000000000000000000000000000000000000000000000000000000000000000000000000000000000000000000000000000000000000000000000000000000000000000000
310
00000000000000000000000000000000000000000000000000000000000000000000000000000000000000000000000000000000000000000000000000000000000000000000000000000000000000000000000000000000000000000000000000000000000000000000000000000000000000000000000000000000000000
310
00000000000000000000000000000000000000000000000000000000000000000000000000000000000000000000000000000000000000000000000000000000000000000000000000000000000000000000000000000000000000000000000000000000000000000000000000000000000000000000000000000000000000
310
00000000000000000000000000000000000000000000000000000000000000000000000000000000000000000000000000000000000000000000000000000000000000000000000000000000000000000000000000000000000000000000000000000000000000000000000000000000000000000000000000000000000000
310
00000000000000000000000000000000000000000000000000000000000000000000000000000000000000000000000000000000000000000000000000000000000000000000000000000000000000000000000000000000000000000000000000000000000000000000000000000000000000000000000000000000000000
310
00000000000000000000000000000000000000000000000000000000000000000000000000000000000000000000000000000000000000000000000000000000000000000000000000000000000000000000000000000000000000000000000000000000000000000000000000000000000000000000000000000000000000
310
00000000000000000000000000000000000000000000000000000000000000000000000000000000000000000000000000000000000000000000000000000000000000000000000000000000000000000000000000000000000000000000000000000000000000000000000000000000000000000000000000000000000000
310
00000000000000000000000000000000000000000000000000000000000000000000000000000000000000000000000000000000000000000000000000000000000000000000000000000000000000000000000000000000000000000000000000000000000000000000000000000000000000000000000000000000000000
310
00000000000000000000000000000000000000000000000000000000000000000000000000000000000000000000000000000000000000000000000000000000000000000000000000000000000000000000000000000000000000000000000000000000000000000000000000000000000000000000000000000000000000
310
00000000000000000000000000000000000000000000000000000000000000000000000000000000000000000000000000000000000000000000000000000000000000000000000000000000000000000000000000000000000000000000000000000000000000000000000000000000000000000000000000000000000000
310
00000000000000000000000000000000000000000000000000000000000000000000000000000000000000000000000000000000000000000000000000000000000000000000000000000000000000000000000000000000000000000000000000000000000000000000000000000000000000000000000000000000000000
310
00000000000000000000000000000000000000000000000000000000000000000000000000000000000000000000000000000000000000000000000000000000000000000000000000000000000000000000000000000000000000000000000000000000000000000000000000000000000000000000000000000000000000
310
00000000000000000000000000000000000000000000000000000000000000000000000000000000000000000000000000000000000000000000000000000000000000000000000000000000000000000000000000000000000000000000000000000000000000000000000000000000000000000000000000000000000000
310
00000000000000000000000000000000000000000000000000000000000000000000000000000000000000000000000000000000000000000000000000000000000000000000000000000000000000000000000000000000000000000000000000000000000000000000000000000000000000000000000000000000000000
310
00000000000000000000000000000000000000000000000000000000000000000000000000000000000000000000000000000000000000000000000000000000000000000000000000000000000000000000000000000000000000000000000000000000000000000000000000000000000000000000000000000000000000
310
00000000000000000000000000000000000000000000000000000000000000000000000000000000000000000000000000000000000000000000000000000000000000000000000000000000000000000000000000000000000000000000000000000000000000000000000000000000000000000000000000000000000000
310
00000000000000000000000000000000000000000000000000000000000000000000000000000000000000000000000000000000000000000000000000000000000000000000000000000000000000000000000000000000000000000000000000000000000000000000000000000000000000000000000000000000000000
310
00000000000000000000000000000000000000000000000000000000000000000000000000000000000000000000000000000000000000000000000000000000000000000000000000000000000000000000000000000000000000000000000000000000000000000000000000000000000000000000000000000000000000
310
00000000000000000000000000000000000000000000000000000000000000000000000000000000000000000000000000000000000000000000000000000000000000000000000000000000000000000000000000000000000000000000000000000000000000000000000000000000000000000000000000000000000000
310
00000000000000000000000000000000000000000000000000000000000000000000000000000000000000000000000000000000000000000000000000000000000000000000000000000000000000000000000000000000000000000000000000000000000000000000000000000000000000000000000000000000000000
310
00000000000000000000000000000000000000000000000000000000000000000000000000000000000000000000000000000000000000000000000000000000000000000000000000000000000000000000000000000000000000000000000000000000000000000000000000000000000000000000000000000000000000
310
00000000000000000000000000000000000000000000000000000000000000000000000000000000000000000000000000000000000000000000000000000000000000000000000000000000000000000000000000000000000000000000000000000000000000000000000000000000000000000000000000000000000000
310
00000000000000000000000000000000000000000000000000000000000000000000000000000000000000000000000000000000000000000000000000000000000000000000000000000000000000000000000000000000000000000000000000000000000000000000000000000000000000000000000000000000000000
310
00000000000000000000000000000000000000000000000000000000000000000000000000000000000000000000000000000000000000000000000000000000000000000000000000000000000000000000000000000000000000000000000000000000000000000000000000000000000000000000000000000000000000
310
00000000000000000000000000000000000000000000000000000000000000000000000000000000000000000000000000000000000000000000000000000000000000000000000000000000000000000000000000000000000000000000000000000000000000000000000000000000000000000000000000000000000000
310
00000000000000000000000000000000000000000000000000000000000000000000000000000000000000000000000000000000000000000000000000000000000000000000000000000000000000000000000000000000000000000000000000000000000000000000000000000000000000000000000000000000000000
310
00000000000000000000000000000000000000000000000000000000000000000000000000000000000000000000000000000000000000000000000000000000000000000000000000000000000000000000000000000000000000000000000000000000000000000000000000000000000000000000000000000000000000
310
00000000000000000000000000000000000000000000000000000000000000000000000000000000000000000000000000000000000000000000000000000000000000000000000000000000000000000000000000000000000000000000000000000000000000000000000000000000000000000000000000000000000000
310
00000000000000000000000000000000000000000000000000000000000000000000000000000000000000000000000000000000000000000000000000000000000000000000000000000000000000000000000000000000000000000000000000000000000000000000000000000000000000000000000000000000000000
310
00000000000000000000000000000000000000000000000000000000000000000000000000000000000000000000000000000000000000000000000000000000000000000000000000000000000000000000000000000000000000000000000000000000000000000000000000000000000000000000000000000000000000
310
00000000000000000000000000000000000000000000000000000000000000000000000000000000000000000000000000000000000000000000000000000000000000000000000000000000000000000000000000000000000000000000000000000000000000000000000000000000000000000000000000000000000000
310
00000000000000000000000000000000000000000000000000000000000000000000000000000000000000000000000000000000000000000000000000000000000000000000000000000000000000000000000000000000000000000000000000000000000000000000000000000000000000000000000000000000000000
310
00000000000000000000000000000000000000000000000000000000000000000000000000000000000000000000000000000000000000000000000000000000000000000000000000000000000000000000000000000000000000000000000000000000000000000000000000000000000000000000000000000000000000
310
00000000000000000000000000000000000000000000000000000000000000000000000000000000000000000000000000000000000000000000000000000000000000000000000000000000000000000000000000000000000000000000000000000000000000000000000000000000000000000000000000000000000000
310
00000000000000000000000000000000000000000000000000000000000000000000000000000000000000000000000000000000000000000000000000000000000000000000000000000000000000000000000000000000000000000000000000000000000000000000000000000000000000000000000000000000000000
310
00000000000000000000000000000000000000000000000000000000000000000000000000000000000000000000000000000000000000000000000000000000000000000000000000000000000000000000000000000000000000000000000000000000000000000000000000000000000000000000000000000000000000
310
00000000000000000000000000000000000000000000000000000000000000000000000000000000000000000000000000000000000000000000000000000000000000000000000000000000000000000000000000000000000000000000000000000000000000000000000000000000000000000000000000000000000000
310
00000000000000000000000000000000000000000000000000000000000000000000000000000000000000000000000000000000000000000000000000000000000000000000000000000000000000000000000000000000000000000000000000000000000000000000000000000000000000000000000000000000000000
310
00000000000000000000000000000000000000000000000000000000000000000000000000000000000000000000000000000000000000000000000000000000000000000000000000000000000000000000000000000000000000000000000000000000000000000000000000000000000000000000000000000000000000
310
00000000000000000000000000000000000000000000000000000000000000000000000000000000000000000000000000000000000000000000000000000000000000000000000000000000000000000000000000000000000000000000000000000000000000000000000000000000000000000000000000000000000000
310
00000000000000000000000000000000000000000000000000000000000000000000000000000000000000000000000000000000000000000000000000000000000000000000000000000000000000000000000000000000000000000000000000000000000000000000000000000000000000000000000000000000000000
310
00000000000000000000000000000000000000000000000000000000000000000000000000000000000000000000000000000000000000000000000000000000000000000000000000000000000000000000000000000000000000000000000000000000000000000000000000000000000000000000000000000000000000
310
00000000000000000000000000000000000000000000000000000000000000000000000000000000000000000000000000000000000000000000000000000000000000000000000000000000000000000000000000000000000000000000000000000000000000000000000000000000000000000000000000000000000000
310
00000000000000000000000000000000000000000000000000000000000000000000000000000000000000000000000000000000000000000000000000000000000000000000000000000000000000000000000000000000000000000000000000000000000000000000000000000000000000000000000000000000000000
310
00000000000000000000000000000000000000000000000000000000000000000000000000000000000000000000000000000000000000000000000000000000000000000000000000000000000000000000000000000000000000000000000000000000000000000000000000000000000000000000000000000000000000
310
00000000000000000000000000000000000000000000000000000000000000000000000000000000000000000000000000000000000000000000000000000000000000000000000000000000000000000000000000000000000000000000000000000000000000000000000000000000000000000000000000000000000000
310
00000000000000000000000000000000000000000000000000000000000000000000000000000000000000000000000000000000000000000000000000000000000000000000000000000000000000000000000000000000000000000000000000000000000000000000000000000000000000000000000000000000000000
310
00000000000000000000000000000000000000000000000000000000000000000000000000000000000000000000000000000000000000000000000000000000000000000000000000000000000000000000000000000000000000000000000000000000000000000000000000000000000000000000000000000000000000
310
00000000000000000000000000000000000000000000000000000000000000000000000000000000000000000000000000000000000000000000000000000000000000000000000000000000000000000000000000000000000000000000000000000000000000000000000000000000000000000000000000000000000000
310
00000000000000000000000000000000000000000000000000000000000000000000000000000000000000000000000000000000000000000000000000000000000000000000000000000000000000000000000000000000000000000000000000000000000000000000000000000000000000000000000000000000000000
310
00000000000000000000000000000000000000000000000000000000000000000000000000000000000000000000000000000000000000000000000000000000000000000000000000000000000000000000000000000000000000000000000000000000000000000000000000000000000000000000000000000000000000
310
00000000000000000000000000000000000000000000000000000000000000000000000000000000000000000000000000000000000000000000000000000000000000000000000000000000000000000000000000000000000000000000000000000000000000000000000000000000000000000000000000000000000000
310
00000000000000000000000000000000000000000000000000000000000000000000000000000000000000000000000000000000000000000000000000000000000000000000000000000000000000000000000000000000000000000000000000000000000000000000000000000000000000000000000000000000000000
310
00000000000000000000000000000000000000000000000000000000000000000000000000000000000000000000000000000000000000000000000000000000000000000000000000000000000000000000000000000000000000000000000000000000000000000000000000000000000000000000000000000000000000
310
00000000000000000000000000000000000000000000000000000000000000000000000000000000000000000000000000000000000000000000000000000000000000000000000000000000000000000000000000000000000000000000000000000000000000000000000000000000000000000000000000000000000000
310
00000000000000000000000000000000000000000000000000000000000000000000000000000000000000000000000000000000000000000000000000000000000000000000000000000000000000000000000000000000000000000000000000000000000000000000000000000000000000000000000000000000000000
310
00000000000000000000000000000000000000000000000000000000000000000000000000000000000000000000000000000000000000000000000000000000000000000000000000000000000000000000000000000000000000000000000000000000000000000000000000000000000000000000000000000000000000
310
00000000000000000000000000000000000000000000000000000000000000000000000000000000000000000000000000000000000000000000000000000000000000000000000000000000000000000000000000000000000000000000000000000000000000000000000000000000000000000000000000000000000000
310
00000000000000000000000000000000000000000000000000000000000000000000000000000000000000000000000000000000000000000000000000000000000000000000000000000000000000000000000000000000000000000000000000000000000000000000000000000000000000000000000000000000000000
310
00000000000000000000000000000000000000000000000000000000000000000000000000000000000000000000000000000000000000000000000000000000000000000000000000000000000000000000000000000000000000000000000000000000000000000000000000000000000000000000000000000000000000
310
00000000000000000000000000000000000000000000000000000000000000000000000000000000000000000000000000000000000000000000000000000000000000000000000000000000000000000000000000000000000000000000000000000000000000000000000000000000000000000000000000000000000000
310
00000000000000000000000000000000000000000000000000000000000000000000000000000000000000000000000000000000000000000000000000000000000000000000000000000000000000000000000000000000000000000000000000000000000000000000000000000000000000000000000000000000000000
310
00000000000000000000000000000000000000000000000000000000000000000000000000000000000000000000000000000000000000000000000000000000000000000000000000000000000000000000000000000000000000000000000000000000000000000000000000000000000000000000000000000000000000
310
00000000000000000000000000000000000000000000000000000000000000000000000000000000000000000000000000000000000000000000000000000000000000000000000000000000000000000000000000000000000000000000000000000000000000000000000000000000000000000000000000000000000000
310
00000000000000000000000000000000000000000000000000000000000000000000000000000000000000000000000000000000000000000000000000000000000000000000000000000000000000000000000000000000000000000000000000000000000000000000000000000000000000000000000000000000000000
310
00000000000000000000000000000000000000000000000000000000000000000000000000000000000000000000000000000000000000000000000000000000000000000000000000000000000000000000000000000000000000000000000000000000000000000000000000000000000000000000000000000000000000
310
00000000000000000000000000000000000000000000000000000000000000000000000000000000000000000000000000000000000000000000000000000000000000000000000000000000000000000000000000000000000000000000000000000000000000000000000000000000000000000000000000000000000000
310
00000000000000000000000000000000000000000000000000000000000000000000000000000000000000000000000000000000000000000000000000000000000000000000000000000000000000000000000000000000000000000000000000000000000000000000000000000000000000000000000000000000000000
310
00000000000000000000000000000000000000000000000000000000000000000000000000000000000000000000000000000000000000000000000000000000000000000000000000000000000000000000000000000000000000000000000000000000000000000000000000000000000000000000000000000000000000
310
00000000000000000000000000000000000000000000000000000000000000000000000000000000000000000000000000000000000000000000000000000000000000000000000000000000000000000000000000000000000000000000000000000000000000000000000000000000000000000000000000000000000000
310
00000000000000000000000000000000000000000000000000000000000000000000000000000000000000000000000000000000000000000000000000000000000000000000000000000000000000000000000000000000000000000000000000000000000000000000000000000000000000000000000000000000000000
310
00000000000000000000000000000000000000000000000000000000000000000000000000000000000000000000000000000000000000000000000000000000000000000000000000000000000000000000000000000000000000000000000000000000000000000000000000000000000000000000000000000000000000
310
00000000000000000000000000000000000000000000000000000000000000000000000000000000000000000000000000000000000000000000000000000000000000000000000000000000000000000000000000000000000000000000000000000000000000000000000000000000000000000000000000000000000000
310
00000000000000000000000000000000000000000000000000000000000000000000000000000000000000000000000000000000000000000000000000000000000000000000000000000000000000000000000000000000000000000000000000000000000000000000000000000000000000000000000000000000000000
310
00000000000000000000000000000000000000000000000000000000000000000000000000000000000000000000000000000000000000000000000000000000000000000000000000000000000000000000000000000000000000000000000000000000000000000000000000000000000000000000000000000000000000
310
00000000000000000000000000000000000000000000000000000000000000000000000000000000000000000000000000000000000000000000000000000000000000000000000000000000000000000000000000000000000000000000000000000000000000000000000000000000000000000000000000000000000000
310
00000000000000000000000000000000000000000000000000000000000000000000000000000000000000000000000000000000000000000000000000000000000000000000000000000000000000000000000000000000000000000000000000000000000000000000000000000000000000000000000000000000000000
310
00000000000000000000000000000000000000000000000000000000000000000000000000000000000000000000000000000000000000000000000000000000000000000000000000000000000000000000000000000000000000000000000000000000000000000000000000000000000000000000000000000000000000
310
00000000000000000000000000000000000000000000000000000000000000000000000000000000000000000000000000000000000000000000000000000000000000000000000000000000000000000000000000000000000000000000000000000000000000000000000000000000000000000000000000000000000000
310
00000000000000000000000000000000000000000000000000000000000000000000000000000000000000000000000000000000000000000000000000000000000000000000000000000000000000000000000000000000000000000000000000000000000000000000000000000000000000000000000000000000000000
310
00000000000000000000000000000000000000000000000000000000000000000000000000000000000000000000000000000000000000000000000000000000000000000000000000000000000000000000000000000000000000000000000000000000000000000000000000000000000000000000000000000000000000
310
00000000000000000000000000000000000000000000000000000000000000000000000000000000000000000000000000000000000000000000000000000000000000000000000000000000000000000000000000000000000000000000000000000000000000000000000000000000000000000000000000000000000000
310
00000000000000000000000000000000000000000000000000000000000000000000000000000000000000000000000000000000000000000000000000000000000000000000000000000000000000000000000000000000000000000000000000000000000000000000000000000000000000000000000000000000000000
310
00000000000000000000000000000000000000000000000000000000000000000000000000000000000000000000000000000000000000000000000000000000000000000000000000000000000000000000000000000000000000000000000000000000000000000000000000000000000000000000000000000000000000
310
00000000000000000000000000000000000000000000000000000000000000000000000000000000000000000000000000000000000000000000000000000000000000000000000000000000000000000000000000000000000000000000000000000000000000000000000000000000000000000000000000000000000000
310
00000000000000000000000000000000000000000000000000000000000000000000000000000000000000000000000000000000000000000000000000000000000000000000000000000000000000000000000000000000000000000000000000000000000000000000000000000000000000000000000000000000000000
310
00000000000000000000000000000000000000000000000000000000000000000000000000000000000000000000000000000000000000000000000000000000000000000000000000000000000000000000000000000000000000000000000000000000000000000000000000000000000000000000000000000000000000
310
00000000000000000000000000000000000000000000000000000000000000000000000000000000000000000000000000000000000000000000000000000000000000000000000000000000000000000000000000000000000000000000000000000000000000000000000000000000000000000000000000000000000000
310
00000000000000000000000000000000000000000000000000000000000000000000000000000000000000000000000000000000000000000000000000000000000000000000000000000000000000000000000000000000000000000000000000000000000000000000000000000000000000000000000000000000000000
310
00000000000000000000000000000000000000000000000000000000000000000000000000000000000000000000000000000000000000000000000000000000000000000000000000000000000000000000000000000000000000000000000000000000000000000000000000000000000000000000000000000000000000
310
00000000000000000000000000000000000000000000000000000000000000000000000000000000000000000000000000000000000000000000000000000000000000000000000000000000000000000000000000000000000000000000000000000000000000000000000000000000000000000000000000000000000000
310
00000000000000000000000000000000000000000000000000000000000000000000000000000000000000000000000000000000000000000000000000000000000000000000000000000000000000000000000000000000000000000000000000000000000000000000000000000000000000000000000000000000000000
310
00000000000000000000000000000000000000000000000000000000000000000000000000000000000000000000000000000000000000000000000000000000000000000000000000000000000000000000000000000000000000000000000000000000000000000000000000000000000000000000000000000000000000
310
00000000000000000000000000000000000000000000000000000000000000000000000000000000000000000000000000000000000000000000000000000000000000000000000000000000000000000000000000000000000000000000000000000000000000000000000000000000000000000000000000000000000000
310
00000000000000000000000000000000000000000000000000000000000000000000000000000000000000000000000000000000000000000000000000000000000000000000000000000000000000000000000000000000000000000000000000000000000000000000000000000000000000000000000000000000000000
310
00000000000000000000000000000000000000000000000000000000000000000000000000000000000000000000000000000000000000000000000000000000000000000000000000000000000000000000000000000000000000000000000000000000000000000000000000000000000000000000000000000000000000
310
00000000000000000000000000000000000000000000000000000000000000000000000000000000000000000000000000000000000000000000000000000000000000000000000000000000000000000000000000000000000000000000000000000000000000000000000000000000000000000000000000000000000000
310
00000000000000000000000000000000000000000000000000000000000000000000000000000000000000000000000000000000000000000000000000000000000000000000000000000000000000000000000000000000000000000000000000000000000000000000000000000000000000000000000000000000000000
310
00000000000000000000000000000000000000000000000000000000000000000000000000000000000000000000000000000000000000000000000000000000000000000000000000000000000000000000000000000000000000000000000000000000000000000000000000000000000000000000000000000000000000
310
00000000000000000000000000000000000000000000000000000000000000000000000000000000000000000000000000000000000000000000000000000000000000000000000000000000000000000000000000000000000000000000000000000000000000000000000000000000000000000000000000000000000000
310
00000000000000000000000000000000000000000000000000000000000000000000000000000000000000000000000000000000000000000000000000000000000000000000000000000000000000000000000000000000000000000000000000000000000000000000000000000000000000000000000000000000000000
310
00000000000000000000000000000000000000000000000000000000000000000000000000000000000000000000000000000000000000000000000000000000000000000000000000000000000000000000000000000000000000000000000000000000000000000000000000000000000000000000000000000000000000
310
00000000000000000000000000000000000000000000000000000000000000000000000000000000000000000000000000000000000000000000000000000000000000000000000000000000000000000000000000000000000000000000000000000000000000000000000000000000000000000000000000000000000000
310
00000000000000000000000000000000000000000000000000000000000000000000000000000000000000000000000000000000000000000000000000000000000000000000000000000000000000000000000000000000000000000000000000000000000000000000000000000000000000000000000000000000000000
310
00000000000000000000000000000000000000000000000000000000000000000000000000000000000000000000000000000000000000000000000000000000000000000000000000000000000000000000000000000000000000000000000000000000000000000000000000000000000000000000000000000000000000
310
00000000000000000000000000000000000000000000000000000000000000000000000000000000000000000000000000000000000000000000000000000000000000000000000000000000000000000000000000000000000000000000000000000000000000000000000000000000000000000000000000000000000000
310
00000000000000000000000000000000000000000000000000000000000000000000000000000000000000000000000000000000000000000000000000000000000000000000000000000000000000000000000000000000000000000000000000000000000000000000000000000000000000000000000000000000000000
310
00000000000000000000000000000000000000000000000000000000000000000000000000000000000000000000000000000000000000000000000000000000000000000000000000000000000000000000000000000000000000000000000000000000000000000000000000000000000000000000000000000000000000
310
00000000000000000000000000000000000000000000000000000000000000000000000000000000000000000000000000000000000000000000000000000000000000000000000000000000000000000000000000000000000000000000000000000000000000000000000000000000000000000000000000000000000000
310
00000000000000000000000000000000000000000000000000000000000000000000000000000000000000000000000000000000000000000000000000000000000000000000000000000000000000000000000000000000000000000000000000000000000000000000000000000000000000000000000000000000000000
310
00000000000000000000000000000000000000000000000000000000000000000000000000000000000000000000000000000000000000000000000000000000000000000000000000000000000000000000000000000000000000000000000000000000000000000000000000000000000000000000000000000000000000
310
00000000000000000000000000000000000000000000000000000000000000000000000000000000000000000000000000000000000000000000000000000000000000000000000000000000000000000000000000000000000000000000000000000000000000000000000000000000000000000000000000000000000000
310
00000000000000000000000000000000000000000000000000000000000000000000000000000000000000000000000000000000000000000000000000000000000000000000000000000000000000000000000000000000000000000000000000000000000000000000000000000000000000000000000000000000000000
310
00000000000000000000000000000000000000000000000000000000000000000000000000000000000000000000000000000000000000000000000000000000000000000000000000000000000000000000000000000000000000000000000000000000000000000000000000000000000000000000000000000000000000
310
00000000000000000000000000000000000000000000000000000000000000000000000000000000000000000000000000000000000000000000000000000000000000000000000000000000000000000000000000000000000000000000000000000000000000000000000000000000000000000000000000000000000000
310
00000000000000000000000000000000000000000000000000000000000000000000000000000000000000000000000000000000000000000000000000000000000000000000000000000000000000000000000000000000000000000000000000000000000000000000000000000000000000000000000000000000000000
310
00000000000000000000000000000000000000000000000000000000000000000000000000000000000000000000000000000000000000000000000000000000000000000000000000000000000000000000000000000000000000000000000000000000000000000000000000000000000000000000000000000000000000
310
00000000000000000000000000000000000000000000000000000000000000000000000000000000000000000000000000000000000000000000000000000000000000000000000000000000000000000000000000000000000000000000000000000000000000000000000000000000000000000000000000000000000000
310
00000000000000000000000000000000000000000000000000000000000000000000000000000000000000000000000000000000000000000000000000000000000000000000000000000000000000000000000000000000000000000000000000000000000000000000000000000000000000000000000000000000000000
310
00000000000000000000000000000000000000000000000000000000000000000000000000000000000000000000000000000000000000000000000000000000000000000000000000000000000000000000000000000000000000000000000000000000000000000000000000000000000000000000000000000000000000
310
00000000000000000000000000000000000000000000000000000000000000000000000000000000000000000000000000000000000000000000000000000000000000000000000000000000000000000000000000000000000000000000000000000000000000000000000000000000000000000000000000000000000000
310
00000000000000000000000000000000000000000000000000000000000000000000000000000000000000000000000000000000000000000000000000000000000000000000000000000000000000000000000000000000000000000000000000000000000000000000000000000000000000000000000000000000000000
310
00000000000000000000000000000000000000000000000000000000000000000000000000000000000000000000000000000000000000000000000000000000000000000000000000000000000000000000000000000000000000000000000000000000000000000000000000000000000000000000000000000000000000
310
00000000000000000000000000000000000000000000000000000000000000000000000000000000000000000000000000000000000000000000000000000000000000000000000000000000000000000000000000000000000000000000000000000000000000000000000000000000000000000000000000000000000000
310
00000000000000000000000000000000000000000000000000000000000000000000000000000000000000000000000000000000000000000000000000000000000000000000000000000000000000000000000000000000000000000000000000000000000000000000000000000000000000000000000000000000000000
310
00000000000000000000000000000000000000000000000000000000000000000000000000000000000000000000000000000000000000000000000000000000000000000000000000000000000000000000000000000000000000000000000000000000000000000000000000000000000000000000000000000000000000
310
00000000000000000000000000000000000000000000000000000000000000000000000000000000000000000000000000000000000000000000000000000000000000000000000000000000000000000000000000000000000000000000000000000000000000000000000000000000000000000000000000000000000000
310
00000000000000000000000000000000000000000000000000000000000000000000000000000000000000000000000000000000000000000000000000000000000000000000000000000000000000000000000000000000000000000000000000000000000000000000000000000000000000000000000000000000000000
310
00000000000000000000000000000000000000000000000000000000000000000000000000000000000000000000000000000000000000000000000000000000000000000000000000000000000000000000000000000000000000000000000000000000000000000000000000000000000000000000000000000000000000
310
00000000000000000000000000000000000000000000000000000000000000000000000000000000000000000000000000000000000000000000000000000000000000000000000000000000000000000000000000000000000000000000000000000000000000000000000000000000000000000000000000000000000000
310
00000000000000000000000000000000000000000000000000000000000000000000000000000000000000000000000000000000000000000000000000000000000000000000000000000000000000000000000000000000000000000000000000000000000000000000000000000000000000000000000000000000000000
310
00000000000000000000000000000000000000000000000000000000000000000000000000000000000000000000000000000000000000000000000000000000000000000000000000000000000000000000000000000000000000000000000000000000000000000000000000000000000000000000000000000000000000
310
00000000000000000000000000000000000000000000000000000000000000000000000000000000000000000000000000000000000000000000000000000000000000000000000000000000000000000000000000000000000000000000000000000000000000000000000000000000000000000000000000000000000000
310
00000000000000000000000000000000000000000000000000000000000000000000000000000000000000000000000000000000000000000000000000000000000000000000000000000000000000000000000000000000000000000000000000000000000000000000000000000000000000000000000000000000000000
310
00000000000000000000000000000000000000000000000000000000000000000000000000000000000000000000000000000000000000000000000000000000000000000000000000000000000000000000000000000000000000000000000000000000000000000000000000000000000000000000000000000000000000
310
00000000000000000000000000000000000000000000000000000000000000000000000000000000000000000000000000000000000000000000000000000000000000000000000000000000000000000000000000000000000000000000000000000000000000000000000000000000000000000000000000000000000000
310
00000000000000000000000000000000000000000000000000000000000000000000000000000000000000000000000000000000000000000000000000000000000000000000000000000000000000000000000000000000000000000000000000000000000000000000000000000000000000000000000000000000000000
310
00000000000000000000000000000000000000000000000000000000000000000000000000000000000000000000000000000000000000000000000000000000000000000000000000000000000000000000000000000000000000000000000000000000000000000000000000000000000000000000000000000000000000
310
00000000000000000000000000000000000000000000000000000000000000000000000000000000000000000000000000000000000000000000000000000000000000000000000000000000000000000000000000000000000000000000000000000000000000000000000000000000000000000000000000000000000000
310
00000000000000000000000000000000000000000000000000000000000000000000000000000000000000000000000000000000000000000000000000000000000000000000000000000000000000000000000000000000000000000000000000000000000000000000000000000000000000000000000000000000000000
310
00000000000000000000000000000000000000000000000000000000000000000000000000000000000000000000000000000000000000000000000000000000000000000000000000000000000000000000000000000000000000000000000000000000000000000000000000000000000000000000000000000000000000
310
00000000000000000000000000000000000000000000000000000000000000000000000000000000000000000000000000000000000000000000000000000000000000000000000000000000000000000000000000000000000000000000000000000000000000000000000000000000000000000000000000000000000000
310
00000000000000000000000000000000000000000000000000000000000000000000000000000000000000000000000000000000000000000000000000000000000000000000000000000000000000000000000000000000000000000000000000000000000000000000000000000000000000000000000000000000000000
310
00000000000000000000000000000000000000000000000000000000000000000000000000000000000000000000000000000000000000000000000000000000000000000000000000000000000000000000000000000000000000000000000000000000000000000000000000000000000000000000000000000000000000
310
00000000000000000000000000000000000000000000000000000000000000000000000000000000000000000000000000000000000000000000000000000000000000000000000000000000000000000000000000000000000000000000000000000000000000000000000000000000000000000000000000000000000000
310
00000000000000000000000000000000000000000000000000000000000000000000000000000000000000000000000000000000000000000000000000000000000000000000000000000000000000000000000000000000000000000000000000000000000000000000000000000000000000000000000000000000000000
310
00000000000000000000000000000000000000000000000000000000000000000000000000000000000000000000000000000000000000000000000000000000000000000000000000000000000000000000000000000000000000000000000000000000000000000000000000000000000000000000000000000000000000
310
00000000000000000000000000000000000000000000000000000000000000000000000000000000000000000000000000000000000000000000000000000000000000000000000000000000000000000000000000000000000000000000000000000000000000000000000000000000000000000000000000000000000000
310
00000000000000000000000000000000000000000000000000000000000000000000000000000000000000000000000000000000000000000000000000000000000000000000000000000000000000000000000000000000000000000000000000000000000000000000000000000000000000000000000000000000000000
310
00000000000000000000000000000000000000000000000000000000000000000000000000000000000000000000000000000000000000000000000000000000000000000000000000000000000000000000000000000000000000000000000000000000000000000000000000000000000000000000000000000000000000
310
00000000000000000000000000000000000000000000000000000000000000000000000000000000000000000000000000000000000000000000000000000000000000000000000000000000000000000000000000000000000000000000000000000000000000000000000000000000000000000000000000000000000000
310
00000000000000000000000000000000000000000000000000000000000000000000000000000000000000000000000000000000000000000000000000000000000000000000000000000000000000000000000000000000000000000000000000000000000000000000000000000000000000000000000000000000000000
310
00000000000000000000000000000000000000000000000000000000000000000000000000000000000000000000000000000000000000000000000000000000000000000000000000000000000000000000000000000000000000000000000000000000000000000000000000000000000000000000000000000000000000
310
00000000000000000000000000000000000000000000000000000000000000000000000000000000000000000000000000000000000000000000000000000000000000000000000000000000000000000000000000000000000000000000000000000000000000000000000000000000000000000000000000000000000000
310
00000000000000000000000000000000000000000000000000000000000000000000000000000000000000000000000000000000000000000000000000000000000000000000000000000000000000000000000000000000000000000000000000000000000000000000000000000000000000000000000000000000000000
310
00000000000000000000000000000000000000000000000000000000000000000000000000000000000000000000000000000000000000000000000000000000000000000000000000000000000000000000000000000000000000000000000000000000000000000000000000000000000000000000000000000000000000
310
00000000000000000000000000000000000000000000000000000000000000000000000000000000000000000000000000000000000000000000000000000000000000000000000000000000000000000000000000000000000000000000000000000000000000000000000000000000000000000000000000000000000000
310
00000000000000000000000000000000000000000000000000000000000000000000000000000000000000000000000000000000000000000000000000000000000000000000000000000000000000000000000000000000000000000000000000000000000000000000000000000000000000000000000000000000000000
310
00000000000000000000000000000000000000000000000000000000000000000000000000000000000000000000000000000000000000000000000000000000000000000000000000000000000000000000000000000000000000000000000000000000000000000000000000000000000000000000000000000000000000
310
00000000000000000000000000000000000000000000000000000000000000000000000000000000000000000000000000000000000000000000000000000000000000000000000000000000000000000000000000000000000000000000000000000000000000000000000000000000000000000000000000000000000000
310
00000000000000000000000000000000000000000000000000000000000000000000000000000000000000000000000000000000000000000000000000000000000000000000000000000000000000000000000000000000000000000000000000000000000000000000000000000000000000000000000000000000000000
310
00000000000000000000000000000000000000000000000000000000000000000000000000000000000000000000000000000000000000000000000000000000000000000000000000000000000000000000000000000000000000000000000000000000000000000000000000000000000000000000000000000000000000
310
00000000000000000000000000000000000000000000000000000000000000000000000000000000000000000000000000000000000000000000000000000000000000000000000000000000000000000000000000000000000000000000000000000000000000000000000000000000000000000000000000000000000000
310
00000000000000000000000000000000000000000000000000000000000000000000000000000000000000000000000000000000000000000000000000000000000000000000000000000000000000000000000000000000000000000000000000000000000000000000000000000000000000000000000000000000000000
310
00000000000000000000000000000000000000000000000000000000000000000000000000000000000000000000000000000000000000000000000000000000000000000000000000000000000000000000000000000000000000000000000000000000000000000000000000000000000000000000000000000000000000
310
00000000000000000000000000000000000000000000000000000000000000000000000000000000000000000000000000000000000000000000000000000000000000000000000000000000000000000000000000000000000000000000000000000000000000000000000000000000000000000000000000000000000000
310
00000000000000000000000000000000000000000000000000000000000000000000000000000000000000000000000000000000000000000000000000000000000000000000000000000000000000000000000000000000000000000000000000000000000000000000000000000000000000000000000000000000000000
310
00000000000000000000000000000000000000000000000000000000000000000000000000000000000000000000000000000000000000000000000000000000000000000000000000000000000000000000000000000000000000000000000000000000000000000000000000000000000000000000000000000000000000
310
00000000000000000000000000000000000000000000000000000000000000000000000000000000000000000000000000000000000000000000000000000000000000000000000000000000000000000000000000000000000000000000000000000000000000000000000000000000000000000000000000000000000000
310
00000000000000000000000000000000000000000000000000000000000000000000000000000000000000000000000000000000000000000000000000000000000000000000000000000000000000000000000000000000000000000000000000000000000000000000000000000000000000000000000000000000000000
310
00000000000000000000000000000000000000000000000000000000000000000000000000000000000000000000000000000000000000000000000000000000000000000000000000000000000000000000000000000000000000000000000000000000000000000000000000000000000000000000000000000000000000
310
00000000000000000000000000000000000000000000000000000000000000000000000000000000000000000000000000000000000000000000000000000000000000000000000000000000000000000000000000000000000000000000000000000000000000000000000000000000000000000000000000000000000000
310
00000000000000000000000000000000000000000000000000000000000000000000000000000000000000000000000000000000000000000000000000000000000000000000000000000000000000000000000000000000000000000000000000000000000000000000000000000000000000000000000000000000000000
310
00000000000000000000000000000000000000000000000000000000000000000000000000000000000000000000000000000000000000000000000000000000000000000000000000000000000000000000000000000000000000000000000000000000000000000000000000000000000000000000000000000000000000
310
00000000000000000000000000000000000000000000000000000000000000000000000000000000000000000000000000000000000000000000000000000000000000000000000000000000000000000000000000000000000000000000000000000000000000000000000000000000000000000000000000000000000000
310
00000000000000000000000000000000000000000000000000000000000000000000000000000000000000000000000000000000000000000000000000000000000000000000000000000000000000000000000000000000000000000000000000000000000000000000000000000000000000000000000000000000000000
310
00000000000000000000000000000000000000000000000000000000000000000000000000000000000000000000000000000000000000000000000000000000000000000000000000000000000000000000000000000000000000000000000000000000000000000000000000000000000000000000000000000000000000
310
00000000000000000000000000000000000000000000000000000000000000000000000000000000000000000000000000000000000000000000000000000000000000000000000000000000000000000000000000000000000000000000000000000000000000000000000000000000000000000000000000000000000000
310
00000000000000000000000000000000000000000000000000000000000000000000000000000000000000000000000000000000000000000000000000000000000000000000000000000000000000000000000000000000000000000000000000000000000000000000000000000000000000000000000000000000000000
310
00000000000000000000000000000000000000000000000000000000000000000000000000000000000000000000000000000000000000000000000000000000000000000000000000000000000000000000000000000000000000000000000000000000000000000000000000000000000000000000000000000000000000
310
00000000000000000000000000000000000000000000000000000000000000000000000000000000000000000000000000000000000000000000000000000000000000000000000000000000000000000000000000000000000000000000000000000000000000000000000000000000000000000000000000000000000000
310
00000000000000000000000000000000000000000000000000000000000000000000000000000000000000000000000000000000000000000000000000000000000000000000000000000000000000000000000000000000000000000000000000000000000000000000000000000000000000000000000000000000000000
310
00000000000000000000000000000000000000000000000000000000000000000000000000000000000000000000000000000000000000000000000000000000000000000000000000000000000000000000000000000000000000000000000000000000000000000000000000000000000000000000000000000000000000
310
00000000000000000000000000000000000000000000000000000000000000000000000000000000000000000000000000000000000000000000000000000000000000000000000000000000000000000000000000000000000000000000000000000000000000000000000000000000000000000000000000000000000000
310
00000000000000000000000000000000000000000000000000000000000000000000000000000000000000000000000000000000000000000000000000000000000000000000000000000000000000000000000000000000000000000000000000000000000000000000000000000000000000000000000000000000000000
310
00000000000000000000000000000000000000000000000000000000000000000000000000000000000000000000000000000000000000000000000000000000000000000000000000000000000000000000000000000000000000000000000000000000000000000000000000000000000000000000000000000000000000
310
00000000000000000000000000000000000000000000000000000000000000000000000000000000000000000000000000000000000000000000000000000000000000000000000000000000000000000000000000000000000000000000000000000000000000000000000000000000000000000000000000000000000000
310
00000000000000000000000000000000000000000000000000000000000000000000000000000000000000000000000000000000000000000000000000000000000000000000000000000000000000000000000000000000000000000000000000000000000000000000000000000000000000000000000000000000000000
310
00000000000000000000000000000000000000000000000000000000000000000000000000000000000000000000000000000000000000000000000000000000000000000000000000000000000000000000000000000000000000000000000000000000000000000000000000000000000000000000000000000000000000
310
00000000000000000000000000000000000000000000000000000000000000000000000000000000000000000000000000000000000000000000000000000000000000000000000000000000000000000000000000000000000000000000000000000000000000000000000000000000000000000000000000000000000000
310
00000000000000000000000000000000000000000000000000000000000000000000000000000000000000000000000000000000000000000000000000000000000000000000000000000000000000000000000000000000000000000000000000000000000000000000000000000000000000000000000000000000000000
310
00000000000000000000000000000000000000000000000000000000000000000000000000000000000000000000000000000000000000000000000000000000000000000000000000000000000000000000000000000000000000000000000000000000000000000000000000000000000000000000000000000000000000
310
00000000000000000000000000000000000000000000000000000000000000000000000000000000000000000000000000000000000000000000000000000000000000000000000000000000000000000000000000000000000000000000000000000000000000000000000000000000000000000000000000000000000000
310
00000000000000000000000000000000000000000000000000000000000000000000000000000000000000000000000000000000000000000000000000000000000000000000000000000000000000000000000000000000000000000000000000000000000000000000000000000000000000000000000000000000000000
310
00000000000000000000000000000000000000000000000000000000000000000000000000000000000000000000000000000000000000000000000000000000000000000000000000000000000000000000000000000000000000000000000000000000000000000000000000000000000000000000000000000000000000
310
00000000000000000000000000000000000000000000000000000000000000000000000000000000000000000000000000000000000000000000000000000000000000000000000000000000000000000000000000000000000000000000000000000000000000000000000000000000000000000000000000000000000000
310
00000000000000000000000000000000000000000000000000000000000000000000000000000000000000000000000000000000000000000000000000000000000000000000000000000000000000000000000000000000000000000000000000000000000000000000000000000000000000000000000000000000000000
310
00000000000000000000000000000000000000000000000000000000000000000000000000000000000000000000000000000000000000000000000000000000000000000000000000000000000000000000000000000000000000000000000000000000000000000000000000000000000000000000000000000000000000
310
00000000000000000000000000000000000000000000000000000000000000000000000000000000000000000000000000000000000000000000000000000000000000000000000000000000000000000000000000000000000000000000000000000000000000000000000000000000000000000000000000000000000000
310
00000000000000000000000000000000000000000000000000000000000000000000000000000000000000000000000000000000000000000000000000000000000000000000000000000000000000000000000000000000000000000000000000000000000000000000000000000000000000000000000000000000000000
310
00000000000000000000000000000000000000000000000000000000000000000000000000000000000000000000000000000000000000000000000000000000000000000000000000000000000000000000000000000000000000000000000000000000000000000000000000000000000000000000000000000000000000
310
00000000000000000000000000000000000000000000000000000000000000000000000000000000000000000000000000000000000000000000000000000000000000000000000000000000000000000000000000000000000000000000000000000000000000000000000000000000000000000000000000000000000000
310
00000000000000000000000000000000000000000000000000000000000000000000000000000000000000000000000000000000000000000000000000000000000000000000000000000000000000000000000000000000000000000000000000000000000000000000000000000000000000000000000000000000000000
310
00000000000000000000000000000000000000000000000000000000000000000000000000000000000000000000000000000000000000000000000000000000000000000000000000000000000000000000000000000000000000000000000000000000000000000000000000000000000000000000000000000000000000
310
00000000000000000000000000000000000000000000000000000000000000000000000000000000000000000000000000000000000000000000000000000000000000000000000000000000000000000000000000000000000000000000000000000000000000000000000000000000000000000000000000000000000000
310
00000000000000000000000000000000000000000000000000000000000000000000000000000000000000000000000000000000000000000000000000000000000000000000000000000000000000000000000000000000000000000000000000000000000000000000000000000000000000000000000000000000000000
310
00000000000000000000000000000000000000000000000000000000000000000000000000000000000000000000000000000000000000000000000000000000000000000000000000000000000000000000000000000000000000000000000000000000000000000000000000000000000000000000000000000000000000
310
00000000000000000000000000000000000000000000000000000000000000000000000000000000000000000000000000000000000000000000000000000000000000000000000000000000000000000000000000000000000000000000000000000000000000000000000000000000000000000000000000000000000000
310
00000000000000000000000000000000000000000000000000000000000000000000000000000000000000000000000000000000000000000000000000000000000000000000000000000000000000000000000000000000000000000000000000000000000000000000000000000000000000000000000000000000000000
310
00000000000000000000000000000000000000000000000000000000000000000000000000000000000000000000000000000000000000000000000000000000000000000000000000000000000000000000000000000000000000000000000000000000000000000000000000000000000000000000000000000000000000
310
00000000000000000000000000000000000000000000000000000000000000000000000000000000000000000000000000000000000000000000000000000000000000000000000000000000000000000000000000000000000000000000000000000000000000000000000000000000000000000000000000000000000000
310
00000000000000000000000000000000000000000000000000000000000000000000000000000000000000000000000000000000000000000000000000000000000000000000000000000000000000000000000000000000000000000000000000000000000000000000000000000000000000000000000000000000000000
310
00000000000000000000000000000000000000000000000000000000000000000000000000000000000000000000000000000000000000000000000000000000000000000000000000000000000000000000000000000000000000000000000000000000000000000000000000000000000000000000000000000000000000
310
00000000000000000000000000000000000000000000000000000000000000000000000000000000000000000000000000000000000000000000000000000000000000000000000000000000000000000000000000000000000000000000000000000000000000000000000000000000000000000000000000000000000000
310
00000000000000000000000000000000000000000000000000000000000000000000000000000000000000000000000000000000000000000000000000000000000000000000000000000000000000000000000000000000000000000000000000000000000000000000000000000000000000000000000000000000000000
310
00000000000000000000000000000000000000000000000000000000000000000000000000000000000000000000000000000000000000000000000000000000000000000000000000000000000000000000000000000000000000000000000000000000000000000000000000000000000000000000000000000000000000
310
00000000000000000000000000000000000000000000000000000000000000000000000000000000000000000000000000000000000000000000000000000000000000000000000000000000000000000000000000000000000000000000000000000000000000000000000000000000000000000000000000000000000000
310
00000000000000000000000000000000000000000000000000000000000000000000000000000000000000000000000000000000000000000000000000000000000000000000000000000000000000000000000000000000000000000000000000000000000000000000000000000000000000000000000000000000000000
310
00000000000000000000000000000000000000000000000000000000000000000000000000000000000000000000000000000000000000000000000000000000000000000000000000000000000000000000000000000000000000000000000000000000000000000000000000000000000000000000000000000000000000
310
00000000000000000000000000000000000000000000000000000000000000000000000000000000000000000000000000000000000000000000000000000000000000000000000000000000000000000000000000000000000000000000000000000000000000000000000000000000000000000000000000000000000000
310
00000000000000000000000000000000000000000000000000000000000000000000000000000000000000000000000000000000000000000000000000000000000000000000000000000000000000000000000000000000000000000000000000000000000000000000000000000000000000000000000000000000000000
310
00000000000000000000000000000000000000000000000000000000000000000000000000000000000000000000000000000000000000000000000000000000000000000000000000000000000000000000000000000000000000000000000000000000000000000000000000000000000000000000000000000000000000
310
00000000000000000000000000000000000000000000000000000000000000000000000000000000000000000000000000000000000000000000000000000000000000000000000000000000000000000000000000000000000000000000000000000000000000000000000000000000000000000000000000000000000000
310
00000000000000000000000000000000000000000000000000000000000000000000000000000000000000000000000000000000000000000000000000000000000000000000000000000000000000000000000000000000000000000000000000000000000000000000000000000000000000000000000000000000000000
310
00000000000000000000000000000000000000000000000000000000000000000000000000000000000000000000000000000000000000000000000000000000000000000000000000000000000000000000000000000000000000000000000000000000000000000000000000000000000000000000000000000000000000
310
00000000000000000000000000000000000000000000000000000000000000000000000000000000000000000000000000000000000000000000000000000000000000000000000000000000000000000000000000000000000000000000000000000000000000000000000000000000000000000000000000000000000000
310
00000000000000000000000000000000000000000000000000000000000000000000000000000000000000000000000000000000000000000000000000000000000000000000000000000000000000000000000000000000000000000000000000000000000000000000000000000000000000000000000000000000000000
310
00000000000000000000000000000000000000000000000000000000000000000000000000000000000000000000000000000000000000000000000000000000000000000000000000000000000000000000000000000000000000000000000000000000000000000000000000000000000000000000000000000000000000
310
00000000000000000000000000000000000000000000000000000000000000000000000000000000000000000000000000000000000000000000000000000000000000000000000000000000000000000000000000000000000000000000000000000000000000000000000000000000000000000000000000000000000000
310
00000000000000000000000000000000000000000000000000000000000000000000000000000000000000000000000000000000000000000000000000000000000000000000000000000000000000000000000000000000000000000000000000000000000000000000000000000000000000000000000000000000000000
310
00000000000000000000000000000000000000000000000000000000000000000000000000000000000000000000000000000000000000000000000000000000000000000000000000000000000000000000000000000000000000000000000000000000000000000000000000000000000000000000000000000000000000
310
00000000000000000000000000000000000000000000000000000000000000000000000000000000000000000000000000000000000000000000000000000000000000000000000000000000000000000000000000000000000000000000000000000000000000000000000000000000000000000000000000000000000000
310
00000000000000000000000000000000000000000000000000000000000000000000000000000000000000000000000000000000000000000000000000000000000000000000000000000000000000000000000000000000000000000000000000000000000000000000000000000000000000000000000000000000000000
310
00000000000000000000000000000000000000000000000000000000000000000000000000000000000000000000000000000000000000000000000000000000000000000000000000000000000000000000000000000000000000000000000000000000000000000000000000000000000000000000000000000000000000
310
00000000000000000000000000000000000000000000000000000000000000000000000000000000000000000000000000000000000000000000000000000000000000000000000000000000000000000000000000000000000000000000000000000000000000000000000000000000000000000000000000000000000000
310
00000000000000000000000000000000000000000000000000000000000000000000000000000000000000000000000000000000000000000000000000000000000000000000000000000000000000000000000000000000000000000000000000000000000000000000000000000000000000000000000000000000000000
310
00000000000000000000000000000000000000000000000000000000000000000000000000000000000000000000000000000000000000000000000000000000000000000000000000000000000000000000000000000000000000000000000000000000000000000000000000000000000000000000000000000000000000
310
00000000000000000000000000000000000000000000000000000000000000000000000000000000000000000000000000000000000000000000000000000000000000000000000000000000000000000000000000000000000000000000000000000000000000000000000000000000000000000000000000000000000000
310
00000000000000000000000000000000000000000000000000000000000000000000000000000000000000000000000000000000000000000000000000000000000000000000000000000000000000000000000000000000000000000000000000000000000000000000000000000000000000000000000000000000000000
310
00000000000000000000000000000000000000000000000000000000000000000000000000000000000000000000000000000000000000000000000000000000000000000000000000000000000000000000000000000000000000000000000000000000000000000000000000000000000000000000000000000000000000
310
00000000000000000000000000000000000000000000000000000000000000000000000000000000000000000000000000000000000000000000000000000000000000000000000000000000000000000000000000000000000000000000000000000000000000000000000000000000000000000000000000000000000000
310
00000000000000000000000000000000000000000000000000000000000000000000000000000000000000000000000000000000000000000000000000000000000000000000000000000000000000000000000000000000000000000000000000000000000000000000000000000000000000000000000000000000000000
310
00000000000000000000000000000000000000000000000000000000000000000000000000000000000000000000000000000000000000000000000000000000000000000000000000000000000000000000000000000000000000000000000000000000000000000000000000000000000000000000000000000000000000
310
00000000000000000000000000000000000000000000000000000000000000000000000000000000000000000000000000000000000000000000000000000000000000000000000000000000000000000000000000000000000000000000000000000000000000000000000000000000000000000000000000000000000000
310
00000000000000000000000000000000000000000000000000000000000000000000000000000000000000000000000000000000000000000000000000000000000000000000000000000000000000000000000000000000000000000000000000000000000000000000000000000000000000000000000000000000000000
310
00000000000000000000000000000000000000000000000000000000000000000000000000000000000000000000000000000000000000000000000000000000000000000000000000000000000000000000000000000000000000000000000000000000000000000000000000000000000000000000000000000000000000
310
00000000000000000000000000000000000000000000000000000000000000000000000000000000000000000000000000000000000000000000000000000000000000000000000000000000000000000000000000000000000000000000000000000000000000000000000000000000000000000000000000000000000000
310
00000000000000000000000000000000000000000000000000000000000000000000000000000000000000000000000000000000000000000000000000000000000000000000000000000000000000000000000000000000000000000000000000000000000000000000000000000000000000000000000000000000000000
310
00000000000000000000000000000000000000000000000000000000000000000000000000000000000000000000000000000000000000000000000000000000000000000000000000000000000000000000000000000000000000000000000000000000000000000000000000000000000000000000000000000000000000
310
00000000000000000000000000000000000000000000000000000000000000000000000000000000000000000000000000000000000000000000000000000000000000000000000000000000000000000000000000000000000000000000000000000000000000000000000000000000000000000000000000000000000000
310
00000000000000000000000000000000000000000000000000000000000000000000000000000000000000000000000000000000000000000000000000000000000000000000000000000000000000000000000000000000000000000000000000000000000000000000000000000000000000000000000000000000000000
310
00000000000000000000000000000000000000000000000000000000000000000000000000000000000000000000000000000000000000000000000000000000000000000000000000000000000000000000000000000000000000000000000000000000000000000000000000000000000000000000000000000000000000
310
00000000000000000000000000000000000000000000000000000000000000000000000000000000000000000000000000000000000000000000000000000000000000000000000000000000000000000000000000000000000000000000000000000000000000000000000000000000000000000000000000000000000000
310
00000000000000000000000000000000000000000000000000000000000000000000000000000000000000000000000000000000000000000000000000000000000000000000000000000000000000000000000000000000000000000000000000000000000000000000000000000000000000000000000000000000000000
310
00000000000000000000000000000000000000000000000000000000000000000000000000000000000000000000000000000000000000000000000000000000000000000000000000000000000000000000000000000000000000000000000000000000000000000000000000000000000000000000000000000000000000
310
00000000000000000000000000000000000000000000000000000000000000000000000000000000000000000000000000000000000000000000000000000000000000000000000000000000000000000000000000000000000000000000000000000000000000000000000000000000000000000000000000000000000000
310
00000000000000000000000000000000000000000000000000000000000000000000000000000000000000000000000000000000000000000000000000000000000000000000000000000000000000000000000000000000000000000000000000000000000000000000000000000000000000000000000000000000000000
310
00000000000000000000000000000000000000000000000000000000000000000000000000000000000000000000000000000000000000000000000000000000000000000000000000000000000000000000000000000000000000000000000000000000000000000000000000000000000000000000000000000000000000
310
00000000000000000000000000000000000000000000000000000000000000000000000000000000000000000000000000000000000000000000000000000000000000000000000000000000000000000000000000000000000000000000000000000000000000000000000000000000000000000000000000000000000000
310
00000000000000000000000000000000000000000000000000000000000000000000000000000000000000000000000000000000000000000000000000000000000000000000000000000000000000000000000000000000000000000000000000000000000000000000000000000000000000000000000000000000000000
310
00000000000000000000000000000000000000000000000000000000000000000000000000000000000000000000000000000000000000000000000000000000000000000000000000000000000000000000000000000000000000000000000000000000000000000000000000000000000000000000000000000000000000
310
00000000000000000000000000000000000000000000000000000000000000000000000000000000000000000000000000000000000000000000000000000000000000000000000000000000000000000000000000000000000000000000000000000000000000000000000000000000000000000000000000000000000000
310
00000000000000000000000000000000000000000000000000000000000000000000000000000000000000000000000000000000000000000000000000000000000000000000000000000000000000000000000000000000000000000000000000000000000000000000000000000000000000000000000000000000000000
310
00000000000000000000000000000000000000000000000000000000000000000000000000000000000000000000000000000000000000000000000000000000000000000000000000000000000000000000000000000000000000000000000000000000000000000000000000000000000000000000000000000000000000
310
00000000000000000000000000000000000000000000000000000000000000000000000000000000000000000000000000000000000000000000000000000000000000000000000000000000000000000000000000000000000000000000000000000000000000000000000000000000000000000000000000000000000000
310
00000000000000000000000000000000000000000000000000000000000000000000000000000000000000000000000000000000000000000000000000000000000000000000000000000000000000000000000000000000000000000000000000000000000000000000000000000000000000000000000000000000000000
310
00000000000000000000000000000000000000000000000000000000000000000000000000000000000000000000000000000000000000000000000000000000000000000000000000000000000000000000000000000000000000000000000000000000000000000000000000000000000000000000000000000000000000
310
00000000000000000000000000000000000000000000000000000000000000000000000000000000000000000000000000000000000000000000000000000000000000000000000000000000000000000000000000000000000000000000000000000000000000000000000000000000000000000000000000000000000000
310
00000000000000000000000000000000000000000000000000000000000000000000000000000000000000000000000000000000000000000000000000000000000000000000000000000000000000000000000000000000000000000000000000000000000000000000000000000000000000000000000000000000000000
310
00000000000000000000000000000000000000000000000000000000000000000000000000000000000000000000000000000000000000000000000000000000000000000000000000000000000000000000000000000000000000000000000000000000000000000000000000000000000000000000000000000000000000
310
00000000000000000000000000000000000000000000000000000000000000000000000000000000000000000000000000000000000000000000000000000000000000000000000000000000000000000000000000000000000000000000000000000000000000000000000000000000000000000000000000000000000000
310
00000000000000000000000000000000000000000000000000000000000000000000000000000000000000000000000000000000000000000000000000000000000000000000000000000000000000000000000000000000000000000000000000000000000000000000000000000000000000000000000000000000000000
310
00000000000000000000000000000000000000000000000000000000000000000000000000000000000000000000000000000000000000000000000000000000000000000000000000000000000000000000000000000000000000000000000000000000000000000000000000000000000000000000000000000000000000
310
00000000000000000000000000000000000000000000000000000000000000000000000000000000000000000000000000000000000000000000000000000000000000000000000000000000000000000000000000000000000000000000000000000000000000000000000000000000000000000000000000000000000000
310
00000000000000000000000000000000000000000000000000000000000000000000000000000000000000000000000000000000000000000000000000000000000000000000000000000000000000000000000000000000000000000000000000000000000000000000000000000000000000000000000000000000000000
310
00000000000000000000000000000000000000000000000000000000000000000000000000000000000000000000000000000000000000000000000000000000000000000000000000000000000000000000000000000000000000000000000000000000000000000000000000000000000000000000000000000000000000
310
00000000000000000000000000000000000000000000000000000000000000000000000000000000000000000000000000000000000000000000000000000000000000000000000000000000000000000000000000000000000000000000000000000000000000000000000000000000000000000000000000000000000000
310
00000000000000000000000000000000000000000000000000000000000000000000000000000000000000000000000000000000000000000000000000000000000000000000000000000000000000000000000000000000000000000000000000000000000000000000000000000000000000000000000000000000000000
310
00000000000000000000000000000000000000000000000000000000000000000000000000000000000000000000000000000000000000000000000000000000000000000000000000000000000000000000000000000000000000000000000000000000000000000000000000000000000000000000000000000000000000
310
00000000000000000000000000000000000000000000000000000000000000000000000000000000000000000000000000000000000000000000000000000000000000000000000000000000000000000000000000000000000000000000000000000000000000000000000000000000000000000000000000000000000000
310
00000000000000000000000000000000000000000000000000000000000000000000000000000000000000000000000000000000000000000000000000000000000000000000000000000000000000000000000000000000000000000000000000000000000000000000000000000000000000000000000000000000000000
310
00000000000000000000000000000000000000000000000000000000000000000000000000000000000000000000000000000000000000000000000000000000000000000000000000000000000000000000000000000000000000000000000000000000000000000000000000000000000000000000000000000000000000
310
00000000000000000000000000000000000000000000000000000000000000000000000000000000000000000000000000000000000000000000000000000000000000000000000000000000000000000000000000000000000000000000000000000000000000000000000000000000000000000000000000000000000000
310
00000000000000000000000000000000000000000000000000000000000000000000000000000000000000000000000000000000000000000000000000000000000000000000000000000000000000000000000000000000000000000000000000000000000000000000000000000000000000000000000000000000000000
310
00000000000000000000000000000000000000000000000000000000000000000000000000000000000000000000000000000000000000000000000000000000000000000000000000000000000000000000000000000000000000000000000000000000000000000000000000000000000000000000000000000000000000
310
00000000000000000000000000000000000000000000000000000000000000000000000000000000000000000000000000000000000000000000000000000000000000000000000000000000000000000000000000000000000000000000000000000000000000000000000000000000000000000000000000000000000000
310
00000000000000000000000000000000000000000000000000000000000000000000000000000000000000000000000000000000000000000000000000000000000000000000000000000000000000000000000000000000000000000000000000000000000000000000000000000000000000000000000000000000000000
310
00000000000000000000000000000000000000000000000000000000000000000000000000000000000000000000000000000000000000000000000000000000000000000000000000000000000000000000000000000000000000000000000000000000000000000000000000000000000000000000000000000000000000
310
00000000000000000000000000000000000000000000000000000000000000000000000000000000000000000000000000000000000000000000000000000000000000000000000000000000000000000000000000000000000000000000000000000000000000000000000000000000000000000000000000000000000000
310
00000000000000000000000000000000000000000000000000000000000000000000000000000000000000000000000000000000000000000000000000000000000000000000000000000000000000000000000000000000000000000000000000000000000000000000000000000000000000000000000000000000000000
310
00000000000000000000000000000000000000000000000000000000000000000000000000000000000000000000000000000000000000000000000000000000000000000000000000000000000000000000000000000000000000000000000000000000000000000000000000000000000000000000000000000000000000
310
00000000000000000000000000000000000000000000000000000000000000000000000000000000000000000000000000000000000000000000000000000000000000000000000000000000000000000000000000000000000000000000000000000000000000000000000000000000000000000000000000000000000000
310
00000000000000000000000000000000000000000000000000000000000000000000000000000000000000000000000000000000000000000000000000000000000000000000000000000000000000000000000000000000000000000000000000000000000000000000000000000000000000000000000000000000000000
310
00000000000000000000000000000000000000000000000000000000000000000000000000000000000000000000000000000000000000000000000000000000000000000000000000000000000000000000000000000000000000000000000000000000000000000000000000000000000000000000000000000000000000
310
00000000000000000000000000000000000000000000000000000000000000000000000000000000000000000000000000000000000000000000000000000000000000000000000000000000000000000000000000000000000000000000000000000000000000000000000000000000000000000000000000000000000000
310
00000000000000000000000000000000000000000000000000000000000000000000000000000000000000000000000000000000000000000000000000000000000000000000000000000000000000000000000000000000000000000000000000000000000000000000000000000000000000000000000000000000000000
310
00000000000000000000000000000000000000000000000000000000000000000000000000000000000000000000000000000000000000000000000000000000000000000000000000000000000000000000000000000000000000000000000000000000000000000000000000000000000000000000000000000000000000
310
00000000000000000000000000000000000000000000000000000000000000000000000000000000000000000000000000000000000000000000000000000000000000000000000000000000000000000000000000000000000000000000000000000000000000000000000000000000000000000000000000000000000000
310
00000000000000000000000000000000000000000000000000000000000000000000000000000000000000000000000000000000000000000000000000000000000000000000000000000000000000000000000000000000000000000000000000000000000000000000000000000000000000000000000000000000000000
310
00000000000000000000000000000000000000000000000000000000000000000000000000000000000000000000000000000000000000000000000000000000000000000000000000000000000000000000000000000000000000000000000000000000000000000000000000000000000000000000000000000000000000
310
00000000000000000000000000000000000000000000000000000000000000000000000000000000000000000000000000000000000000000000000000000000000000000000000000000000000000000000000000000000000000000000000000000000000000000000000000000000000000000000000000000000000000
310
00000000000000000000000000000000000000000000000000000000000000000000000000000000000000000000000000000000000000000000000000000000000000000000000000000000000000000000000000000000000000000000000000000000000000000000000000000000000000000000000000000000000000
310
00000000000000000000000000000000000000000000000000000000000000000000000000000000000000000000000000000000000000000000000000000000000000000000000000000000000000000000000000000000000000000000000000000000000000000000000000000000000000000000000000000000000000
310
00000000000000000000000000000000000000000000000000000000000000000000000000000000000000000000000000000000000000000000000000000000000000000000000000000000000000000000000000000000000000000000000000000000000000000000000000000000000000000000000000000000000000
310
00000000000000000000000000000000000000000000000000000000000000000000000000000000000000000000000000000000000000000000000000000000000000000000000000000000000000000000000000000000000000000000000000000000000000000000000000000000000000000000000000000000000000
310
00000000000000000000000000000000000000000000000000000000000000000000000000000000000000000000000000000000000000000000000000000000000000000000000000000000000000000000000000000000000000000000000000000000000000000000000000000000000000000000000000000000000000
310
00000000000000000000000000000000000000000000000000000000000000000000000000000000000000000000000000000000000000000000000000000000000000000000000000000000000000000000000000000000000000000000000000000000000000000000000000000000000000000000000000000000000000
310
00000000000000000000000000000000000000000000000000000000000000000000000000000000000000000000000000000000000000000000000000000000000000000000000000000000000000000000000000000000000000000000000000000000000000000000000000000000000000000000000000000000000000
310
00000000000000000000000000000000000000000000000000000000000000000000000000000000000000000000000000000000000000000000000000000000000000000000000000000000000000000000000000000000000000000000000000000000000000000000000000000000000000000000000000000000000000
310
00000000000000000000000000000000000000000000000000000000000000000000000000000000000000000000000000000000000000000000000000000000000000000000000000000000000000000000000000000000000000000000000000000000000000000000000000000000000000000000000000000000000000
310
00000000000000000000000000000000000000000000000000000000000000000000000000000000000000000000000000000000000000000000000000000000000000000000000000000000000000000000000000000000000000000000000000000000000000000000000000000000000000000000000000000000000000
310
00000000000000000000000000000000000000000000000000000000000000000000000000000000000000000000000000000000000000000000000000000000000000000000000000000000000000000000000000000000000000000000000000000000000000000000000000000000000000000000000000000000000000
310
00000000000000000000000000000000000000000000000000000000000000000000000000000000000000000000000000000000000000000000000000000000000000000000000000000000000000000000000000000000000000000000000000000000000000000000000000000000000000000000000000000000000000
310
00000000000000000000000000000000000000000000000000000000000000000000000000000000000000000000000000000000000000000000000000000000000000000000000000000000000000000000000000000000000000000000000000000000000000000000000000000000000000000000000000000000000000
310
00000000000000000000000000000000000000000000000000000000000000000000000000000000000000000000000000000000000000000000000000000000000000000000000000000000000000000000000000000000000000000000000000000000000000000000000000000000000000000000000000000000000000
310
00000000000000000000000000000000000000000000000000000000000000000000000000000000000000000000000000000000000000000000000000000000000000000000000000000000000000000000000000000000000000000000000000000000000000000000000000000000000000000000000000000000000000
310
00000000000000000000000000000000000000000000000000000000000000000000000000000000000000000000000000000000000000000000000000000000000000000000000000000000000000000000000000000000000000000000000000000000000000000000000000000000000000000000000000000000000000
310
00000000000000000000000000000000000000000000000000000000000000000000000000000000000000000000000000000000000000000000000000000000000000000000000000000000000000000000000000000000000000000000000000000000000000000000000000000000000000000000000000000000000000
310
00000000000000000000000000000000000000000000000000000000000000000000000000000000000000000000000000000000000000000000000000000000000000000000000000000000000000000000000000000000000000000000000000000000000000000000000000000000000000000000000000000000000000
310
00000000000000000000000000000000000000000000000000000000000000000000000000000000000000000000000000000000000000000000000000000000000000000000000000000000000000000000000000000000000000000000000000000000000000000000000000000000000000000000000000000000000000
310
00000000000000000000000000000000000000000000000000000000000000000000000000000000000000000000000000000000000000000000000000000000000000000000000000000000000000000000000000000000000000000000000000000000000000000000000000000000000000000000000000000000000000
310
00000000000000000000000000000000000000000000000000000000000000000000000000000000000000000000000000000000000000000000000000000000000000000000000000000000000000000000000000000000000000000000000000000000000000000000000000000000000000000000000000000000000000
310
00000000000000000000000000000000000000000000000000000000000000000000000000000000000000000000000000000000000000000000000000000000000000000000000007070707070707070707070007000000000000000000000000000000000000000000000000000000000000000000000000000000000000
310
00000000000000000000000000000000000000000000000000000000000000000000000000000000000000000000000000000000000000000000000000000000000000000000000000000000000000000000000000000000000000000000000000000000000000000000000000000000000000000000000000000000000000
310
00000000000000000000000000000000000000000000000000000000000000000000000000000000000000000000000000000000000000000000000000000000000000000000000000000000000000000000000000000000000000000000000000000000000000000000000000000000000000000000000000000000000000
310
00000000000000000000000000000000000000000000000000000000000000000000000000000000000000000000000000000000000000000000000000000000000000000000000000000000000000000000000000000000000000000000000000000000000000000000000000000000000000000000000000000000000000
310
00000000000000000000000000000000000000000000000000000000000000000000000000000000000000000000000000000000000000000000000000000000000000000000000000000007070000070000070000000707070707070707070707070707070707070707070707070000070000000000000000000000000000
310
00000000000000000000000000000000000000000000000000000000000000000000000000000000000000000000000000000000000000000000000000000000000000000000000000000000000000000000000000000000000000000000000000000000000000000000000000000000000000000000000000000000000000
310
00000000000000000000000000000000000000000000000000000000000000000000000000000000000000000000000000000000000000000000000000000000000000000000000000000000000000000000000000000000000000000000000000000000000000000000000000000000000000000000000000000000000000
310
00000000000000000000000000000000000000000000000000000000000000000000000000000000000000000000000000000000000000000000000000000000000000000000000000000000000000000000000000000000000000000000000000000000000000000000000000000000000000000000000000000000000000
310
00000000000000000000000000000000000000000000000000000000000000000000000000000000000000000000000000000000000000000000000000000000000000000000000000000000000000000700000007000007000000070000070000070000070000070000000700000700000707070707070707070707070707
310
07070707070707070000070000070000000000000000000000000000000000000000000000000000000000000000000000000000000000000000000000000000000000000000000000000000000000000000000000000000000000000000000000000000000000000000000000000000000000000000000000000000000000
310
00000000000000000000000000000000000000000000000000000000000000000000000000000000000000000000000000000000000000000000000000000000000000000000000000000000000000000000000000000000000000000000000000000000000000000000000000000000000000000000000000000000000000
310
00000000000000000000000000000000000000000000000000000000000000000000000000000000000000000000000000000000000000000000000000000000000000000000000000000000000000000000000000000000000000000000000000000000000000000000000000000000000000000000000000000000000000
310
00000000000000000000000000000000000000000000000000000000000000000000000000000000000000000000000000000000000000000000000000000000000000000000000000000000000000000000000007070000000700000700000007000007000007000007000007000000070000070000000700000700000700
310
00070000070000000700000707070707070707070707070000000000000000000000000000000000000000000000000000000000000000000000000000000000000000000000000000000000000000000000000000000000000000000000000000000000000000000000000000000000000000000000000000000000000000
310
00000000000000000000000000000000000000000000000000000000000000000000000000000000000000000000000000000000000000000000000000000000000000000000000000000000000000000000000000000000000000000000000000000000000000000000000000000000000000000000000000000000000000
310
00000000000000000000000000000000000000000000000000000000000000000000000000000000000000000000000000000000000000000000000000000000000000000000000000000000000000000000000000000000000000000000000000000000000000000000000000000000000000000000000000000000000000
310
00000000000000000000000000000000000000000000000000000000000000000000000000000000000000000000000000000000000000000000000000000000000000000000000000000000000000000000000000000007070007000000070000070000000700000700000700000700000700000007000007000000070000
310
07000007000007000007000000070000070000000700000700000700000000000000000000000000000000000000000000000000000000000000000000000000000000000000000000000000000000000000000000000000000000000000000000000000000000000000000000000000000000000000000000000000000000
310
00000000000000000000000000000000000000000000000000000000000000000000000000000000000000000000000000000000000000000000000000000000000000000000000000000000000000000000000000000000000000000000000000000000000000000000000000000000000000000000000000000000000000
310
00000000000000000000000000000000000000000000000000000000000000000000000000000000000000000000000000000000000000000000000000000000000000000000000000000000000000000000000000000000000000000000000000000000000000000000000000000000000000000000000000000000000000
310
00000000000000000000000000000000000000000000000000000000000000000000000000000000000000000000000000000000000000000000000000000000000000000000000000000000000000000000000000000000000000000700000700000007000007000000070000070000070000070000070000000700000700
310
00000700000700000700000700000700000007000007000000070000070007000000000000000000000000000000000000000000000000000000000000000000000000000000000000000000000000000000000000000000000000000000000000000000000000000000000000000000000000000000000000000000000000
310
00000000000000000000000000000000000000000000000000000000000000000000000000000000000000000000000000000000000000000000000000000000000000000000000000000000000000000000000000000000000000000000000000000000000000000000000000000000000000000000000000000000000000
310
00000000000000000000000000000000000000000000000000000000000000000000000000000000000000000000000000000000000000000000000000000000000000000000000000000000000000000000000000000000000000000000000000000000000000000000000000000000000000000000000000000000000000
310
00000000000000000000000000000000000000000000000000000000000000000000000000000000000000000000000000000000000000000000000000000000000000000000000000000000000000000000000000000000000000000000000700070000070000000700000700000007000007000007000007000007000000
310
07000007000000070000070000070000070000070000000700000700000007000007070000000000000000000000000000000000000000000000000000000000000000000000000000000000000000000000000000000000000000000000000000000000000000000000000000000000000000000000000000000000000000
310
00000000000000000000000000000000000000000000000000000000000000000000000000000000000000000000000000000000000000000000000000000000000000000000000000000000000000000000000000000000000000000000000000000000000000000000000000000000000000000000000000000000000000
310
00000000000000000000000000000000000000000000000000000000000000000000000000000000000000000000000000000000000000000000000000000000000000000000000000000000000000000000000000000000000000000000000000000000000000000000000000000000000000000000000000000000000000
310
00000000000000000000000000000000000000000000000000000000000000000000000000000000000000000000000000000000000000000000000000000000000000000000000000000000000000000000000000000000000000000000000000000007000007000007000000070000070000000700000700000700000700
310
00070000000700000700000007000007000007000007000007000000070000070000070000000700000000000000000000000000000000000000000000000000000000000000000000000000000000000000000000000000000000000000000000000000000000000000000000000000000000000000000000000000000000
310
00000000000000000000000000000000000000000000000000000000000000000000000000000000000000000000000000000000000000000000000000000000000000000000000000000000000000000000000000000000000000000000000000000000000000000000000000000000000000000000000000000000000000
310
00000000000000000000000000000000000000000000000000000000000000000000000000000000000000000000000000000000000000000000000000000000000000000000000000000000000000000000000000000000000000000000000000000000000000000000000000000000000000000000000000000000000000
310
00000000000000000000000000000000000000000000000000000000000000000000000000000000000000000000000000000000000000000000000000000000000000000000000000000000000000000000000000000000000000000000000000000000000000070700000700000700000007000007000000070000070000
310
07000007000007000000070000070000000700000700000700000700000700000007000007000007000007000000000000000000000000000000000000000000000000000000000000000000000000000000000000000000000000000000000000000000000000000000000000000000000000000000000000000000000000
310
00000000000000000000000000000000000000000000000000000000000000000000000000000000000000000000000000000000000000000000000000000000000000000000000000000000000000000000000000000000000000000000000000000000000000000000000000000000000000000000000000000000000000
310
00000000000000000000000000000000000000000000000000000000000000000000000000000000000000000000000000000000000000000000000000000000000000000000000000000000000000000000000000000000000000000000000000000000000000000000000000000000000000000000000000000000000000
310
00000000000000000000000000000000000000000000000000000000000000000000000000000000000000000000000000000000000000000000000000000000000000000000000000000000000000000000000000000000000000000000000000000000000000000000000700070000070000070000000700000700000007
310
00000700000700000700000700000007000007000000070000070000070000070000070000000700000700000700070000000000000000000000000000000000000000000000000000000000000000000000000000000000000000000000000000000000000000000000000000000000000000000000000000000000000000
310
00000000000000000000000000000000000000000000000000000000000000000000000000000000000000000000000000000000000000000000000000000000000000000000000000000000000000000000000000000000000000000000000000000000000000000000000000000000000000000000000000000000000000
310
00000000000000000000000000000000000000000000000000000000000000000000000000000000000000000000000000000000000000000000000000000000000000000000000000000000000000000000000000000000000000000000000000000000000000000000000000000000000000000000000000000000000000
310
00000000000000000000000000000000000000000000000000000000000000000000000000000000000000000000000000000000000000000000000000000000000000000000000000000000000000000000000000000000000000000000000000000000000000000000000000000007000007000007000007000000070000
310
07000000070000070000070000070000070000000700000700000007000007000007000007000007000000070000070000070700000000000000000000000000000000000000000000000000000000000000000000000000000000000000000000000000000000000000000000000000000000000000000000000000000000
310
00000000000000000000000000000000000000000000000000000000000000000000000000000000000000000000000000000000000000000000000000000000000000000000000000000000000000000000000000000000000000000000000000000000000000000000000000000000000000000000000000000000000000
310
00000000000000000000000000000000000000000000000000000000000000000000000000000000000000000000000000000000000000000000000000000000000000000000000000000000000000000000000000000000000000000000000000000000000000000000000000000000000000000000000000000000000000
310
00000000000000000000000000000000000000000000000000000000000000000000000000000000000000000000000000000000000000000000000000000000000000000000000000000000000000000000000000000000000000000000000000000000000000000000000000000000000000070700000700000700000700
310
00000700000700000007000007000007000007000007000000070000070000000700000700000700000700000707000007000007000007000000000000000000000000000000000000000000000000000000000000000000000000000000000000000000000000000000000000000000000000000000000000000000000000
310
00000000000000000000000000000000000000000000000000000000000000000000000000000000000000000000000000000000000000000000000000000000000000000000000000000000000000000000000000000000000000000000000000000000000000000000000000000000000000000000000000000000000000
310
00000000000000000000000000000000000000000000000000000000000000000000000000000000000000000000000000000000000000000000000000000000000000000000000000000000000000000000000000000000000000000000000000000000000000000000000000000000000000000000000000000000000000
310
00000000000000000000000000000000000000000000000000000000000000000000000000000000000000000000000000000000000000000000000000000000000000000000000000000000000000000000000000000000000000000000000000000000000000000000000000000000000000000000000700070000070000
310
07000007000000070000070000000700000700000700000700000700000007000007000000070000070000070000070000000700000700000700070000000000000000000000000000000000000000000000000000000000000000000000000000000000000000000000000000000000000000000000000000000000000000
310
00000000000000000000000000000000000000000000000000000000000000000000000000000000000000000000000000000000000000000000000000000000000000000000000000000000000000000000000000000000000000000000000000000000000000000000000000000000000000000000000000000000000000
310
00000000000000000000000000000000000000000000000000000000000000000000000000000000000000000000000000000000000000000000000000000000000000000000000000000000000000000000000000000000000000000000000000000000000000000000000000000000000000000000000000000000000000
310
00000000000000000000000000000000000000000000000000000000000000000000000000000000000000000000000000000000000000000000000000000000000000000000000000000000000000000000000000000000000000000000000000000000000000000000000000000000000000000000000000000007000007
310
00000700000700000700000007000007000000070000070000070000070000070000000700000700000007000007000007000007000000070000070000070700000000000000000000000000000000000000000000000000000000000000000000000000000000000000000000000000000000000000000000000000000000
310
00000000000000000000000000000000000000000000000000000000000000000000000000000000000000000000000000000000000000000000000000000000000000000000000000000000000000000000000000000000000000000000000000000000000000000000000000000000000000000000000000000000000000
310
00000000000000000000000000000000000000000000000000000000000000000000000000000000000000000000000000000000000000000000000000000000000000000000000000000000000000000000000000000000000000000000000000000000000000000000000000000000000000000000000000000000000000
310
00000000000000000000000000000000000000000000000000000000000000000000000000000000000000000000000000000000000000000000000000000000000000000000000000000000000000000000000000000000000000000000000000000000000000000000000000000000000000000000000000000000000000
310
07070000070000070000070000070000000700000700000007000007000007000007000007000000070000070000000700000700000700000700000007000007000007000000000000000000000000000000000000000000000000000000000000000000000000000000000000000000000000000000000000000000000000
310
00000000000000000000000000000000000000000000000000000000000000000000000000000000000000000000000000000000000000000000000000000000000000000000000000000000000000000000000000000000000000000000000000000000000000000000000000000000000000000000000000000000000000
310
00000000000000000000000000000000000000000000000000000000000000000000000000000000000000000000000000000000000000000000000000000000000000000000000000000000000000000000000000000000000000000000000000000000000000000000000000000000000000000000000000000000000000
310
00000000000000000000000000000000000000000000000000000000000000000000000000000000000000000000000000000000000000000000000000000000000000000000000000000000000000000000000000000000000000000000000000000000000000000000000000000000000000000000000000000000000000
310
00000000070007000007000007000007000007000000070000070000000700000700000700000700000700000007000007000000070000070000070000070000000700000700070000000000000000000000000000000000000000000000000000000000000000000000000000000000000000000000000000000000000000
310
00000000000000000000000000000000000000000000000000000000000000000000000000000000000000000000000000000000000000000000000000000000000000000000000000000000000000000000000000000000000000000000000000000000000000000000000000000000000000000000000000000000000000
310
00000000000000000000000000000000000000000000000000000000000000000000000000000000000000000000000000000000000000000000000000000000000000000000000000000000000000000000000000000000000000000000000000000000000000000000000000000000000000000000000000000000000000
310
00000000000000000000000000000000000000000000000000000000000000000000000000000000000000000000000000000000000000000000000000000000000000000000000000000000000000000000000000000000000000000000000000000000000000000000000000000000000000000000000000000000000000
310
00000000000000070700000700000700000700000700000700000007000007000000070000070000070000070000070000000700000700000007000007000007000007000000070000070700000000000000000000000000000000000000000000000000000000000000000000000000000000000000000000000000000000
310
00000000000000000000000000000000000000000000000000000000000000000000000000000000000000000000000000000000000000000000000000000000000000000000000000000000000000000000000000000000000000000000000000000000000000000000000000000000000000000000000000000000000000
310
00000000000000000000000000000000000000000000000000000000000000000000000000000000000000000000000000000000000000000000000000000000000000000000000000000000000000000000000000000000000000000000000000000000000000000000000000000000000000000000000000000000000000
310
00000000000000000000000000000000000000000000000000000000000000000000000000000000000000000000000000000000000000000000000000000000000000000000000000000000000000000000000000000000000000000000000000000000000000000000000000000000000000000000000000000000000000
310
00000000000000000000000707000000070000070000070000070000070000000700000700000007000007000007000007000007000000070000070000070000000700000700000700000007000007000000000000000000000000000000000000000000000000000000000000000000000000000000000000000000000000
310
00000000000000000000000000000000000000000000000000000000000000000000000000000000000000000000000000000000000000000000000000000000000000000000000000000000000000000000000000000000000000000000000000000000000000000000000000000000000000000000000000000000000000
310
00000000000000000000000000000000000000000000000000000000000000000000000000000000000000000000000000000000000000000000000000000000000000000000000000000000000000000000000000000000000000000000000000000000000000000000000000000000000000000000000000000000000000
310
00000000000000000000000000000000000000000000000000000000000000000000000000000000000000000000000000000000000000000000000000000000000000000000000000000000000000000000000000000000000000000000000000000000000000000000000000000000000000000000000000000000000000
310
00000000000000000000000000000007000700000007000007000007000007000007000000070000070000000700000700000700000700000700000007000007000007000000070000070000070000000707000000000000000000000000000000000000000000000000000000000000000000000000000000000000000000
310
00000000000000000000000000000000000000000000000000000000000000000000000000000000000000000000000000000000000000000000000000000000000000000000000000000000000000000000000000000000000000000000000000000000000000000000000000000000000000000000000000000000000000
310
00000000000000000000000000000000000000000000000000000000000000000000000000000000000000000000000000000000000000000000000000000000000000000000000000000000000000000000000000000000000000000000000000000000000000000000000000000000000000000000000000000000000000
310
00000000000000000000000000000000000000000000000000000000000000000000000000000000000000000000000000000000000000000000000000000000000000000000000000000000000000000000000000000000000000000000000000000000000000000000000000000000000000000000000000000000000000
310
00000000000000000000000000000000000000070000070000000700000700000700000700000700000007000007000000070000070000070000070000070000000700000700000700000007000007000007000000070000000000000000000000000000000000000000000000000000000000000000000000000000000000
310
00000000000000000000000000000000000000000000000000000000000000000000000000000000000000000000000000000000000000000000000000000000000000000000000000000000000000000000000000000000000000000000000000000000000000000000000000000000000000000000000000000000000000
310
00000000000000000000000000000000000000000000000000000000000000000000000000000000000000000000000000000000000000000000000000000000000000000000000000000000000000000000000000000000000000000000000000000000000000000000000000000000000000000000000000000000000000
310
00000000000000000000000000000000000000000000000000000000000000000000000000000000000000000000000000000000000000000000000000000000000000000000000000000000000000000000000000000000000000000000000000000000000000000000000000000000000000000000000000000000000000
310
00000000000000000000000000000000000000000000000707000007000000070007000000070000070000070000000700000700000007000007000007000007000007000000070000070000070000000700000700000700000707000000000000000000000000000000000000000000000000000000000000000000000000
310
00000000000000000000000000000000000000000000000000000000000000000000000000000000000000000000000000000000000000000000000000000000000000000000000000000000000000000000000000000000000000000000000000000000000000000000000000000000000000000000000000000000000000
310
00000000000000000000000000000000000000000000000000000000000000000000000000000000000000000000000000000000000000000000000000000000000000000000000000000000000000000000000000000000000000000000000000000000000000000000000000000000000000000000000000000000000000
310
00000000000000000000000000000000000000000000000000000000000000000000000000000000000000000000000000000000000000000000000000000000000000000000000000000000000000000000000000000000000000000000000000000000000000000000000000000000000000000000000000000000000000
310
00000000000000000000000000000000000000000000000000000007000700000700000007000700000007000007000007000000070000070000000700000700000700000700000707000007000007000007000000070000070000070007000000000000000000000000000000000000000000000000000000000000000000
310
00000000000000000000000000000000000000000000000000000000000000000000000000000000000000000000000000000000000000000000000000000000000000000000000000000000000000000000000000000000000000000000000000000000000000000000000000000000000000000000000000000000000000
310
00000000000000000000000000000000000000000000000000000000000000000000000000000000000000000000000000000000000000000000000000000000000000000000000000000000000000000000000000000000000000000000000000000000000000000000000000000000000000000000000000000000000000
310
00000000000000000000000000000000000000000000000000000000000000000000000000000000000000000000000000000000000000000000000000000000000000000000000000000000000000000000000000000000000000000000000000000000000000000000000000000000000000000000000000000000000000
310
00000000000000000000000000000000000000000000000000000000000000070000070000070000000700070000000700000700000700000007000007000000070000070000070000070000000700000700000700000700000007000007000007070000000000000000000000000000000000000000000000000000000000
310
00000000000000000000000000000000000000000000000000000000000000000000000000000000000000000000000000000000000000000000000000000000000000000000000000000000000000000000000000000000000000000000000000000000000000000000000000000000000000000000000000000000000000
310
00000000000000000000000000000000000000000000000000000000000000000000000000000000000000000000000000000000000000000000000000000000000000000000000000000000000000000000000000000000000000000000000000000000000000000000000000000000000000000000000000000000000000
310
00000000000000000000000000000000000000000000000000000000000000000000000000000000000000000000000000000000000000000000000000000000000000000000000000000000000000000000000000000000000000000000000000000000000000000000000000000000000000000000000000000000000000
310
00000000000000000000000000000000000000000000000000000000000000000000000707000007000007000000070007000000070000070000070000070707070707070007000007000007000007000000070000070000070000070000000700000700000700000000000000000000000000000000000000000000000000
310
00000000000000000000000000000000000000000000000000000000000000000000000000000000000000000000000000000000000000000000000000000000000000000000000000000000000000000000000000000000000000000000000000000000000000000000000000000000000000000000000000000000000000
310
00000000000000000000000000000000000000000000000000000000000000000000000000000000000000000000000000000000000000000000000000000000000000000000000000000000000000000000000000000000000000000000000000000000000000000000000000000000000000000000000000000000000000
310
00000000000000000000000000000000000000000000000000000000000000000000000000000000000000000000000000000000000000000000000000000000000000000000000000000000000000000000000000000000000000000000000000000000000000000000000000000000000000000000000000000000000000
310
00000000000000000000000000000000000000000000000000000000000000000000000000000007000700000700000700000007000700000007000007000007070000000000000007000700000700000700000700000007000007000007000007000000070000070007000000000000000000000000000000000000000000
310
00000000000000000000000000000000000000000000000000000000000000000000000000000000000000000000000000000000000000000000000000000000000000000000000000000000000000000000000000000000000000000000000000000000000000000000000000000000000000000000000000000000000000
310
00000000000000000000000000000000000000000000000000000000000000000000000000000000000000000000000000000000000000000000000000000000000000000000000000000000000000000000000000000000000000000000000000000000000000000000000000000000000000000000000000000000000000
310
00000000000000000000000000000000000000000000000000000000000000000000000000000000000000000000000000000000000000000000000000000000000000000000000000000000000000000000000000000000000000000000000000000000000000000000000000000000000000000000000000000000000000
310
00000000000000000000000000000000000000000000000000000000000000000000000000000000000000070000070000070000070000000700070000000700000707070000000000000000000707070000070000070000070000000700000700000700000700000007000007070000000000000000000000000000000000
310
00000000000000000000000000000000000000000000000000000000000000000000000000000000000000000000000000000000000000000000000000000000000000000000000000000000000000000000000000000000000000000000000000000000000000000000000000000000000000000000000000000000000000
310
00000000000000000000000000000000000000000000000000000000000000000000000000000000000000000000000000000000000000000000000000000000000000000000000000000000000000000000000000000000000000000000000000000000000000000000000000000000000000000000000000000000000000
310
00000000000000000000000000000000000000000000000000000000000000000000000000000000000000000000000000000000000000000000000000000000000000000000000000000000000000000000000000000000000000000000000000000000000000000000000000000000000000000000000000000000000000
310
00000000000000000000000000000000000000000000000000000000000000000000000000000000000000000000000707000007000007000007000000070007000000070007000000000000000000000000000707000007000007000007000000070000070000070000070000000700000700000000000000000000000000
310
00000000000000000000000000000000000000000000000000000000000000000000000000000000000000000000000000000000000000000000000000000000000000000000000000000000000000000000000000000000000000000000000000000000000000000000000000000000000000000000000000000000000000
310
00000000000000000000000000000000000000000000000000000000000000000000000000000000000000000000000000000000000000000000000000000000000000000000000000000000000000000000000000000000000000000000000000000000000000000000000000000000000000000000000000000000000000
310
00000000000000000000000000000000000000000000000000000000000000000000000000000000000000000000000000000000000000000000000000000000000000000000000000000000000000000000000000000000000000000000000000000000000000000000000000000000000000000000000000000000000000
310
00000000000000000000000000000000000000000000000000000000000000000000000000000000000000000000000000000700000700000700000700000700000007000700000007000000000000000000000000000000070700000700000700000700000007000007000007000007000000070007000000000000000000
310
00000000000000000000000000000000000000000000000000000000000000000000000000000000000000000000000000000000000000000000000000000000000000000000000000000000000000000000000000000000000000000000000000000000000000000000000000000000000000000000000000000000000000
310
00000000000000000000000000000000000000000000000000000000000000000000000000000000000000000000000000000000000000000000000000000000000000000000000000000000000000000000000000000000000000000000000000000000000000000000000000000000000000000000000000000000000000
310
00000000000000000000000000000000000000000000000000000000000000000000000000000000000000000000000000000000000000000000000000000000000000000000000000000000000000000000000000000000000000000000000000000000000000000000000000000000000000000000000000000000000000
310
00000000000000000000000000000000000000000000000000000000000000000000000000000000000000000000000000000000000007000000070000070000070000070000000700070000070000000000000000000000000000000707000000070000070000070000000700000700000700000700000007070000000000
310
00000000000000000000000000000000000000000000000000000000000000000000000000000000000000000000000000000000000000000000000000000000000000000000000000000000000000000000000000000000000000000000000000000000000000000000000000000000000000000000000000000000000000
310
00000000000000000000000000000000000000000000000007000000000000000000000000000000000000000000000000000000000000000000000000000000000000000000000000000000000000000000000000000000000000000000000000000000000000000000000000000000000000000000000000000000000000
310
00000000000000000000000000000000000000000000000000000000000000000000000000000000000000000000000000000000000000000000000000000000000000000000000000000000000000000000000000000000000000000000000000000000000000000000000000000000000000000000000000000000000000
310
00000000000000000000000000000000000000000000000000000000000000000000000000000000000000000000000000000000000000000000070700000007000007000007000007000000070007070000000000000000000000000000000000070700000007000007000007000000070000070000070000070000000700
310
00000000000000000000000000000000000000000000000000000000000000000000000000000000000000000000000000000000000000000000000000000000000000000000000000000000000000000000000000000000000000000000000000000000000000000000000000000000000000000000000000000000000000
310
00000000000000000000000007000007000000070707070707070707070000000000000000000000000000000000000000000000000000000000000000000000000000000000000000000000000000000000000000000000000000000000000000000000000000000000000000000000000000000000000000000000000000
310
00000000000000000000000000000000000000000000000000000000000000000000000000000000000000000000000000000000000000000000000000000000000000000000000000000000000000000000000000000000000000000000000000000000000000000000000000000000000000000000000000000000000000
310
00000000000000000000000000000000000000000000000000000000000000000000000000000000000000000000000000000000000000000000000000000700070000000700000700000700000700000007000700000000000000000000000000000000000700070000000700000700000700000007000007000007000007
310
00000700000000000000000000000000000000000000000000000000000000000000000000000000000000000000000000000000000000000000000000000000000000000000000000000000000000000000000000000000000000000000000000000000000000000000000000000000000000000000000000000000000000
310
00070000070007070707070707070707070707070707070707000007000007070000000000000000000000000000000000000000000000000000000000000000000000000000000000000000000000000000000000000000000000000000000000000000000000000000000000000000000000000000000000000000000000
310
00000000000000000000000000000000000000000000000000000000000000000000000000000000000000000000000000000000000000000000000000000000000000000000000000000000000000000000000000000000000000000000000000000000000000000000000000000000000000000000000000000000000000
310
00000000000000000000000000000000000000000000000000000000000000000000000000000000000000000000000000000000000000000000000000000000000007000007000000070000070000070000070000000707000000000000000000000000000000000007000007000000070000070000070000000700000700
310
00070000070007000000000000000000000000000000000000000000000000000000000000000000000000000000000000000000000000000000000000000000000000000000000000000000000000000000000000000000000000000000000000000000000000000000000000000000000700000700000707070707070707
310
07070707070707070707000007000007000007000000070000070000000700000700000700000000000000000000000000000000000000000000000000000000000000000000000000000000000000000000000000000000000000000000000000000000000000000000000000000000000000000000000000000000000000
310
00000000000000000000000000000000000000000000000000000000000000000000000000000000000000000000000000000000000000000000000000000000000000000000000000000000000000000000000000000000000000000000000000000000000000000000000000000000000000000000000000000000000000
310
00000000000000000000000000000000000000000000000000000000000000000000000000000000000000000000000000000000000000000000000000000000000000000000070700000700000007000007000007000007000007000000000000000000000000000000000000000700000700000007000007000007000000
310
07000007000007000007070000000000000000000000000000000000000000000000000000000000000000000000000000000000000000000000000000000000000000000000000000000000000000000000000000000000000000000000000000000000000007000007070707070707070707070707070707070707070000
310
00070000070000070000000700000700000700000700000700000007000007000000070000070700000000000000000000000000000000000000000000000000000000000000000000000000000000000000000000000000000000000000000000000000000000000000000000000000000000000000000000000000000000
310
00000000000000000000000000000000000000000000000000000000000000000000000000000000000000000000000000000000000000000000000000000000000000000000000000000000000000000000000000000000000000000000000000000000000000000000000000000000000000000000000000000000000000
310
00000000000000000000000000000000000000000000000000000000000000000000000000000000000000000000000000000000000000000000000000000000000000000000000000000700070000070000000700000700000700000700070000000000000000000000000000000000000007070000070000000700000700
310
00070000000700000700000700000700000000000000000000000000000000000000000000000000000000000000000000000000000000000000000000000000000000000000000000000000000000000000000000000007000007000007070707070707070707070707070707070700000700000700000700000007000007
310
00000700000007000007000007000000070000070000070000070000070000000700000700000007000007000000000000000000000000000000000000000000000000000000000000000000000000000000000000000000000000000000000000000000000000000000000000000000000000000000000000000000000000
310
00000000000000000000000000000000000000000000000000000000000000000000000000000000000000000000000000000000000000000000000000000000000000000000000000000000000000000000000000000000000000000000000000000000000000000000000000000000000000000000000000000000000000
310
00000000000000000000000000000000000000000000000000000000000000000000000000000000000000000000000000000000000000000000000000000000000000000000000000000000000007000007000007000000070000070000070000070700000000000000000000000000000000000007070007000007000000
310
07000007000007000000070000070000070007000000000000000000000000000000000000000000000000000000000000000000000000000000000000000000000000000000000007000000070000070707070707070707070707070707070707000700000700000700000007000000070000070000070000070000070000
310
00070000070000070000000700000700000700000007000007000007000007000007000000070000070000000707000000000000000000000000000000000000000000000000000000000000000000000000000000000000000000000000000000000000000000000000000000000000000000000000000000000000000000
310
00000000000000000000000000000000000000000000000000000000000000000000000000000000000000000000000000000000000000000000000000000000000000000000000000000000000000000000000000000000000000000000000000000000000000000000000000000000000000000000000000000000000000
310
00000000000000000000000000000000000000000000000000000000000000000000000000000000000000000000000000000000000000000000000000000000000000000000000000000000000000000000070700000700000700000007000007000007000007070000000000000000000000000000000000070700000700
310
00070000000700000700000700000007000007000007070000000000000000000000000000000000000000000000000000000000000000000000000000000000000000000000000000000707070707070707070007000007000007000007000000070000070000070000070000070000000700000007000007000007000007
310
00000700000007000007000007000000070000070000070000000700000700000700000700000700000700000007000000070000000000000000000000000000000000000000000000000000000000000000000000000000000000000000000000000000000000000000000000000000000000000000000000000000000000
310
00000000000000000000000000000000000000000000000000000000000000000000000000000000000000000000000000000000000000000000000000000000000000000000000000000000000000000000000000000000000000000000000000000000000000000000000000000000000000000000000000000000000000
310
00000000000000000000000000000000000000000000000000000000000000000000000000000000000000000000000000000000000000000000000000000000000000000000000000000000000000000000000000000700070000070000070000000700000700000700000700000000000000000000000000000000000700
310
07000007000007000000070000070000070000000700000700000700000000000000000000000000000000000000000000000000000000000000000000000000000000000000000000000000000000070000070000000700000700000700000700000700000007000007000007000007000007000000070000000700000700
310
00070000070000070000000700000700000700000007000007000007000000070000070000070000070700070000070000000700070000000000000000000000000000000000000000000000000000000000000000000000000000000000000000000000000000000000000000000000000000000000000000000000000000
310
00000000000000000000000000000000000000000000000000000000000000000000000000000000000000000000000000000000000000000000000000000000000000000000000000000000000000000000000000000000000000000000000000000000000000000000000000000000000000000000000000000000000000
310
00000000000000000000000000000000000000000000000000000000000000000000000000000000000000000000000000000000000000000000000000000000000000000000000000000000000000000000000000000000000007000007000007000007000000070000070000070007000000000000000000000000000000
310
00000700000700000700000700000007000007000007000000070000070007000000000000000000000000000000000000000000000000000000000000000000000000000000000000000000000000000000000007000007000000070000070000070000070000070000000700000700000700000700000700000007000000
310
07000007000007000007000007000000070000070000070000000700000700000700000007000007000007000000070007000007000000070700000000000000000000000000000000000000000000000000000000000000000000000000000000000000000000000000000000000000000000000000000000000000000000
310
00000000000000000000000000000000000000000000000000000000000000000000000000000000000000000000000000000000000000000000000000000000000000000000000000000000000000000000000000000000000000000000000000000000000000000000000000000000000000000000000000000000000000
310
00000000000000000000000000000000000000000000000000000000000000000000000000000000000000000000000000000000000000000000000000000000000000000000000000000000000000000000000000000000000000000007000700000700000700000700000700000007000007000700000000000000000000
310
00000000000700070000070000070000070000000700000700000700000007000007070000000000000000000000000000000000000000000000000000000000000000000000000000000000000000000000000000000000070700000700000007000007000007000007000007000000070000070000070000070000070000
310
00070000000700000700000700000700000700000007000007000007000000070000070000070000000700000700000700000007000700000700000707000000000000000000000000000000000000000000000000000000000000000000000000000000000000000000000000000000000000000000000000000000000000
310
00000000000000000000000000000000000000000000000000000000000000000000000000000000000000000000000000000000000000000000000000000000000000000000000000000000000000000000000000000000000000000000000000000000000000000000000000000000000000000000000000000000000000
310
00000000000000000000000000000000000000000000000000000000000000000000000000000000000000000000000000000000000000000000000000000000000000000000000000000000000000000000000000000000000000000000000000070000070000070000070000070000070000000700000707000000000000
310
00000000000000000707000007000007000007000007000000070000070000070000000700000700000000000000000000000000000000000000000000000000000000000000000000000000000000000000000000000000000000000007070000070000000700000700000700000700000700000007000007000007000007
310
00000700000007000000070000070000070000070000070000000700000700000700000007000007000007000000070000070000070000000700070000070007000000000000000000000000000000000000000000000000000000000000000000000000000000000000000000000000000000000000000000000000000000
310
00000000000000000000000000000000000000000000000000000000000000000000000000000000000000000000000000000000000000000000000000000000000000000000000000000000000000000000000000000000000000000000000000000000000000000000000000000000000000000000000000000000000000
310
00000000000000000000000000000000000000000000000000000000000000000000000000000000000000000000000000000000000000000000000000000000000000000000000000000000000000000000000000000000000000000000000000000000000700000007000007000007000007000007000000070000070707
310
00000000000000000000000707070000000700000700000700000700000007000007000007000000070007000000000000000000000000000000000000000000000000000000000000000000000000000000000000000000000000000000000000000707000007000000070000070000070000070000070000000700000700
310
00070000070000070000000700000007000007000007000007000007000000070000070000070000000700000700000707000700000007000007000000070007000007000000000000000000000000000000000000000000000000000000000000000000000000000000000000000000000000000000000000000000000000
310
00000000000000000000000000000000000000000000000000000000000000000000000000000000000000000000000000000000000000000000000000000000000000000000000000000000000000000000000000000000000000000000000000000000000000000000000000000000000000000000000000000000000000
310
00000000000000000000000000000000000000000000000000000000000000000000000000000000000000000000000000000000000000000000000000000000000000000000000000000000000000000000000000000000000000000000000000000000000000000007070000000700000700000700000700000700000007
310
00000700070700000000000000070707000007000000070000070000070000070000000700000700000700000007070000000000000000000000000000000000000000000000000000000000000000000000000000000000000000000000000000000000000000070700000700000007000007000007000007000007000000
310
07000007000007000007000007000000070000000700000700000700000700000700000007000007000007000000070000070000000700070000000700000700000007000700070000000000000000000000000000000000000000000000000000000000000000000000000000000000000000000000000000000000000000
310
00000000000000000000000000000000000000000000000000000000000000000000000000000000000000000000000000000000000000000000000000000000000000000000000000000000000000000000000000000000000000000000000000000000000000000000000000000000000000000000000000000000000000
310
00000000000000000000000000000000000000000000000000000000000000000000000000000000000000000000000000000000000000000000000000000000000000000000000000000000000000000000000000000000000000000000000000000000000000000000000000070007000007000000070000070000070000
310
07000000070000070000070707070707070700000700000700000007000007000007000007000000070000070000070000000700000000000000000000000000000000000000000000000000000000000000000000000000000000000000000000000000000000000000000700070000070000000700000700000700000700
310
00070000000700000700000700000700000700000007000000070000070000070000070000070000000700000700000700000007000007000000070007000000070000070000000700070000000000000000000000000000000000000000000000000000000000000000000000000000000000000000000000000000000000
310
00000000000000000000000000000000000000000000000000000000000000000000000000000000000000000000000000000000000000000000000000000000000000000000000000000000000000000000000000000000000000000000000000000000000000000000000000000000000000000000000000000000000000
310
00000000000000000000000000000000000000000000000000000000000000000000000000000000000000000000000000000000000000000000000000000000000000000000000000000000000000000000000000000000000000000000000000000000000000000000000000000000000707000700000700000007000007
310
00000700000700000007000007000000070000070000070000070000070000000700000700000700000700000007000007000007000007000000000000000000000000000000000000000000000000000000000000000000000000000000000000000000000000000000000000000000070007000007000000070000070000
310
07000007000007000000070000070000070000070000070000000700000007000007000007000007000007000000070000070000070000070000000700000007000700000007000007000000070000000000000000000000000000000000000000000000000000000000000000000000000000000000000000000000000000
310
00000000000000000000000000000000000000000000000000000000000000000000000000000000000000000000000000000000000000000000000000000000000000000000000000000000000000000000000000000000000000000000000000000000000000000000000000000000000000000000000000000000000000
310
00000000000000000000000000000000000000000000000000000000000000000000000000000000000000000000000000000000000000000000000000000000000000000000000000000000000000000000000000000000000000000000000000000000000000000000000000000000000000000000000707070700070000
310
00070000070000070000070000000700000700000007000007000007000007000007000000070000070000070000070000000700000700000700070000000000000000000000000000000000000000000000000000000000000000000000000000000000000000000000000000000000000000000007000700000700000007
310
00000700000700000700000700000007000007000007000007000007000000070000000700000700000700000700000700000007000007000007000007000000070000000700070000000700000700070000000000000000000000000000000000000000000000000000000000000000000000000000000000000000000000
310
00000000000000000000000000000000000000000000000000000000000000000000000000000000000000000000000000000000000000000000000000000000000000000000000000000000000000000000000000000000000000000000000000000000000000000000000000000000000000000000000000000000000000
310
00000000000000000000000000000000000000000000000000000000000000000000000000000000000000000000000000000000000000000000000000000000000000000000000000000000000000000000000000000000000000000000000000000000000000000000000000000000000000000000000000000000000000
310
07070700000007000007000007000007000000070000070000000700000700000700000700000700000007000007000007000007000000070000070000070700000000000000000000000000000000000000000000000000000000000000000000000000000000000000000000000000000000000000000000000700070000
310
07000000070000070000070000070000070000000700000700000700000700000700000007000000070000070000070000070000070000070000000700000700000700000007000000070007000000070000070000000000000000000000000000000000000000000000000000000000000000000000000000000000000000
310
00000000000000000000000000000000000000000000000000000000000000000000000000000000000000000000000000000000000000000000000000000000000000000000000000000000000000000000000000000000000000000000000000000000000000000000000000000000000000000000000000000000000000
310
00000000000000000000000000000000000000000000000000000000000000000000000000000000000000000000000000000000000000000000000000000000000000000000000000000000000000000000000000000000000000000000000000000000000000000000000000000000000000000000000000000000000000
310
00000000000000070707070700000700000700000700000007000007000000070000070000070000070000070000000700000700000700000700000007000007000007000000000000000000000000000000000000000000000000000000000000000000000000000000000000000000000000000000000000000000000007
310
00000700000700000007000007000007000007000007000000070000070000070000070000070000000700000007000007000007000007000007000007000000070000070000070000000700000007000700000007070000000000000000000000000000000000000000000000000000000000000000000000000000000000
310
00000000000000000000000000000000000000000000000000000000000000000000000000000000000000000000000000000000000000000000000000000000000000000000000000000000000000000000000000000000000000000000000000000000000000000000000000000000000000000000000000000000000000
310
00000000000000000000000000000000000000000000000000000000000000000000000000000000000000000000000000000000000000000000000000000000000000000000000000000000000000000000000000000000000000000000000000000000000000000000000000000000000000000000000000000000000000
310
00000000000000000000000000000007070700070000070000070000000700000700000007000007000007000007000007000000070000070000070000070000000700000700070000000000000000000000000000000000000000000000000000000000000000000000000000000000000000000000000000000000000000
310
00000000070000070000070000000700000700000700000700000700000007000007000007000007000007000000070000000700000700000700000700000700000700000007000007000007000000070000000700070000070700000000000000000000000000000000000000000000000000000000000000000000000000
310
00000000000000000000000000000000000000000000000000000000000000000000000000000000000000000000000000000000000000000000000000000000000000000000000000000000000000000000000000000000000000000000000000000000000000000000000000000000000000000000000000000000000000
310
00000000000000000000000000000000000000000000000000000000000000000000000000000000000000000000000000000000000000000000000000000000000000000000000000000000000000000000000000000000000000000000000000000000000000000000000000000000000000000000000000000000000000
310
00000000000000000000000000000000000000000000070707070007000007000000070000070000000700000700000700000700000700000007000007000007000007000000070000070000000000000000000000000000000000000000000000000000000000000000000000000000000000000000000000000000000000
310
00000000000000000007000007000007000000070000070000070000070000070000000700000700000700000700000700000007000007000000070000070000070000070000070000000700000700000700000007000000070007000700000000000000000000000000000000000000000000000000000000000000000000
310
00000000000000000000000000000000000000000000000000000000000000000000000000000000000000000000000000000000000000000000000000000000000000000000000000000000000000000000000000000000000000000000000000000000000000000000000000000000000000000000000000000000000000
310
00000000000000000000000000000000000000000000000000000000000000000000000000000000000000000000000000000000000000000000000000000000000000000000000000000000000000000000000000000000000000000000000000000000000000000000000000000000000000000000000000000000000000
310
00000000000000000000000000000000000000000000000000000000000007070700000700000007000007000007000000070000070000070000070000000700000700000700000700000007000700000000000000000000000000000000000000000000000000000000000000000000000000000000000000000000000000
310
00000000000000000000000000000700000700000700000700000007000007000007000007000000070000070000070000070700070000000700000700000007000007000007000007000007000000070000070000070000000700000007000700000000000000000000000000000000000000000000000000000000000000
310
00000000000000000000000000000000000000000000000000000000000000000000000000000000000000000000000000000000000000000000000000000000000000000000000000000000000000000000000000000000000000000000000000000000000000000000000000000000000000000000000000000000000000
310
00000000000000000000000000000000000000000000000000000000000000000000000000000000000000000000000000000000000000000000000000000000000000000000000000000000000000000000000000000000000000000000000000000000000000000000000000000000000000000000000000000000000000
310
00000000000000000000000000000000000000000000000000000000000000000000000000070707070000000700000700000700000007000700000007000007000000070000070000070000070000000707000000000000000000000000000000000000000000000000000000000000000000000000000000000000000000
310
00000000000000000000000000000000000000070000070000070000070000000700000700000700000707000007000007000007000000070007000000070000070000000700000700000700000700000700000007000007000007000000070000000700000000000000000000000000000000000000000000000000000000
310
00000000000000000000000000000000000000000000000000000000000000000000000000000000000000000000000000000000000000000000000000000000000000000000000000000000000000000000000000000000000000000000000000000000000000000000000000000000000000000000000000000000000000
310
00000000000000000000000000000000000000000000000000000000000000000000000000000000000000000000000000000000000000000000000000000000000000000000000000000000000000000000000000000000000000000000000000000000000000000000000000000000000000000000000000000000000000
310
00000000000000000000000000000000000000000000000000000000000000000000000000000000000000000007070700070000070000070000000700070000000700000700000007000007000007000007000000070000000000000000000000000000000000000000000000000000000000000000000000000000000000
310
00000000000000000000000000000000000000000000000007000007000007000007000000070000070000070000000700000700000700000700000007000700000007000007000000070000070000070000070000070000000700000700000700000007000700000000000000000000000000000000000000000000000000
310
00000000000000000000000000000000000000000000000000000000000000000000000000000000000000000000000000000000000000000000000000000000000000000000000000000000000000000000000000000000000000000000000000000000000000000000000000000000000000000000000000000000000000
310
00000000000000000000000000000000000000000000000000000000000000000000000000000000000000000000000000000000000000000000000000000000000000000000000000000000000000000000000000000000000000000000000000000000000000000000000000000000000000000000000000000000000000
310
00000000000000000000000000000000000000000000000000000000000000000000000000000000000000000000000000000000070707070007000007000000070007000000070000070000000700000700000700000700000700000000000000000000000000000000000000000000000000000000000000000000000000
310
00000000000000000000000000000000000000000000000000000000000707000700000700000700000007000007000007000000070000070000070000070000000700070000000700000700000007000007000007000007000007000000070000070000070000000700000000000000000000000000000000000000000000
310
00000000000000000000000000000000000000000000000000000000000000000000000000000000000000000000000000000000000000000000000000000000000000000000000000000000000000000000000000000000000000000000000000000000000000000000000000000000000000000000000000000000000000
310
00000000000000000000000000000000000000000000000000000000000000000000000000000000000000000000000000000000000000000000000000000000000000000000000000000000000000000000000000000000000000000000000000000000000000000000000000000000000000000000000000000000000000
310
00000000000000000000000000000000000000000000000000000000000000000000000000000000000000000000000000000000000000000000000007070707000700000007000700000007000007000000070000070000070000070007000000000000000000000000000000000000000000000000000000000000000000
310
00000000000000000000000000000000000000000000000000000000000000000000000700070000070000070000000700000700000700000007000007000007000007000000070007000000070000070000000700000700000700000700000700000007000007000007000700000000000000000000000000000000000000
310
00000000000000000000000000000000000000000000000000000000000000000000000000000000000000000000000000000000000000000000000000000000000000000000000000000000000000000000000000000000000000000000000000000000000000000000000000000000000000000000000000000000000000
310
00000000000000000000000000000000000000000000000000000000000000000000000000000000000000000000000000000000000000000000000000000000000000000000000000000000000000000000000000000000000000000000000000000000000000000000000000000000000000000000000000000000000000
310
00000000000000000000000000000000000000000000000000000000000000000000000000000000000000000000000000000000000000000000000000000000000000070707070000000700070000000700000700000007000007000007000007070000000000000000000000000000000000000000000000000000000000
310
00000000000000000000000000000000000000000000000000000000000000000000000000000000070007000007000007000000070000070000070000000700000700000700000700000007000700000007000007000000070000070000070000070000070000000700000700070700000000000000000000000000000000
310
00000000000000000000000000000000000000000000000000000000000000000000000000000000000000000000000000000000000000000000000000000000000000000000000000000000000000000000000000000000000000000000000000000000000000000000000000000000000000000000000000000000000000
310
00000000000000000000000000000000000000000000000000000000000000000000000000000000000000000000000000000000000000000000000000000000000000000000000000000000000000000000000000000000000000000000000000000000000000000000000000000000000000000000000000000000000000
310
00000000000000000000000000000000000000000000000000000000000000000000000000000000000000000000000000000000000000000000000000000000000000000000000000000007070707070007000000070000070000000700000700000700000700000000000000000000000000000000000000000000000000
310
00000000000000000000000000000000000000000000000000000000000000000000000000000000000000000007000700000700000700000007000007000007000000070000070000070000070000000700070000000700000700000007000007000007000007000007000000070000070000000000000000000000000000
310
00000000000000000000000000000000000000000000000000000000000000000000000000000000000000000000000000000000000000000000000000000000000000000000000000000000000000000000000000000000000000000000000000000000000000000000000000000000000000000000000000000000000000
310
00000000000000000000000000000000000000000000000000000000000000000000000000000000000000000000000000000000000000000000000000000000000000000000000000000000000000000000000000000000000000000000000000000000000000000000000000000000000000000000000000000000000000
310
00000000000000000000000000000000000000000000000000000000000000000000000000000000000000000000000000000000000000000000000000000000000000000000000000000000000000000000000707070700000007000007000000070000070000070007000000000000000000000000000000000000000000
310
00000000000000000000000000000000000000000000000000000000000000000000000000000000000000000000000000000700070000070000070000000700000700000700000007000007000007000007000000070007000000070000070000000700000700000700000700000700000007070000000000000000000000
310
00000000000000000000000000000000000000000000000000000000000000000000000000000000000000000000000000000000000000000000000000000000000000000000000000000000000000000000000000000000000000000000000000000000000000000000000000000000000000000000000000000000000000
310
00000000000000000000000000000000000000000000000000000000000000000000000000000000000000000000000000000000000000000000000000000000000000000000000000000000000000000000000000000000000000000000000000000000000000000000000000000000000000000000000000000000000000
310
00000000000000000000000000000000000000000000000000000000000000000000000000000000000000000000000000000000000000000000000000000000000000000000000000000000000000000000000000000000000007070707000700000700000007000007000007070000000000000000000000000000000000
310
00000000000000000000000000000000000000000000000000000000000000000000000000000000000000000000000000000000000000070707000007000007000000070000070000070000000700000700000700000700000007000700000007000007000000070000070000070000070000070007000000000000000000
310
00000000000000000000000000000000000000000000000000000000000000000000000000000000000000000000000000000000000007070707070707070707070707070707070707070707070707070707070707070007000000070000070000000000000000000000000000000000000000000000000000000000000000
310
00000000000000000000000000000000000000000000000000000000000000000000000000000000000000000000000000000000000000000000000000000000000000000000000000000000000000000000000000000000000000000000000000000000000000000000000000000000000000000000000000000000000000
310
00000000000000000000000000000000000000000000000000000000000000000000000000000000000000000000000000000000000000000000000000000000000000000000000000000000000000000000000000000000000000000000000007000707070000070000000700000700000700000000000000000000000000
310
00000000000000000000000000000000000000000000000000000000000000000000000000000000000000000000000000000000000000000000000000070700000700000700000007000007000007000000070000070000070000070000000700070000000700000700000007000007000007000007000707000000000000
310
00000000000000000000000000000000000000000000000000000000000000000000000000000000000000000000000000000000070707070707000007000007000007000000070000070000070000070000070000070000000707070707070707000007000007000000000000000000000000000000000000000000000000
310
00000000000000000000000000000000000000000000000000000000000000000000000000000000000000000000000000000000000000000000000000000000000000000000000000000000000000000000000000000000000000000000000000000000000000000000000000000000000000000000000000000000000000
310
00000000000000000000000000000000000000000000000000000000000000000000000000000000000000000000000000000000000000000000000000000000000000000000000000000000000000000000000000000000000000000000000000000000000000000007070707000000070000070007000000000000000000
310
00000000000000000000000000000000000000000000000000000000000000000000000000000000000000000000000000000000000000000000000000000000000000070700070000070000000700000700000700000007000007000007000007000000070007000000070000070000000700000700000700000700000000
310
00000000000000000000000000000000000000000000000000000000000000000000000000000000000000000000000000000007070707070000000000070000000700000700000700000007000007000007000007000007000007000000070000070000070707070707070700000700000007000000000000000000000000
310
00000000000000000000000000000000000000000000000000000000000000000000000000000000000000000000000000000000000000000000000000000000000000000000000000000000000000000000000000000000000000000000000000000000000000000000000000000000000000000000000000000000000000
310
00000000000000000000000000000000000000000000000000000000000000000000000000000000000000000000000000000000000000000000000000000000000000000000000000000000000000000000000000000000000000000000000000000000000000000000000000000000000707070007000007070000000000
310
00000000000000000000000000000000000000000000000000000000000000000000000000000000000000000000000000000000000000000000000000000000000000000000000000070707000007000000070000070000070000000700000700000700000700000007000700000007000007000000070000070000070700
310
00000000000000000000000000000000000000000000000000000000000000000000000000000000000000000000000000000000000707000000000007000007000007000000070000070000070000000700000700000700000700000700000700000007000007000000070000070007070707070700000700000000000000
310
00000000000000000000000000000000000000000000000000000000000000000000000000000000000000000000000000000000000000000000000000000000000000000000000000000000000000000000000000000000000000000000000000000000000000000000000000000000000000000000000000000000000000
310
00000000000000000000000000000000000000000000000000000000000000000000000000000000000000000000000000000000000000000000000000000000000000000000000000000000000000000000000000000000000000000000000000000000000000000000000000000000000000000000000007070707000700
310
00000000000000000000000000000000000000000000000000000000000000000000000000000000000000000000000000000000000000000000000000000000000000000000000000000000000000070700000700000007000007000007000000070000070000070000070000000700070000000700000700000007000007
310
07000000000000000000000000000000000000000000000000000000000000000000000000000000000000000000000000000000000000070700000000070000000700000700000700000007000007000007000000070000070000070000070000070000070000000700000700000007000007000007000007070707070000
310
07000000000000000000000000000000000000000000000000000000000000000000000000000000000000000000000000000000000000000000000000000000000000000000000000000000000000000000000000000000000000000000000000000000000000000000000000000000000000000000000000000000000000
310
00000000000000000000000000000000000000000000000000000000000000000000000000000000000000000000000000000000000000000000000000000000000000000000000000000000000000000000000000000000000000000000000000000000000000000000000000000000000000000000000000000000000000
310
00070700000000000000000000000000000000000000000000000000000000000000000000000000000000000000000000000000000000000000000000000000000000000000000000000000000000000000000000070700070000000700000700000700000007000007000007000007000000070007000000070000070007
310
07070700000000000000000000000000000000000000000000000000000000000000000000000000000000000000000000000000000000000007070000000007000007000000070000070000070000000700000700000700000007000007000007000007000007000007000000070000070000000700000700000700000700
310
00000707000700000000000000000000000000000000000000000000000000000000000000000000000000000000000000000000000000000000000000000000000000000000000000000000000000000000000000000000000000000000000000000000000000000000000000000000000000000000000000000000000000
310
00000000000000000000000000000000000000000000000000000000000000000000000000000000000000000000000000000000000000000000000000000000000000000000000000000000000000000000000000000000000000000000000000000000000000000000000000000000000000000000000000000000000000
310
00000000000000000000000000000000000000000000000000000000000000000000000000000000000000000000000000000000000000000000000000000000000000000000000000000000000000000000000000000000000000070707070000070000070000070000000700000700000700000700000007000700000007
310
07070700000000000000000000000000000000000000000000000000000000000000000000000000000000000000000000000000000000000000000707000000070000000700000700000007000007000007000000070000070000070000000700000700000700000700000700000700000007000007000000070000070000
310
07000007000000070707070000000000000000000000000000000000000000000000000000000000000000000000000000000000000000000000000000000000000000000000000000000000000000000000000000000000000000000000000000000000000000000000000000000000000000000000000000000000000000
310
00000000000000000000000000000000000000000000000000000000000000000000000000000000000000000000000000000000000000000000000000000000000000000000000000000000000000000000000000000000000000000000000000000000000000000000000000000000000000000000000000000000000000
310
00000000000000000000000000000000000000000000000000000000000000000000000000000000000000000000000000000000000000000000000000000000000000000000000000000000000000000000000000000000000000000000000000000707070707000007000007000000070000070000070000070000000700
310
07070707070000000000000000000000000000000000000000000000000000000000000000000000000000000000000000000000000000000000000000070700000007000007000000070000070000000700000700000700000007000007000007000000070000070000070000070000070000070000000700000700000007
310
00000700000700000700000007000707000007000000000000000000000000000000000000000000000000000000000000000000000000000000000000000000000000000000000000000000000000000000000000000000000000000000000000000000000000000000000000000000000000000000000000000000000000
310
00000000000000000000000000000000000000000000000000000000000000000000000000000000000000000000000000000000000000000000000000000000000000000000000000000000000000000000000000000000000000000000000000000000000000000000000000000000000000000000000000000000000000
310
00000000000000000000000000000000000000000000000000000000000000000000000000000000000000000000000000000000000000000000000000000000000000000000000000000000000000000000000000000000000000000000000000000000000000000000000707070707000700000007000007000707070707
310
07070707000700000000000000000000000000000000000000000000000000000000000000000000000000000000000000000000000000000000000000000007070000000700000700000700000007000007000000070000070000070000000700000700000700000007000007000007000007000007000007000000070000
310
07000000070000070000070000070000000700000707000700000000000000000000000000000000000000000000000000000000000000000000000000000000000000000000000000000000000000000000000000000000000000000000000000000000000000000000000000000000000000000000000000000000000000
310
00000000000000000000000000000000000000000000000000000000000000000000000000000000000000000000000000000000000000000000000000000000000000000000000000000000000000000000000000000000000000000000000000000000000000000000000000000000000000000000000000000000000000
310
00000000000000000000000000000000000000000000000000000000000000000000000000000000000000000000000000000000000000000000000000000000000000000000000000000000000000000000000000000000000000000000000000000000000000000000000000000000000000070707070707070707070700
310
00070000070000000000000000000000000000000000000000000000000000000000000000000000000000000000000000000000000000000000000000000000000707000000070000070000070000070000000700000700000007000007000007000000070000070000070000000700000700000700000700000700000700
310
00000700000700000007000007000007000007000000070000070700070000000000000000000000000000000000000000000000000000000000000000000000000000000000000000000000000000000000000000000000000000000000000000000000000000000000000000000000000000000000000000000000000000
310
00000000000000000000000000000000000000000000000000000000000000000000000000000000000000000000000000000000000000000000000000000000000000000000000000000000000000000000000000000000000000000000000000000000000000000000000000000000000000000000000000000000000000
310
00000000000000000000000000000000000000000000000000000000000000000000000000000000000000000000000000000000000000000000000000000000000000000000000000000000000000000000000000000000000000000000000000000000000000000000000000000000000000000000000000000000000000
310
00000000000000000000000000000000000000000000000000000000000000000000000000000000000000000000000000000000000000000000000000000000000000000007000007000007000007000007000007000000070000070000000700000700000700000007000007000007000000070000070000070000070000
310
07000007000000070000070000000700000700000700000707000700000007070707000000000000000000000000000000000000000000000000000000000000000000000000000000000000000000000000000000000000000000000000000000000000000000000000000000000000000000000000000000000000000000
310
00000000000000000000000000000000000000000000000000000000000000000000000000000000000000000000000000070707000000000000000000000000000000000000000000000000000000000000000000000000000000000000000000000000000000000000000000000000000000000000000000000000000000
310
00000000000000000000000000000000000000000000000000000000000000000000000000000000000000000000000000000000000000000000000000000000000000000000000000000000000000000000000000000000000000000000000000000000000000000000000000000000000000000000000000000000000000
310
00000000000000000000000000000000000000000000000000000000000000000000000000000000000000000000000000000000000000000000000000000000000000000000000007000000000700000700000700000700000700000007000007000000070000070000070000000700000700000700000007000007000007
310
00000700000700000700000007000007000000070000070000070000000700070000000700070700000000000000000000000000000000000000000000000000000000000000000000000000000000000000000000000000000000000000000000000000000000000000000000000000000000000000000000000000000000
310
00000000000000000000000000000000000000000000000000000000000000000000000000000000000000000000000000000000070007000707070707070000000000000000000000000000000000000000000000000000000000000000000000000000000000000000000000000000000000000000000000000000000000
310
00000000000000000000000000000000000000000000000000000000000000000000000000000000000000000000000000000000000000000000000000000000000000000000000000000000000000000000000000000000000000000000000000000000000000000000000000000000000000000000000000000000000000
310
00000000000000000000000000000000000000000000000000000000000000000000000000000000000000000000000000000000000000000000000000000000000000000000000000000000070007000000070000070000070000070000070000000700000700000007000007000007000000070000070000070000000700
310
00070000070000070000070000070000000700000707000007000007000007000000070007000000070007070000000000000000000000000000000000000000000000000000000000000000000000000000000000000000000000000000000000000000000000000000000000000000000000000000000000000000000000
310
00000000000000000000000000000000000000000000000000000000000000000000000000000000000000000000000000000000000000070000000700070000000707070707070000000000000000000000000000000000000000000000000000000000000000000000000000000000000000000000000000000000000000
310
00000000000000000000000000000000000000000000000000000000000000000000000000000000000000000000000000000000000000000000000000000000000000000000000000000000000000000000000000000000000000000000000000000000000000000000000000000000000000000000000000000000000000
310
00000000000000000000000000000000000000000000000000000000000000000000000000000000000000000000000000000000000000000000000000000000000000000000000000000000000000070000000700000007000007000007000007000007000000070000070000000700000700000700000007000007000007
310
00000007000007000007000007070007000007070000070000000700000700000700000700000007000700000007070000000000000000000000000000000000000000000000000000000000000000000000000000000000000000000000000000000000000000000000000000000000000000000000000000000000000000
310
00000000000000000000000000000000000000000000000000000000000000000000000000000000000000000000000000000000000000000007070007000000070007000000070000070007070707070700000000000000000000000000000000000000000000000000000000000000000000000000000000000000000000
310
00000000000000000000000000000000000000000000000000000000000000000000000000000000000000000000000000000000000000000000000000000000000000000000000000000000000000000000000000000000000000000000000000000000000000000000000000000000000000000000000000000000000000
310
00000000000000000000000000000000000000000000000000000000000000000000000000000000000000000000000000000000000000000000000000000000000000000000000000000000000000000000000700070000070000000700000700000700000700000700000007000007000000070000070000070000000700
310
00070000070000000700000700000700000007000700000007000007000000070000070000070000070000000700070000000707000000000000000000000000000000000000000000000000000000000000000000000000000000000000000000000000000000000000000000000000000000000000000000000000000000
310
00000000000000000000000000000000000000000000000000000000000000000000000000000000000000000000000000000000000000000000000000070700000700000007000700000007000007000007000007070707070700000000000000000000000000000000000000000000000000000000000000000000000000
310
00000000000000000000000000000000000000000000000000000000000000000000000000000000000000000000000000000000000000000000000000000000000000000000000000000000000000000000000000000000000000000000000000000000000000000000000000000000000000000000000000000000000000
310
00000000000000000000000000000000000000000000000000000000000000000000000000000000000000000000000000000000000000000000000000000000000000000000000000000000000000000000000000000000070007000007000000070000070000070000070000070000000700000700000007000007000007
310
00000007000007000007000007000007000000070000000700070000000700000700000007000007000007000007000000070007000000070000000000000000000000000000000000000000000000000000000000000000000000000000000000000000000000000000000000000000000000000000000000000000000000
310
00000000000000000000000000000000000000000000000000000000000000000000000000000000000000000000000000000000000000000000000000000007070000070000070000000700070000000700000700000700000700000007070707070700000000000000000000000000000000000000000000000000000000
310
00000000000000000000000000000000000000000000000000000000000000000000000000000000000000000000000000000000000000000000000000000000000000000000000000000000000000000000000000000000000000000000000000000000000000000000000000000000000000000000000000000000000000
310
00000000000000000000000000000000000000000000000000000000000000000000000000000000000000000000000000000000000000000000000000000000000000000000000000000000000000000000000000000000000000000700000700000700000007000007000007000007000007000000070000070000000700
310
00070000070000000700000700000700000700000700000007000000070007000000070000070000000700000700000700000700000007000700000007000000000000000000000000000000000000000000000000000000000000000000000000000000000000000000000000000000000000000000000000000000000000
310
00000000000000000000000000000000000000000000000000000000000000000000000000000000000000000000000000000000000000000000000000000000000000070700000007000007000000070007000000070000070000070000070000000700000700070707070707000000000000000000000000000000000000
310
00000000000000000000000000000000000000000000000000000000000000000000000000000000000000000000000000000000000000000000000000000000000000000000000000000000000000000000000000000000000000000000000000000000000000000000000000000000000000000000000000000000000000
310
00000000000000000000000000000000000000000000000000000000000000000000000000000000000000000000000000000000000000000000000000000000000000000000000000000000000000000000000000000000000000000000000000070000070000070000000700000700000700000700000700000007000007
310
00000700000007000007000000070000070000070000070000070000000700000007000700000007000007000000070000070000070000070000000700070000070000000000000000000000000000000000000000000000000000000000000000000000000000000000000000000000000000000000000000000000000000
310
00000000000000000000000000000000000000000000000000000000000000000000000000000000000000000000000000000000000000000000000000000000000000000007070000070000000700000700000007000700000007000007000007000007000000070000070000070000070707070707000000000000000000
310
00000000000000000000000000000000000000000000000000000000000000000000000000000000000000000000000000000000000000000000000000000000000000000000000000000000000000000000000000000000000000000000000000000000000000000000000000000000000000000000000000000000000000
310
00000000000000000000000000000000000000000000000000000000000000000000000000000000000000000000000000000000000000000000000000000000000000000000000000000000000000000000000000000000000000000000000000000000000707000007000007000000070000070000070000070000070700
310
00070000070000070000000700000700000007000007000007000007000007000000070000000700070000000700000700000007000007000007000007000000070007000700000000000000000000000000000000000000000000000000000000000000000000000000000000000000000000000000000000000000000000
310
00000000000000000000000000000000000000000000000000000000000000000000000000000000000000000000000000000000000000000000000000000000000000000000000007000007000007000000070000070000000700070000000700000700000700000700000007000007000007000007000000070707070707
310
07000000000000000000000000000000000000000000000000000000000000000000000000000000000000000000000000000000000000000000000000000000000000000000000000000000000000000000000000000000000000000000000000000000000000000000000000000000000000000000000000000000000000
310
00000000000000000000000000000000000000000000000000000000000000000000000000000000000000000000000000000000000000000000000000000000000000000000000000000000000000000000000000000000000000000000000000000000000000000000070700000700000700000007000007000007000007
310
00000007000007000007000007000000070000070000000700000700000700000700000700000007000000070007000000070000070000000700000700000700000700000007000700000000000000000000000000000000000000000000000000000000000000000000000000000000000000000000000000000000000000
310
00000000000000000000000000000000000000000000000000000000000000000000000000000000000000000000000000000000000000000000000000000000000000000000000000000007000700000700000700000007000007000000070007000000070000070000070000070000000700000700000700000700000007
310
00000700000707070707000000000000000000000000000000000000000000000000000000000000000000000000000000000000000000000000000000000000000000000000000000000000000000000000000000000000000000000000000000000000000000000000000000000000000000000000000000000000000000
310
00000000000000000000000000000000000000000000000000000000000000000000000000000000000000000000000000000000000000000000000000000000000000000000000000000000000000000000000000000000000000000000000000000000000000000000000000000007070000070700070000000700000700
310
00070000070000000700000700000700000700000007000007000000070000070000070000070000070000000700000007000700000007000007000000070000070000070000070000000007000000000000000000000000000000000000000000000000000000000000000000000000000000000000000000000000000000
310
00000000000000000000000000000000000000000000000000000000000000000000000000000000000000000000000000000000000000000000000000000000000000000000000000000000000007000000070000070000070000000700000700000007000700000007000007000007000007000000070000070000070000
310
07000000070000070000070000070707070707070000000000000000000000000000000000000000000000000000000000000000000000000000000000000000000000000000000000000000000000000000000000000000000000000000000000000000000000000000000000000000000000000000000000000000000000
310
00000000000000000000000000000000000000000000000000000000000000000000000000000000000000000000000000000000000000000000000000000000000000000000000000000000000000000000000000000000000000000000000000000000000000000000000000000000000707000707000000070007000000
310
07000007000007000007000000070000070000070000070000000700000700000007000007000007000007000007000000070000000700070000000700000700000007000007000007000007000007000000000000000000000000000000000000000000000000000000000000000000000000000000000000000000000000
310
00000000000000000000000000000000000000000000000000000000000000000000000000000000000000000000000000000000000000000000000000000000000000000000000000000000000000000007000700000007000007000007000000070000070000000700070000000700000700000700000700000007000007
310
00000700000700000007000007000007000007000000000707070707070000000000000000000000000000000000000000000000000000000000000000000000000000000000000000000000000000000000000000000000000000000000000000000000000000000000000000000000000000000000000000000000000000
310
00000000000000000000000000000000000000000000000000000000000000000000000000000000000000000000000000000000000000000000000000000000000000000000000000000000000000000000000000000000000000000000000000000000000000000000000000000000000000000000000000000700000007
310
00070000000700000700000700000700000007000007000007000007000000070000070000000700000700000700000700000700000007000000070007000000070000070000000700000700000700000707000000000000000000000000000000000000000000000000000000000000000000000000000000000000000000
310
00000000000000000000000000000000000000000000000000000000000000000000000000000000000000000000000000000000000000000000000000000000000000000000000000000000000000000000000007000700070000000700000700000700000007000007000000070007000000070000070000070000070000
310
00070000070000070000070000000700000700000700000700000000070000070007070707070700000000000000000000000000000000000000000000000000000000000000000000000000000000000000000000000000000000000000000000000000000000000000000000000000000000000000000000000000000000
310
00000000000000000000000000000000000000000000000000000000000000000000000000000000000000000000000000000000000000000000000000000000000000000000000000000000000000000000000000000000000000000000000000000000000000000000000000000000000000000000000000000000000000
310
07070000070007000000070000070000070000070000000700000700000700000700000007000007000000070000070000070000070000070000000700000007000700000007000007000000070000070000000700000000000000000000000000000000000000000000000000000000000000000000000000000000000000
310
00000000000000000000000000000000000000000000000000000000000000000000000000000000000000000000000000000000000000000000000000000000000000000000000000000000000000000000000000000007000000070007000000070000070000070000000700000700000007000700000007000007000007
310
00000700000007000007000007000007000000070000070000070000070000000007000007000007000007070707070700000000000000000000000000000000000000000000000000000000000000000000000000000000000000000000000000000000000000000000000000000000000000000000000000000000000000
310
00000000000000000000000000000000000000000000000000000000000000000000000000000000000000000000000000000000000000000000000000000000000000000000000000000000000000000000000000000000000000000000000000000000000000000000000000000000000000000000000000000000000000
310
00000000000707070007000700000007000007000007000007000000070000070000070000070000000700000700000007000007000007000007000007000000070000000700070000000700000700000007000000070700000000000000000000000000000000000000000000000000000000000000000000000000000000
310
00000000000000000000000000000000000000000000000000000000000000000000000000000000000000000000000000000000000000000000000000000000000000000000000000000000000000000000000000000000000707000700000007000700000007000007000007000000070000070000000700070000000700
310
00070000070000070000000700000700000700000700000007000007000007000007000000000700000700000700000700000007070707070707000000000000000000000000000000000000000000000000000000000000000000000000000000000000000000000000000000000000000000000000000000000000000000
310
00000000000000000000000000000000000000000000000000000000000000000000000000000000000000000000000000000000000000000000000000000000000000000000000000000000000000000000000000000000000000000000000000000000000000000000000000000000000000000000000000000000000000
310
00000000000000000000070007070700070000000700000700000700000700000007000007000007000007000000070000070000000700000700000700000700000700000007000000070007000000070000070000000007070000000000000000000000000000000000000000000000000000000000000000000000000000
310
00000000000000000000000000000000000000000000000000000000000000000000000000000000000000000000000000000000000000000000000000000000000000000000000000000000000000000000000000000000000000000007070000070000000700070000000700000700000700000007000007000000070007
310
00000007000007000007000007000000070000070000070000070000000700000700000700000700000000070000070000070000070000000700000700000707070707000000000000000000000000000000000000000000000000000000000000000000000000000000000000000000000000000000000000000000000000
310
00000000000000000000000000000000000000000000000000000000000000000000000000000000000000000000000000000000000000000000000000000000000000000000000000000000000000000000000000000000000000000000000000000000000000000000000000000000000000000000000000000000000000
310
00000000000000000000000000000007000000070707000000070000070000070000070000000700000700000700000700000007000007000000070000070000070000070000070000000700000007000700000007000000070707000000000000000000000000000000000000000000000000000000000000000000000000
310
00000000000000000000000000000000000000000000000000000000000000000000000000000000000000000000000000000000000000000000000000000000000000000000000000000000000000000000000000000000000000000000000007000007000007000000070007000000070000070000070000000700000700
310
00000700070000000700000700000700000700000007000007000007000007000000070000070000070000070000000007000007000007000007000000070000070000070000070707070707000000000000000000000000000000000000000000000000000000000000000000000000000000000000000000000000000000
310
00000000000000000000000000000000000000000000000000000000000000000000000000000000000000000000000000000000000000000000000000000000000000000000000000000000000000000000000000000000000000000000000000000000000000000000000000000000000000000000000000000000000000
310
00000000000000000000000000000000000000000000000007000707070707000007000007000007000000070000070000070000070000000700000700000007000007000007000007000007000000070000000700070000000707070000000000000000000000000000000000000000000000000000000000000000000000
310
00000000000000000000000000000000000000000000000000000000000000000000000000000000000000000000000000000000000000000000000000000000000000000000000000000000000000000000000000000000000000000000000000000007000700000700000700000007000700000007000007000007000000
310
07000007000000070007000000070000070000070000070000000700000700000700000700000007000007000007000007000000000700000700000700000700000007000007000007000007000000070707070707070000000000000000000000000000000000000000000000000000000000000000000000000000000000
310
00000000000000000000000000000000000000000000000000000000000000000000000000000000000000000000000000000000000000000000000000000000000000000000000000000000000000000000000000000000000000000000000000000000000000000000000000000000000000000000000000000000000000
310
00000000000000000000000000000000000000000000000000000000000000070000070707070700000700000700000007000007000007000007000000070000070000000700000700000700000700000700000007000000000707070700000000000000000000000000000000000000000000000000000000000000000000
310
00000000000000000000000000000000000000000000000000000000000000000000000000000000000000000000000000000000000000000000000000000000000000000000000000000000000000000000000000000000000000000000000000000000000007000000070000070000070000000700070000000700000700
310
00070000000700000700000007000700000007000007000007000007000000070000070000070000070000000700000700000700000700000000070000070000070000070000000700000700000700000700000007000007000007070707070000000000000000000000000000000000000000000000000000000000000000
310
00000000000000000000000000000000000000000000000000000000000000000000000000000000000000000000000000000000000000000000000000000000000000000000000000000000000000000000000000000000000000000000000000000000000000000000000000000000000000000000000000000000000000
310
00000000000000000000000000000000000000000000000000000000000000000000000007000000070007070707070700070000000700000700000700000700000007000007000000070000070000070000070000070007070707070700000000000000000000000000000000000000000000000000000000000000000000
310
00000000000000000000000000000000000000000000000000000000000000000000000000000000000000000000000000000000000000000000000000000000000000000000000000000000000000000000000000000000000000000000000000000000000000000707000700000007000007000007000000070007000000
310
07000007000007000000070000070000000700070000000700000700000700000700000007000007000007000007000000070000070000070000070000000007000007000007000007000000070000070000070000070000000700000700000700000707070707070700000000000000000000000000000000000000000000
310
00000000000000000000000000000000000000000000000000000000000000000000000000000000000000000000000000000000000000000000000000000000000000000000000000000000000000000000000000000000000000000000000000000000000000000000000000000000000000000000000000000000000000
310
00000000000000000000000000000000000000000000000000000000000000000000000000000000000000000000000007000007070707070707070000070000070000070000000700000700000007000007070707070707070707000000000000000000000000000000000000000000000000000000000000000000000000
310
00000000000000000000000000000000000000000000000000000000000000000000000000000000000000000000000000000000000000000000000000000000000000000000000000000000000000000000000000000000000000000000000000000000000000000000000707070000070000000700000700000700000007
310
00070000000700000700000700000007000007000000070007000000070000070000070000070000000700000700000700000700000007000007000007000007000000000700000700000700000700000007000007000007000007000000070000070000070000070000000700070707000000000000000000000000000000
310
00000000000000000000000000000000000000000000000000000000000000000000000000000000000000000000000000000000000000000000000000000000000000000000000000000000000000000000000000000000000000000000000000000000000000000000000000000000000000000000000000000000000000
310
00000000000000000000000000000000000000000000000000000000000000000000000000000000000000000000000000000000000000000000000700000707070707070707070707070707070707070707070707070000000000000000000000000000000000000000000000000000000000000000000000000000000000
310
00000000000000000000000000000000000000000000000000000000000000000000000000000000000000000000000000000000000000000000000000000000000000000000000000000000000000000000000000000000000000000000000000000000000000000000000000000700000007000007000000070000070000
310
07000000070007000000070000070000070000000700000700000007000700000007000007000007000007000000070000070000070000070000000700000700000700000700000000070000070000070000070000000700000700000700000700000007000007000007000007000000070000070000000000000000000000
310
00000000000000000000000000000000000000000000000000000000000000000000000000000000000000000000000000000000000000000000000000000000000000000000000000000000000000000000000000000000000000000000000000000000000000000000000000000000000000000000000000000000000000
310
00000000000000000000000000000000000000000000000000000000000000000000000000000000000000000000000000000000000000000000000000000000000000000000000000000000000000000000000000000000000000000000000000000000000000000000000000000000000000000000000000000000000000
310
00000000000000000000000000000000000000000000000000000000000000000000000000000000000000000000000000000000000000000000000000000000000000000000000000000000000000000000000000000000000000000000000000000000000000000000000000000000000700070000000700000700000007
310
00000700000700000007000700000007000007000007000000070000070000000700070000000700000700000700000700000007000007000007000007000000070000070000070000070000000007000007000007000007000000070000070000070000070000000700000700000700000700000007000700000000000000
310
00000000000000000000000000000000000000000000000000000000000000000000000000000000000000000000000000000000000000000000000000000000000000000000000000000000000000000000000000000000000000000000000000000000000000000000000000000000000000000000000000000000000000
310
00000000000000000000000000000000000000000000000000000000000000000000000000000000000000000000000000000000000000000000000000000000000000000000000000000000000000000000000000000000000000000000000000000000000000000000000000000000000000000000000000000000000000
310
00000000000000000000000000000000000000000000000000000000000000000000000000000000000000000000000000000000000000000000000000000000000000000000000000000000000000000000000000000000000000000000000000000000000000000000000000000000000000000700070007000000070000
310
07000000070000070000070000000700070000000700000700000700000007000007000000070007000000070000070000070000070000000700000700000700000700000007000007000007000007000000000700000700000700000700000007000007000007000007000000070000070000070000070000000700070000
310
00000000000000000000000000000000000000000000000000000000000000000000000000000000000000000000000000000000000000000000000000000000000000000000000000000000000000000000000000000000000000000000000000000000000000000000000000000000000000000000000000000000000000
310
00000000000000000000000000000000000000000000000000000000000000000000000000000000000000000000000000000000000000000000000000000000000000000000000000000000000000000000000000000000000000000000000000000000000000000000000000000000000000000000000000000000000000
310
00000000000000000000000000000000000000000000000000000000000000000000000000000000000000000000000000000000000000000000000000000000000000000000000000000000000000000000000000000000000000000000000000000000000000000000000000000000000000000000000700000007000700
310
00000700000700000007000007000007000000070007000000070000070000070000000700000700000007000700000007000007000007000007000000070000070000070000070000000700000700000700000700000000070000070000070000070000000700000700000700000700000007000007000007000007000000
310
07070000000000000000000000000000000000000000000000000000000000000000000000000000000000000000000000000000000000000000000000000000000000000000000000000000000000000000000000000000000000000000000000000000000000000000000000000000000000000000000000000000000000
310
00000000000000000000000000000000000000000000000000000000000000000000000000000000000000000000000000000000000000000000000000000000000000000000000000000000000000000000000000000000000000000000000000000000000000000000000000000000000000000000000000000000000000
310
00000000000000000000000000000000000000000000000000000000000000000000000000000000000000000000000000000000000000000000000000000000000000000000000000000000000000000000000000000000000000000000000000000000000000000000000000000000000000000000000000000700070000
310
00070007000000070000070000000700000700000700000007000700000007000007000007000000070000070000000700070000000700000700000700000700000007000007000007000007000000070000070000070000070000000007000007000007000007000000070000070000070000070000000700000700000700
310
00070000000700000000000000000000000000000000000000000000000000000000000000000000000000000000000000000000000000000000000000000000000000000000000000000000000000000000000000000000000000000000000000000000000000000000000000000000000000000000000000000000000000
310
00000000000000000000000000000000000000000000000000000000000000000000000000000000000000000000000000000000000000000000000000000000000000000000000000000000000000000000000000000000000000000000000000000000000000000000000000000000000000000000000000000000000000
310
00000000000000000000000000000000000000000000000000000000000000000000000000000000000000000000000000000000000000000000000000000000000000000000000000000000000000000000000000000000000000000000000000000000000000000000000000000000000000000000000000000000000700
310
00000700000007000700000007000007000000070000070000070000000700070000000700000700000700000007000007000000070007000000070000070000070000070000000700000700000700000700000007000007000007000007000000000700000700000700000700000007000007000007000007000000070000
310
07000007000007000007000000000000000000000000000000000000000000000000000000000000000000000000000000000000000000000000000000000000000000000000000000000000000000000000000000000000000000000000000000000000000000000000000000000000000000000000000000000000000000
310
00000000000000000000000000000000000000000000000000000000000000000000000000000000000000000000000000000000000000000000000000000000000000000000000000000000000000000000000000000000000000000000000000000000000000000000000000000000000000000000000000000000000000
310
00000000000000000000000000000000000000000000000000000000000000000000000000000000000000000000000000000000000000000000000000000000000000000000000000000000000000000000000000000000000000000000000000000000000000000000000000000000000000000000000000000000000000
310
00070007000000070000000700070000000700000700000007000007000007000000070007000000070000070000070000000700000700000007000700000007000007000007000007000000070000070000070000070000000700000700000700000700000000070000070000070000070000000700000700000700000700
310
00000700000700000700000700070000000000000000000000000000000000000000000000000000000000000000000000000000000000000000000000000000000000000000000000000000000000000000000000000000000000000000000000000000000000000000000000000000000000000000000000000000000000
310
00000000000000000000000000000000000000000000000000000000000000000000000000000000000000000000000000000000000000000000000000000000000000000000000000000000000000000000000000000000000000000000000000000000000000000000000000000000000000000000000000000000000000
310
00000000000000000000000000000000000000000000000000000000000000000000000000000000000000000000000000000000000000000000000000000000000000000000000000000000000000000000000000000000000000000000000000000000000000000000000000000000000000000000000000000000000000
310
00000000070007000700000007000000070007000000070000070000000700000700000700000007000700000007000007000007000000070000070000000700070000000700000700000700000700000007000007000007000007000000070000070000070000070000000007000007000007000007000000070000070000
310
07000007000000070000070000070000070700000000000000000000000000000000000000000000000000000000000000000000000000000000000000000000000000000000000000000000000000000000000000000000000000000000000000000000000000000000000000000000000000000000000000000000000000
310
00000000000000000000000000000000000000000000000000000000000000000000000000000000000000000000000000000000000000000000000000000000000000000000000000000000000000000000000000000000000000000000000000000000000000000000000000000000000000000000000000000000000000
310
00000000000000000000000000000000000000000000000000000000000000000000000000000000000000000000000000000000000000000000000000000000000000000000000000000000000000000000000000000000000000000000000000000000000000000000000000000000000000000000000000000000000000
310
00000000000000070000000700070000000700000007000700000007000007000000070000070000070000000700070000000700000700000700000007000007000000070007000000070000070000070000070000000700000700000700000700000007000007000007000007000000000700000700000700000700000007
310
00000700000700000700000007000007000007000007070000000000000000000000000000000000000000000000000000000000000000000000000000000000000000000000000000000000000000000000000000000000000000000000000000000000000000000000000000000000000000000000000000000000000000
310
00000000000000000000000000000000000000000000000000000000000000000000000000000000000000000000000000000000000000000000000000000000000000000000000000000000000000000000000000000000000000000000000000000000000000000000000000000000000000000000000000000000000000
310
00000000000000000000000000000000000000000000000000000000000000000000000000000000000000000000000000000000000000000000000000000000000000000000000000000000000000000000000000000000000000000000000000000000000000000000000000000000000000000000000000000000000000
310
00000000000000000007070007000000070007000000070000000700070000000700000700000007000007000007000000070007000000070000070000070000000700000700000007000700000007000007000007000007000000070000070000070000070000000700000700000700000700000000070000070000070000
310
07000000070000070000070000070000000700000700000700000700000000000000000000000000000000000000000000000000000000000000000000000000000000000000000000000000000000000000000000000000000000000000000000000000000000000000000000000000000000000000000000000000000000
310
00000000000000000000000000000000000000000000000000000000000000000000000000000000000000000000000000000000000000000000000000000000000000000000000000000000000000000000000000000000000000000000000000000000000000000000000000000000000000000000000000000000000000
310
00000000000000000000000000000000000000000000000000000000000000000000000000000000000000000000000000000000000000000000000000000000000000000000000000000000000000000000000000000000000000000000000000000000000000000000000000000000000000000000000000000000000000
310
00000000000000000000000000070700000700000007000700000007000000070007000000070000070000000700000700000700000007000700000007000007000007000000070000070000000700070000000700000700000700000700000007000007000007000007000000070000070000070000070000000007000007
310
00000700000700000007000007000007000007000000070000070000070007000000000000000000000000000000000000000000000000000000000000000000000000000000000000000000000000000000000000000000000000000000000000000000000000000000000000000000000000000000000000000000000000
310
00000000000000000000000000000000000000000000000000000000000000000000000000000000000000000000000000000000000000000000000000000000000000000000000000000000000000000000000000000000000000000000000000000000000000000000000000000000000000000000000000000000000000
310
00000000000000000000000000000000000000000000000000000000000000000000000000000000000000000000000000000000000000000000000000000000000000000000000000000000000000000000000000000000000000000000000000000000000000000000000000000000000000000000000000000000000000
310
00000000000000000000000000000007070000070000070000000700070000000700000007000700000007000007000000070000070000070000000700070000000700000700000700000007000007000000070007000000070000070000070000070000000700000700000700000700000007000007000007000007000000
310
00070000070000070000070000000700000700000700000700000007000007000007070000000000000000000000000000000000000000000000000000000000000000000000000000000000000000000000000000000000000000000000000000000000000000000000000000000000000000000000000000000000000000
310
00000000000000000000000000000000000000000000000000000000000000000000000000000000000000000000000000000000000000000000000000000000000000000000000000000000000000000000000000000000000000000000000000000000000000000000000000000000000000000000000000000000000000
310
00000000000000000000000000000000000000000000000000000000000000000000000000000000000000000000000000000000000000000000000000000000000000000000000000000000000000000000000000000000000000000000000000000000000000000000000000000000000000000000000000000000000000
310
00000000000000000000000000000000000007070700000007000007000000070007000000070000000700070000000700000700000007000007000007000000070007000000070000070000070000000700000700000007000700000007000007000007000007000000070000070000070000070000000700000700000700
310
00070000000007000007000007000007000000070000070000070000070000000700000700000700000000000000000000000000000000000000000000000000000000000000000000000000000000000000000000000000000000000000000000000000000000000000000000000000000000000000000000000000000000
310
00000000000000000000000000000000000000000000000000000000000000000000000000000000000000000000000000000000000000000000000000000000000000000000000000000000000000000000000000000000000000000000000000000000000000000000000000000000000000000000000000000000000000
310
00000000000000000000000000000000000000000000000000000000000000000000000000000000000000000000000000000000000000000000000000000000000000000000000000000000000000000000000000000000000000000000000000000000000000000000000000000000000000000000000000000000000000
310
00000000000000000000000000000000000000000007070700070000000700000700000007000700000007000000070007000000070000070000000700000700000700000007000700000007000007000007000000070000070000000700070000000700000700000700000700000007000007000007000007000000070000
310
07000007000007000000000700000700000700000700000007000007000007000007000000070000070000070000000000000000000000000000000000000000000000000000000000000000000000000000000000000000000000000000000000000000000000000000000000000000000000000000000000000000000000
310
00000000000000000000000000000000000000000000000000000000000000000000000000000000000000000000000000000000000000000000000000000000000000000000000000000000000000000000000000000000000000000000000000000000000000000000000000000000000000000000000000000000000000
310
00000000000000000000000000000000000000000000000000000000000000000000000000000000000000000000000000000000000000000000000000000000000000000000000000000000000000000000000000000000000000000000000000000000000000000000000000000000000000000000000000000000000000
310
00000000000000000000000000000000000000000000000007000000070007000000070000070000000700070000000700000007000700000007000007000000070000070000070000000700070000000700000700000700000007000007000000070007000000070000070000070000070000000700000700000700000700
310
00000700000700000700000700000000070000070000070000070000000700000700000700000700000007000007000700000000000000000000000000000000000000000000000000000000000000000000000000000000000000000000000000000000000000000000000000000000000000000000000000000000000000
310
00000000000000000000000000000000000000000000000000000000000000000000000000000000000000000000000000000000000000000000000000000000000000000000000000000000000000000000000000000000000000000000000000000000000000000000000000000000000000000000000000000000000000
310
00000000000000000000000000000000000000000000000000000000000000000000000000000000000000000000000000000000000000000000000000000000000000000000000000000000000000000000000000000000000000000000000000000000000000000000000000000000000000000000000000000000000000
310
00000000000000000000000000000000000000000000000000000007000700000007000700000007000007000000070007000000070000000700070000000700000700000007000007000007000000070007000000070000070000070000000700000700000007000700000007000007000007000007000000070000070000
310
07000007000000070000070000070000070000000007000007000007000007000000070000070000070000070000000700000707000000000000000000000000000000000000000000000000000000000000000000000000000000000000000000000000000000000000000000000000000000000000000000000000000000
310
00000000000000000000000000000000000000000000000000000000000000000000000000000000000000000000000000000000000000000000000000000000000000000000000000000000000000000000000000000000000000000000000000000000000000000000000000000000000000000000000000000000000000
310
00000000000000000000000000000000000000000000000000000000000000000000000000000000000000000000000000000000000000000000000000000000000000000000000000000000000000000000000000000000000000000000000000000000000000000000000000000000000000000000000000000000000000
310
00000000000000000000000000000000000000000000000000000000000007000000070000000700070000000700000700000007000700000007000000070007000000070000070000000700000700000700000007000700000007000007000007000000070000070000000700070000000700000700000700000700000007
310
00000700000700000700000007000007000007000007000000000700000700000700000700000007000007000007000007000000070000070000000000000000000000000000000000000000000000000000000000000000000000000000000000000000000000000000000000000000000000000000000000000000000000
310
00000000000000000000000000000000000000000000000000000000000000000000000000000000000000000000000000000000000000000000000000000000000000000000000000000000000000000000000000000000000000000000000000000000000000000000000000000000000000000000000000000000000000
310
00000000000000000000000000000000000000000000000000000000000000000000000000000000000000000000000000000000000000000000000000000000000000000000000000000000000000000000000000000000000000000000000000000000000000000000000000000000000000000000000000000000000000
310
00000000000000000000000000000000000000000000000000000000000000000007000700000007000000070007000000070000070000000700070000000700000007000700000007000007000000070000070000070000000700070000000700000700000700000007000007000000070007000000070000070000070000
310
07000000070000070000070000070000000700000700000700000700000000070000070000070000070000000700000700000700000700000007000700000000000000000000000000000000000000000000000000000000000000000000000000000000000000000000000000000000000000000000000000000000000000
310
00000000000000000000000000000000000000000000000000000000000000000000000000000000000000000000000000000000000000000000000000000000000000000000000000000000000000000000000000000000000000000000000000000000000000000000000000000000000000000000000000000000000000
310
00000000000000000000000000000000000000000000000000000000000000000000000000000000000000000000000000000000000000000000000000000000000000000000000000000000000000000000000000000000000000000000000000000000000000000000000000000000000000000000000000000000000000
310
00000000000000000000000000000000000000000000000000000000000000000000000007000700070000000700000007000700000007000007000000070007000000070000000700070000000700000700000007000007000007000000070007000000070000070000070000000700000700000007000700000007000007
310
00000700000700000007000007000007000007000000070000070000070000070000000007000007000007000007000000070000070000070000070000000700070000000000000000000000000000000000000000000000000000000000000000000000000000000000000000000000000000000000000000000000000000
310
00000000000000000000000000000000000000000000000000000000000000000000000000000000000000000000000000000000000000000000000000000000000000000000000000000000000000000000000000000000000000000000000000000000000000000000000000000000000000000000000000000000000000
310
00000000000000000000000000000000000000000000000000000000000000000000000000000000000000000000000000000000000000000000000000000000000000000000000000000000000000000000000000000000000000000000000000000000000000000000000000000000000000000000000000000000000000
310
00000000000000000000000000000000000000000000000000000000000000000000000000000007000000070007000000070000000700070000000700000700000007000700000007000000070007000000070000070000000700000700000700000007000700000007000007000007000000070000070000000700070000
310
00070000070000070000070000000700000700000700000700000007000007000007000007000000000700000700000700000700000007000007000007000007000000070700000000000000000000000000000000000000000000000000000000000000000000000000000000000000000000000000000000000000000000
310
00000000000000000000000000000000000000000000000000000000000000000000000000000000000000000000000000000000000000000000000000000000000000000000000000000000000000000000000000000000000000000000000000000000000000000000000000000000000000000000000000000000000000
310
00000000000000000000000000000000000000000000000000000000000000000000000000000000000000000000000000000000000000000000000000000000000000000000000000000000000000000000000000000000000000000000000000000000000000000000000000000000000000000000000000000000000000
310
00000000000000000000000000000000000000000000000000000000000000000000000000000000000707000700000007000700000007000000070007000000070000070000000700070000000700000007000700000007000007000000070000070000070000000700070000000700000700000700000007000007000000
310
07000700000007000007000007000007000000070000070000070000070000000700000700000700000700000000070000070000070000070000000700000700000700000700000007000000000000000000000000000000000000000000000000000000000000000000000000000000000000000000000000000000000000
310
00000000000000000000000000000000000000000000000000000000000000000000000000000000000000000000000000000000000000000000000000000000000000000000000000000000000000000000000000000000000000000000000000000000000000000000000000000000000000000000000000000000000000
310
00000000000000000000000000000000000000000000000000000000000000000000000000000000000000000000000000000000000000000000000000000000000000000000000000000000000000000000000000000000000000000000000000000000000000000000000000000000000000000000000000000000000000
310
00000000000000000000000000000000000000000000000000000000000000000000000000000000000000000007070000070000000700070000000700000007000700000007000007000000070007000000070000000700070000000700000700000007000007000007000000070007000000070000070000070000000700
310
00070000000700070000000700000700000700000700000007000007000007000007000000070000070000070000070000000007000007000007000007000000070000070000070000070000070000000000000000000000000000000000000000000000000000000000000000000000000000000000000000000000000000
310
00000000000000000000000000000000000000000000000000000000000000000000000000000000000000000000000000000000000000000000000000000000000000000000000000000000000000000000000000000000000000000000000000000000000000000000000000000000000000000000000000000000000000
310
00000000000000000000000000000000000000000000000000000000000000000000000000000000000000000000000000000000000000000000000000000000000000000000000000000000000000000000000000000000000000000000000000000000000000000000000000000000000000000000000000000000000000
310
00000000000000000000000000000000000000000000000000000000000000000000000000000000000000000000000007000007000007000000070007000000070000000700070000000700000700000007000700000007000000070007000000070000070000000700000700000700000007000700000007000007000007
310
00000007000007000000070007000000070000070000070000070000000700000700000700000700000007000007000007000007070000000700000700000700000700000007000007000007000007000700000000000000000000000000000000000000000000000000000000000000000000000000000000000000000000
310
00000000000000000000000000000000000000000000000000000000000000000000000000000000000000000000000000000000000000000000000000000000000000000000000000000000000000000000000000000000000000000000000000000000000000000000000000000000000000000000000000000000000000
310
00000000000000000000000000000000000000000000000000000000000000000000000000000000000000000000000000000000000000000000000000000000000000000000000000000000000000000000000000000000000000000000000000000000000000000000000000000000000000000000000000000000000000
310
00000000000000000000000000000000000000000000000000000000000000000000000000000000000000000000000000000707000700000700000700000007000700000007000000070007000000070000070000000700070000000700000007000700000007000007000000070000070000070000000700070000000700
310
00070000070000000700000700000007000700000007000007000007000007000000070000070000070000070000000700000700000700000007000000070000070000070000070000000700000700000700000707000000000000000000000000000000000000000000000000000000000000000000000000000000000000
310
00000000000000000000000000000000000000000000000000000000000000000000000000000000000000000000000000000000000000000000000000000000000000000000000000000000000000000000000000000000000000000000000000000000000000000000000000000000000000000000000000000000000000
310
00000000000000000000000000000000000000000000000000000000000000000000000000000000000000000000000000000000000000000000000000000000000000000000000000000000000000000000000000000000000000000000000000000000000000000000000000000000000000000000000000000000000000
310
00000000000000000000000000000000000000000000000000000000000000000000000000000000000000000000000000000000000007070000070000070000070000000700070000000700000007000700000007000007000000070007000000070000000700070000000700000700000007000007000007000000070007
310
00000007000007000007000000070000070000000700070000000700000700000700000700000007000007000007000007000000070000070000070700000700000007000007000007000007000000070000070000070000070700000000000000000000000000000000000000000000000000000000000000000000000000
310
00000000000000000000000000000000000000000000000000000000000000000000000000000000000000000000000000000000000000000000000000000000000000000000000000000000000000000000000000000000000000000000000000000000000000000000000000000000000000000000000000000000000000
310
00000000000000000000000000000000000000000000000000000000000000000000000000000000000000000000000000000000000000000000000000000000000000000000000000000000000000000000000000000000000000000000000000000000000000000000000000000000000000000000000000000000000000
310
00000000000000000000000000000000000000000000000000000000000000000000000000000000000000000000000000000000000000000707000007000007000007000007000000070007000000070000000700070000000700000700000007000700000007000000070007000000070000070000000700000700000700
310
00000700070000000700000700000700000007000007000000070007000000070000070000070000070000000700000700000700000700000007000007070000070000070000000700000700000700000700000007000007000007000007000000000000000000000000000000000000000000000000000000000000000000
310
00000000000000000000000000000000000000000000000000000000000000000000000000000000000000000000000000000000000000000000000000000000000000000000000000000000000000000000000000000000000000000000000000000000000000000000000000000000000000000000000000000000000000
310
00000000000000000000000000000000000000000000000000000000000000000000000000000000000000000000000000000000000000000000000000000000000000000000000000000000000000000000000000000000000000000000000000000000000000000000000000000000000000000000000000000000000000
310
00000000000000000000000000000000000000000000000000000000000000000000000000000000000000000000000000000000000000000000000707070000000700000700000700000700000007000700000007000000070007000000070000070000000700070000000700000007000700000007000007000000070000
310
07000007000000070007000000070000070000070000000700000700000007000700000007000007000007000007000000070000070000070000070000000700000007000007000007000000070000070000070000070000000700000700000700070000000000000000000000000000000000000000000000000000000000
310
00000000000000000000000000000000000000000000000000000000000000000000000000000000000000000000000000000000000000000000000000000000000000000000000000000000000000000000000000000000000000000000000000000000000000000000000000000000000000000000000000000000000000
310
00000000000000000000000000000000000000000000000000000000000000000000000000000000000000000000000000000000000000000000000000000000000000000000000000000000000000000000000000000000000000000000000000000000000000000000000000000000000000000000000000000000000000
310
00000000000000000000000000000000000000000000000000000000000000000000000000000000000000000000000000000000000000000000000000000700000007000000070000070000070000070000000700070000000700000007000700000007000007000000070007000000070000000700070000000700000700
310
00000700000700000700000007000700000007000007000007000000070000070000000700070000000700000700000700000700000007000007000007000007000000070000000700000700000700000007000007000007000007000000070000070000070700000000000000000000000000000000000000000000000000
310
00000000000000000000000000000000000000000000000000000000000000000000000000000000000000000000000000000000000000000000000000000000000000000000000000000000000000000000000000000000000000000000000000000000000000000000000000000000000000000000000000000000000000
310
00000000000000000000000000000000000000000000000000000000000000000000000000000000000000000000000000000000000000000000000000000000000000000000000000000000000000000000000000000000000000000000000000000000000000000000000000000000000000000000000000000000000000
310
00000000000000000000000000000000000000000000000000000000000000000000000000000000000000000000000000000000000000000000000000000000000700070000000700000007000007000007000007000000070007000000070000000700070000000700000700000007000700000007000000070007000000
310
07000007000000070000070000070000000700070000000700000700000700000007000007000000070007000000070000070000070000070000000700000700000700000700000007000000070000070000070000000700000700000700000700000007000007000007000000000000000000000000000000000000000000
310
00000000000000000000000000000000000000000000000000000000000000000000000000000000000000000000000000000000000000000000000000000000000000000000000000000000000000000000000000000000000007000007070707070707070707070000070000000000000000000000000000000000000000
310
00000000000000000000000000000000000000000000000000000000000000000000000000000000000000000000000000000000000000000000000000000000000000000000000000000000000000000000000000000000000000000000000000000000000000000000000000000000000000000000000000000000000000
310
00000000000000000000000000000000000000000000000000000000000000000000000000000000000000000000000000000000000000000000000000000000000000000700070007000000070000000700000700000700000700000007000700000007000000070007000000070000070000000700070000000700000007
310
00070000000700000700000007000007000007000000070007000000070000070000070000000700000700000007000700000007000007000007000007000000070000070000070000070000000700000007000007000007000000070000070000070000070000000700000700000700000000000000000000000000000000
310
00000000000000000000000000000000000000000000000000000000000000000000000000000000000000000000000000000000000000000000000000000000000000000000000000000000000000000000000000000000000000070707070707000700000700000700000707070707070707070000000000000000000000
310
00000000000000000000000000000000000000000000000000000000000000000000000000000000000000000000000000000000000000000000000000000000000000000000000000000000000000000000000000000000000000000000000000000000000000000000000000000000000000000000000000000000000000
310
00000000000000000000000000000000000000000000000000000000000000000000000000000000000000000000000000000000000000000000000000000000000000000000000700000007000700000007000000070000070000070000070000000700070000000700000007000700000007000007000000070007000000
310
07000000070007000000070000070000000700000700000700000007000700000007000007000007000000070000070000000700070000000700000700000700000700000007000007000007000007000000070000000700000700000700000007000007000007000007000000070000070007000000000000000000000000
310
00000000000000000000000000000000000000000000000000000000000000000000000000000000000000000000000000000000000000000000000000000000000000000000000000000000000000000000000000000000000000070707070007000000070000070000070000070000070000000700000707070700000000
310
00000000000000000000000000000000000000000000000000000000000000000000000000000000000000000000000000000000000000000000000000000000000000000000000000000000000000000000000000000000000000000000000000000000000000000000000000000000000000000000000000000000000000
310
00000000000000000000000000000000000000000000000000000000000000000000000000000000000000000000000000000000000000000000000000000000000000000000000000070700070000000700070000000700000007000007000007000007000000070007000000070000000700070000000700000700000007
310
00070000000700000007000700000007000007000000070000070000070000000700070000000700000700000700000007000007000000070007000000070000070000070000070000000700000700000700000700000007000000070000070000070000000700000700000700000700000007000007070000000000000000
310
00000000000000000000000000000000000000000000000000000000000000000000000000000000000000000000000000000000000000000000000000000000000000000000000000000000000000000000000000000000000000000007070000000700000700000007000007000007000007000007000000070000070000
310
07070707070000000000000000000000000000000000000000000000000000000000000000000000000000000000000000000000000000000000000000000000000000000000000000000000000000000000000000000000000000000000000000000000000000000000000000000000000000000000000000000000000000
310
00000000000000000000000000000000000000000000000000000000000000000000000000000000000000000000000000000000000000000000000000000000000000000000000000000000000707000007000000070007000000070000000700000700000700000700000007000700000007000000070007000000070000
310
07000000070007000000070000000700070000000700000700000007000007000007000000070007000000070000070000070000000700000700000007000700000007000007000007000007000000070000070000070000070000000700000007000007000007000000070000070000070000070000000700000700000000
310
00000000000000000000000000000000000000000000000000000000000000000000000000000000000000000000000000000000000000000000000000000000000000000000000000000000000000000000000000000000000000000000000707000007000000070000070000000700000700000700000700000700000007
310
00000700000700000707070000000000000000000000000000000000000000000000000000000000000000000000000000000000000000000000000000000000000000000000000000000000000000000000000000000000000000000000000000000000000000000000000000000000000000000000000000000000000000
310
00000000000000000000000000000000000000000000000000000000000000000000000000000000000000000000000000000000000000000000000000000000000000000000000000000000000000000700000700000700000007000700000007000000070000070000070000070000000700070000000700000007000700
310
00000700000700000007000700000007000000070007000000070000070000000700000700000700000007000700000007000007000007000000070000070000000700070000000700000700000700000700000007000007000007000007000000070000000700000700000700000007000007000007000007000000070007
310
00000000000000000000000000000000000000000000000000000000000000000000000000000000000000000000000000000000000000000000000000000000000000000000000000000000000000000000000000000000000000000000000000070700000700000700000007000007000000070000070000070000070000
310
07000000070000070000070000000707070000000000000000000000000000000000000000000000000000000000000000000000000000000000000000000000000000000000000000000000000000000000000000000000000000000000000000000000000000000000000000000000000000000000000000000000000000
310
00000000000000000000000000000000000000000000000000000000000000000000000000000000000000000000000000000000000000000000000000000000000000000000000000000000000000000000000000070000070000070000000700070000000700000007000007000007000007000000070007000000070000
310
00070007000000070000070000000700070000000700000007000700000007000007000000070000070000070000000700070000000700000700000700000007000007000000070007000000070000070000070000070000000700000700000700000700000007000000070000070000070000000700000700000700000700
310
00000700070000000000000000000000000000000000000000000000000000000000000000000000000000000000000000000000000000000000000000000000000000000000000000000000000000000000000000000000000000000000000000000007070000070000070000070000000700000700000007000007000007
310
00000700000700000007000007000007000000070007070700000000000000000000000000000000000000000000000000000000000000000000000000000000000000000000000000000000000000000000000000000000000000000000000000000000000000000000000000000000000000000000000000000000000000
310
00000000000000000000000000000000000000000000000000000000000000000000000000000000000000000000000000000000000000000000000000000000000000000000000000000000000000000000000000000000000707000007000007000000070007000000070000000700000700000700000700000007000700
310
00000700000007000700000007000007000000070007000000070000000700070000000700000700000007000007000007000000070007000000070000070000070000000700000700000007000700000007000007000007000007000000070000070000070000070000000700000007000007000007000000070000070000
310
07000007000000070700000000000000000000000000000000000000000000000000000000000000000000000000000000000000000000000000000000000000000000000000000000000000000000000000000000000000000000000000000000000000000707000007000007000007000007000000070000070000000700
310
00070000070000070000070000000700000700000700000007000007070000000000000000000000000000000000000000000000000000000000000000000000000000000000000000000000000000000000000000000000000000000000000000000000000000000000000000000000000000000000000000000000000000
310
00000000000000000000000000000000000000000000000000000000000000000000000000000000000000000000000000000000000000000000000000000000000000000000000000000000000000000000000000000000000000000000070700000700000700000007000700000007000000070000070000070000070000
310
00070007000000070000000700070000000700000700000007000700000007000000070007000000070000070000000700000700000700000007000700000007000007000007000000070000070000000700070000000700000700000700000700000007000007000007000007000000070000000700000700000700000007
310
00000700000700000700000007000000000000000000000000000000000000000000000000000000000000000000000000000000000000000000000000000000000000000000000000000000000000000000000000000000000000000000000000000000000000070700070000000700000700000700000700000007000007
310
00000007000007000007000007000007000000070000070000070000000700000707000000000000000000000000000000000000000000000000000000000000000000000000000000000000000000000000000000000000000000000000000000000000000000000000000000000000000000000000000000000000000000
310
00000000000000000000000000000000000000000000000000000000000000000000000000000000000000000000000000000000000000000000000000000000000000000000000000000000000000000000000000000000000000000000000000000700070000070000070000000700070000000700000007000007000007
310
00000700000007000700000007000000070007000000070000070000000700070000000700000007000700000007000007000000070000070000070000000700070000000700000700000700000007000007000000070007000000070000070000070000070000000700000700000700000700000007000000070000070000
310
07000000070000070000070000070000070000000000000000000000000000000000000000000000000000000000000000000000000000000000000000000000000000000000000000000000000000000000000000000000000000000000000000000000000000000007070007000007000000070000070000070000070000
310
00070000070000000700000700000700000700000700000007000007000007000000070000000700000000000000000000000000000000000000000000000000000000000000000000000000000000000000000000000000000000000000000000000000000000000000000000000000000000000000000000000000000000
310
00000000000000000000000000000000000000000000000000000000000000000000000000000000000000000000000000000000000000000000000000000000000000000000000000000000000000000000000000000000000000000000000000000000000000070007000007000007000000070007000000070000000700
310
00070000070000070000000700070000000700000007000700000007000007000000070007000000070000000700070000000700000700000007000007000007000000070007000000070000070000070000000700000700000007000700000007000007000007000007000000070000070000070000070000000700000007
310
00000700000700000007000007000007000007000700000000000000000000000000000000000000000000000000000000000000000000000000000000000000000000000000000000000000000000000000000000000000000000000000000000000000000000000000000000070700000700000700000007000007000007
310
00000700000007000007000000070000070000070000070000070000000700000700000700000007000000070700000000000000000000000000000000000000000000000000000000000000000000000000000000000000000000000000000000000000000000000000000000000000000000000000000000000000000000
310
00000000000000000000000000000000000000000000000000000000000000000000000000000000000000000000000000000000000000000000000000000000000000000000000000000000000000000000000000000000000000000000000000000000000000000000000700000700000700000700000007000700000007
310
00000007000007000007000007000000070007000000070000000700070000000700000700000007000700000007000000070007000000070000070000000700000700000700000007000700000007000007000007000000070000070000000700070700000700000700000700000700000007000007000007000007000000
310
07000000070000070000070000000700000700000700000707000000000000000000000000000000000000000000000000000000000000000000000000000000000000000000000000000000000000000000000000000000000000000000000000000000000000000000000000000000070000070000070000070000000700
310
00070000070000070000000700000700000007000007000007000007000007000000070000070000070000000700000007070000000000000000000000000000000000000000000000000000000000000000000000000000000000000000000000000000000000000000000000000000000000000000000000000000000000
310
00000000000000000000000000000000000000000000000000000000000000000000000000000000000000000007000007000007000007000000070000070000000000000000000000000000000000000000000000000000000000000000000000000000000000000000000000000000070000070000070000070000000700
310
07000000070000000700000700000700000700000007000700000007000000070007000000070000070000000700070000000700000007000700000007000007000000070000070000070000000700070000000700000700000700000007000007000007000000070000070000070000070000070000000700000700000700
310
00070000000700000007000007000007000000070000070000070000070700000000000000000000000000000000000000000000000000000000000000000000000000000000000000000000000000000000000000000000000000000000000000000000000000000000000000000000000007070007000007000007000007
310
00000007000007000007000007000000070000070000000700000700000700000700000700000007000007000007000000070000000707070000000000000000000000000000000000000000000000000000000000000000000000000000000000000000000000000000000000000000000000000000000000000000000000
310
00000000000000000000000000000000000000000000000000000000000000000000000000000000000000000700070000000700000700000700000700000007000007000007000000000000000000000000000000000000000000000000000000000000000000000000000000000000000000000700000007000007000007
310
00000007000700000007000000070000070000070000070000000700070000000700000007000700000007000007000000070007000000070000000700070000000700000700000007000007000007000000070007000000070000070000070000000700000700000700000007000007000007000007000007000000070000
310
07000007000007000000070000000700000700000700000007000007000007000007000000000000000000000000000000000000000000000000000000000000000000000000000000000000000000000000000000000000000000000000000000000000000000000000000000000000000000000000070700000700000700
310
00070000070000000700000700000700000700000007000007000000070000070000070000070000070000000700000700000700000007000000070007000000000000000000000000000000000000000000000000000000000000000000000000000000000000000000000000000000000000000000000000000000000000
310
00000000000000000000000000000000000000000000000000000000000000000000000000000000000000000007000000070007000000070000070000070000070000000700000700000700000007000000000000000000000000000000000000000000000000000000000000000000000000000000000000070000000700
310
00070000070000000700070000000700000007000007000007000007000000070007000000070000000700070000000700000700000007000700000007000000070007000000070000070000000700000700000700000007000700000007000007000007000000070000070000070000000700000700000700000700000700
310
00000700000700000700000700000007000000070000070000070000000700000700000700070000000000000000000000000000000000000000000000000000000000000000000000000000000000000000000000000000000000000000000000000000000000000000000000000000000000000000000007070000070000
310
07000007000007000007000000070000070000070000070000000700000700000007000007000007000007000007000000070000070000070000000700000007000700000000000000000000000000000000000000000000000000000000000000000000000000000000000000000000000000000000000000000000000000
310
00000000000000000000000000000000000000000000000000000000000000000000000000000000000000000700070707070707070707070707070707070707070707070707070000070000070000070000000700000700000000000000000000000000000000000000000000000000000000000000000000000000000707
310
00000007000007000007000000070007000000070000000700000700000700000700000007000700000007000000070007000000070000070000000700070000000700000007000700000007000007000000070000070000070000000700070000000700000700000700000700000007000007000000070000070000070000
310
07000007000000070000070000070000070000000700000007000007000007000000070000070000070700000000000000000000000000000000000000000000000000000000000000000000000000000000000000000000000000000000000000000000000000000000000000000000000000000000000000000007000700
310
00000700000700000700000700000700000007000007000007000007000000070000070000000700000700000700000700000700000007000007000007000000070000000700070000000000000000000000000000000000000000000000000000000000000000000000000000000000000000000000000000000000000000
310
00000000000000000000000000000000000000000000000000000000000000000000000000000000000000000707070707070707000000070000000700070000000700000700000700000707070707070707000007000000070000070000000000000000000000000000000000000000000000000000000000000000000000
310
00000007070000000700000700000700000007000700000007000000070000070000070000070000000700070000000700000007000700000007000007000000070007000000070000000700070000000700000700000007000007000007000000070007000000070000070000070000070000000700000700000007000007
310
00000700000700000700000007000007000007000007000000070000000700000700000700000007000007000007000000000000000000000000000000000000000000000000000000000000000000000000000000000000000000000000000000000000000000000000000000000000000000000000000000000000000007
310
00000007000000070000070000070000070000070000000700000700000700000700000007000007000000070000070000070000070000070000000700000700000700000007000007000700000000000000000000000000000000000000000000000000000000000000000000000000000000000000000000000000000000
310
00000000000000000000000000000000000000000000000000000000000000000000000000000000000000070707070700000700000007000700000007000000070007000000070000070000070000070000000700070707070700000007000007000000000000000000000000000000000000000000000000000000000000
310
00000000000000070007000000070000070000070000000700070000000700000007000007000007000007000000070007000000070000000700070000000700000700000007000700000007000000070007000000070000070000000700000700000700000007000700000007000007070007000007000000070000070000
310
00070000070000070000070000070000000700000700000700000700000007000000070000070000070000000700000700000700000000000000000000000000000000000000000000000000000000000000000000000000000000000000000000000000000000000000000000000000000000000000000000000000000000
310
00000700070000000700000007000007000007000007000007000000070000070000070000070000000700000700000007000007000007000007000007000000070000070000070000000700000700070000000000000000000000000000000000000000000000000000000000000000000000000000000000000000000000
310
00000000000000000000000000000000000000000000000000000000000000000000000000000000000000070707070000070000070000070000000700070000000700000007000700000007000007000007000007000000070000070007070707000700000700000000000000000000000000000000000000000000000000
310
00000000000000000000000007000700000007000007000007000000070007000000070000000700000700000700000700000007000700000007000000070007000000070000070000000700070000000700000007000700000007000007000000070000070000070000000700070000000700000007000700000700000007
310
00000700000007000007000007000007000007000000070000070000070000070000000700000007000007000007000000070000070007000000000000000000000000000000000000000000000000000000000000000000000000000000000000000000000000000000000000000000000000000000000000000000000000
310
00000000000700070007000000070000000700000700000700000700000700000007000007000007000007000000070000070000000700000700000700000700000700000007000007000007000000070000070007000000000000000000000000000000000000000000000000000000000000000000000000000000000000
310
00000000000000000000000000000000000000000000000000000000000000000000000000000000000000070707070000000700000007000007000007000000070007000000070000000700070000000700000700000700000700000007000007000007070707070000070000000700000000000000000000000000000000
310
00000000000000000000000000000000070000070000000700000700000700000007000700000007000000070000070000070000070000000700070000000700000007000700000007000007000000070007000000070000000700070000000700000700000007000007000007000000070007000000070000000700070000
310
07000000070000070000000700000700000700000700000700000007000007000007000007000000070000000700000700000700000007000007070000000000000000000000000000000000000000000000000000000000000000000000000000000000000000000000000000000000000000000000000000000000000000
310
00000000000000000700000007000700000007000000070000070000070000070000070000000700000700000700000700000007000007000000070000070000070000070000070000000700000700000700000007000007000700000000000000000000000000000000000000000000000000000000000000000000000000
310
00000000000000000000000000000000000000000000000000000000000000000000000000000000000007070707070000000000070000070000000700000700000700000007000700000007000000070007000000070000070000070000070000000700000700000700000707070007000000070000000000000000000000
310
00000000000000000000000000000000000000000007000007000000070000070000070000000700070000000700000007000007000007000007000000070007000000070000000700070000000700000700000007000700000007000000070007000000070000070000000700000700000700000007000707000007000000
310
07000700000700000007000007000000070000070000070000070000070000000700000700000700000700000007000000070000070000070000000700000700000000000000000000000000000000000000000000000000000000000000000000000000000000000000000000000000000000000000000000000000000000
310
00000000000000000000000007070000000700070000000700000007000007000007000007000007000000070000070000070000070000000700000700000007000007000007000007000007000000070000070000070000000700000700070000000000000000000000000000000000000000000000000000000000000000
310
00000000000000000000000000000000000000000000000000000000000000000000000000000000000000000707000000000000000007000007000007000000070000070000070000000700070000000700000007000700000007000007000007000007000000070000070000070000000707070700000007000000000000
310
00000000000000000000000000000000000000000000000000070700000700000007000007000007000000070007000000070000000700000700000700000700000007000700000007000000070007000000070000070000000700070000000700000007000700000007000007000000070000070000070000000700000700
310
00070000000700070000070000000700000700000007000007000007000007000007000000070000070000070000070000000700000007000007000007000000070007000000000000000000000000000000000000000000000000000000000000000000000000000000000000000000000000000000000000000000000000
310
00000000000000000000000000000007000007000000070007000000070000000700000700000700000700000700000007000007000007000007000000070000070000000700000700000700000700000700000007000007000007000000070000070007000000000000000000000000000000000000000000000000000000
310
00000000000000000000000000000000000000000000000000000000000000000000000000000000000000070707070700000000000000000700000700000700000700000007000007000007000000070007000000070000000700070000000700000700000700000700000007000007000007000000070707070000000700
310
00000000000000000000000000000000000000000000000000000000000007070000070000000700000700000700000007000700000007000000070000070000070000070000000700070000000700000007000700000007000007000000070007000000070000000700070000000700000700000007000007000007000007
310
00000007000007000000070007000007000000070000070000000700000700000700000700000700000007000007000007000007000000070000000700000700000700000007000700000000000000000000000000000000000000000000000000000000000000000000000000000000000000000000000000000000000000
310
00000000000000000000000000000000000000070700000700000007000700000007000000070000070000070000070000070000000700000700000700000700000007000007000000070000070000070000070000070000000700000700000700000007000007070000000000000000000000000000000000000000000000
310
00000000000000000000000000000000000000000000000000000000000000000000000000000000000000000007070700000000000000000000070000070000070000070000070000000700000700000700000007000700000007000000070007000000070000070000070000070000000700000700000700000007000707
310
07000007000000000000000000000000000000000000000000000000000000000000000707000007000000070000070000070000000700070000000700000007000007000007000007000000070007000000070000000700070000000700000700000007000700000007000000070007000000070000070000000700000700
310
00070000070000000700000700000007000700000700000007000007000000070000070000070000070000070000000700000700000700000700000007000000070000070000070000000707000000000000000000000000000000000000000000000000000000000000000000000000000000000000000000000000000000
310
00000000000000000000000000000000000000000000070000070000070000000700070000000700000007000007000007000007000007000000070000070000070000070000000700000700000007000007000007000007000007000000070000070000070000000700000707000000000000000000000000000000000000
310
00000000000000000000000000000000000000000000000000000000000000000000000000000000000000000000000707070000000000000000000000000007000007000007000007000007000000070000070000070000000700070000000700000007000700000007000007000007000007000000070000070000070000
310
00070000070700000700000000000000000000000000000000000000000000000000000000000007000700000700000007000007000007000000070007000000070000000700000700000700000700000007000700000007000000070007000000070000070000000700070000000700000007000700000007000007000000
310
07000007000007000007000000070000070000000700070000070000000700000700000007000007000007000007000007000000070000070000070000070000000700000007000007000007000000070000000000000000000000000000000000000000000000000000000000000000000000000000000000000000000000
310
00000000000000000000000000000000000000000000000000070007000007000007000000070007000000070000000700000700000700000700000700000007000007000007000007000000070000070000000700000700000700000700000707000007000007000007000000070000070700000000000000000000000000
310
00000000000000000000000000000000000000000000000000000000000000000000000000000000000000000000000000000707000000000000000000000000070000000700000700000700000700000700000007000007000007000000070007000000070000000700070000000700000700000700000700000007000007
310
00000700000007000007070000070000000000000000000000000000000000000000000000000000000000000700070000070000000700000700000700000007000700000007000000070000070000070000070000000700070000000700000007000700000007000007000000070007000000070000000700070000000700
310
00070000000700000700000700000700000007000007000000070007000007000000070000070000000700000700000700000700000700000007000007000007000007000000070000000700000700000700000700000000000000000000000000000000000000000000000000000000000000000000000000000000000000
310
00000000000000000000000000000000000000000000000000000000070700000700000700000700000007000700000007000000070000070000070000070000070000000700000700000700000700000007000007000000070000070000070000070000000700000700000700000700000007000007000000000000000000
310
00000000000000000000000000000000000000000000000000000000000000000000000000000000000000000000000000000000070700000000000000000000000700000007000000070000070000070000070000070000000700000700000700000007000700000007000000070007000000070000070000070000070000
310
00070000070000070000000700000707070007000000000000000000000000000000000000000000000000000000000007000007000007000000070000070000070000000700070000000700000007000007000007000007000000070007000000070000000700070000000700000700000007000700000007000000070007
310
00000007000007000000070000070000070000070000000700000700000007000700000700000007000007000000070000070000070000070000070000000700000700000700000700000007000000070000070000070007000000000000000000000000000000000000000000000000000000000000000000000000000000
310
00000000000000000000000000000000000000000000000000000000000000000707000000070000070000070000000700070000000700000007000007000007000007000007000000070000070000070000070000000700000700000007000007000007000007000000070000070000070000070000000700000700000000
310
00000000000000000000000000000000000000000000000000000000000000000000000000000000000000000000000000000000000000070700000000000000000000000700070000000700000007000007000007000007000007000000070000070000070000000700070000000700000007000700000007000007000007
310
00000700000007000007000007000000070000070007000700000000000000000000000000000000000000000000000000000000000700000700000700000007000007000007000000070007000000070000000700000700000700000700000007000700000007000000070007000000070000070000000700070000000700
310
00000700070000000700000700000700000007000007000007000000070000070000000700070000070000000700000700000007000007000007000007000007000000070000070000070000070000000700000007000007000007070000000000000000000000000000000000000000000000000000000000000000000000
310
00000000000000000000000000000000000000000000000000000000000000000000000707000700000007000007000007000000070007000000070000000700000700000700000700000700000007000007000007000007000000070000070000000700000700000700000700000007000007000007000007000000070007
310
00000000000000000000000000000000000000000000000000000000000000000000000000000000000000000000000000000000000000000000000700000000000000000000000000070007000000070000000700000700000700000700000700000007000007000007000000070007000000070000000700070000000700
310
00070000070000070000000700000700000700000007000007000707070000000000000000000000000000000000000000000000000000000007070000070000070000000700000700000700000007000700000007000000070000070000070000070000000700070000000700000007000700000007000007000000070007
310
00000007000000070007000000070000070000070000000700000700000700000007000007000000070007000007000000070000070000000700000700000700000700000700000007000007000007000007000000070000000700000700000707000000000000000000000000000000000000000000000000000000000000
310
00000000000000000000000000000000000000000000000000000000000000000000000000000007070000070000000700000700000700000007000700000007000000070000070000070000070000070000000700000700000700000700000007000007000000070000070000070000070000000700000700000700000700
310
00000700070000000000000000000000000000000000000000000000000000000000000000000000000000000000000000000000000000000000000000000700000000000000000000000700000007000700000007000000070000070000070000070000070000000700000700000700000007000700000007000000070007
310
00000007000007000007000007000000070000070000070000000700000700070700000000000000000000000000000000000000000000000000000000000707000007000007000000070000070000070000000700070000000700000007000007000007000007000000070007000000070000000700070000000700000700
310
00000700070000000700000007000700000007000007000007000000070000070000070000000700000700000007000700000700000007000007000000070000070000070000070000070000000700000700000700000700000007000000070000070000070000000000000000000000000000000000000000000000000000
310
00000000000000000000000000000000000000000000000000000000000000000000000000000000000007070007000007000000070000070000070000000700070000000700000007000007000007000007000007000000070000070000070000070000000700000700000007000007000007000007000000070000070000
310
07000007000000070700000000000000000000000000000000000000000000000000000000000000000000000000000000000000000000000000000000000000000700000000000000000000070000070000000700070000000700000007000007000007000007000007000000070000070000070000000700070000000700
310
00000700070000000700000700000700000700000007000007000007000000070000070007070000000000000000000000000000000000000000000000000000000007000700000700000700000007000007000007000000070007000000070000000700000700000700000700000007000700000007000000070007000000
310
07000007000000070007000000070000000700070000070000000700000700000007000007000007000000070000070000000700070000070000000700000700000007000007000007000007000007000000070000070000070000070000000700000007000007000700000000000000000000000000000000000000000000
310
00000000000000000000000000000000000000000000000000000000000000000000000000000000000000000000070700000700000700000007000007000007000000070007000000070000000700000700000700000700000700000007000007000007000007000000070000070000000700000700000700000700000007
310
00000700000700000700000007000000000000000000000000000000000000000000000000000000000000000000000000000000000000000000000000000000000000000007000000000000000000000007000007000000070007000000070000000700000700000700000700000700000007000007000007000000070007
310
00000007000000070007000000070000070000070000070000000700000700000700000007000007000707000000000000000000000000000000000000000000000000000000000700070000070000070000000700000700000700000007000700000007000000070000070000070000070000000700070000000700000007
310
00070000000700000700000007000700000007000000070007070007000000070000070000000700000700000700000007000007000000070007000007000000070000070000000700000700000700000700000700000007000007000007000007000000070000000700000707000000000000000000000000000000000000
310
00000000000000000000000000000000000000000000000000000000000000000000000000000000000000000000000000000700070000070000070000000700000700000700000007000700000007000000070000070000070000070000070000000700000700000700000700000007000007000007000000070000070000
310
07000000070000070000070000070000000700000000000000000000000000000000000000000000000000000000000000000000000000000000000000000000000000000000000007000000000000000000070000000700000700000007000700000007000000070000070000070000070000070000000700000700000700
310
00000700070000000700000007000700000007000007000007000007000000070000070000070000000700000700070700000000000000000000000000000000000000000000000000000007000007000007000007000000070000070000070000000700070000000700000007000007000007000007000000070007000000
310
07000000070007000000070000070000000700070000000700000007000007000700000007000007000000070000070000070000000700000700000007000700000700000007000007000000070000070000070000070000070000000700000700000700000700000007000000070000070000000000000000000000000000
310
00000000000000000000000000000000000000000000000000000000000000000000000000000000000000000000000000000000000700000007000007000007000000070000070000070000000700070000000700000007000007000007000007000007000000070000070000070000070000000700000707000700000007
310
00000700000700000007000007000007000007000007000000000000000000000000000000000000000000000000000000000000000000000000000000000000000000000000000000000007000000000000000000000007000000070000070000000700070000000700000007000007000007000007000007000000070000
310
07000007000000070007000000070000000700070000000700000700000700000700000007000007000007000000070000070007070000000000000000000000000000000000000000000000000000000700000700000700000700000007000007000007000000070007000000070000000700000700000700000700000007
310
00070000000700000007000700000007000007000000070007000000070000000700000700070000000700000700000007000007000007000000070000070000000700070000070000000700000700000007000007000007000007000007000000070000070000070000070000000700000007000007000000000000000000
310
00000000000000000000000000000000000000000000000000000000000000000000000000000000000000000000000000000000000000000007070000000700000700000700000007000007000007000000070007000000070000000700000700000700000700000700000007000007000007000007000000070000000700
310
07000000070000070000070000000700000700000700000700070000000000000000000000000000000000000000000000000000000000000000000000000000000000000000000000000000000000070000000000000000000700000700000007000007000000070007000000070000000700000700000700000700000700
310
00000700000700000700000007000700000007000000070007000000070000070000070000070000000700000700000700000007000007000707000000000000000000000000000000000000000000000000000007000000070000070000070000000700000700000700000007000700000007000000070000070000070000
310
07000000070007000000070000000700070000000700000700000007000700000007000000070000070007000000070000070000000700000700000700000007000007000000070007000007000000070000070000000700000700000700000700000700000007000007000007000007000000070000000700070000000000
310
00000000000000000000000000000000000000000000000000000000000000000000000000000000000000000000000000000000000000000000000007070007000000070000070000070000000700000700000700000007000700000007000000070000070000070000070000070000000700000700000700000700000007
310
00000007000700000007000007000007000000070000070000070000070007000000000000000000000000000000000000000000000000000000000000000000000000000000000000000000000000000000070000000000000000070000070000070000000700000700000007000700000007000000070000070000070000
310
07000007000000070000070000070000000700070000000700000007000700000007000007000007000007000000070000070000070000000700000700070700000000000000000000000000000000000000000000000000000700000007000007000007000000070000070000070000000700070000000700000007000007
310
00000700000700000007000700000007000000070007000000070000070000000700070700000700000007000007000700000007000007000000070000070000070000000700000700000007000700000700000007000007000000070000070000070000070000070000000700000700000700000700000007000000070700
310
00000000000000000000000000000000000000000000000000000000000000000000000000000000000000000000000000000000000000000000000000000000000700000700000007000007000007000000070000070000070000000700070000000700000007000007000007000007000007000000070000070000070000
310
07070000070000000700070000000700000700000700000007000007000007000007070000000000000000000000000000000000000000000000000000000000000000000000000000000000000000000000000000000700000000000000000007000007000007000000070000070000000700070000000700000007000007
310
00000700000700000700000007000007000007000000070007000000070000000700070000000700000700000700000700000007000007000007000000070000070007070000000000000000000000000000000000000000000000000007070000000700000700000700000007000007000007000000070007000000070000
310
00070000070000070000070000000700070000000700000007000700000007000007000000070000070000070000000700000700070000000700000700000007000007000007000000070000070000000700070000070000000700000700000007000007000007000007000007000000070000070000070000070000000700
310
00000700000000000000000000000000000000000000000000000000000000000000000000000000000000000000000000000000000000000000000000000000000000070700070000070000000700000700000700000007000007000007000000070007000000070000000700000700000700000700000700000007000007
310
00000700000007000007000000070007000000070000070000070000000700000700000700000707000000000000000000000000000000000000000000000000000000000000000000000000000000000000000000000000000007000000000000000700000700000700000700000007000007000000070007000000070000
310
00070000070000070000070000070000000700000700000700000007000700000007000000070007000000070000070000070000070000000700000700000700000007000007070707000000000000000000000000000000000000000000000000000707000000070000070000070000000700000700000700000007000700
310
00000700000007000007000007000007000000070007000000070000000700070000000700000700000700000007000007000000070000070007000000070000070000000700000700000700000007000007000000070007000007000000070000070000000700000700000700000700000700000007000007000007000007
310
00000007000007000000000000000000000000000000000000000000000000000000000000000000000000000000000000000000000000000000000000000000000000000000000007000007000007000000070000070000070000000700000700000700000007000700000007000000070000070000070000070000070000
310
00070000070000070000000700000700000007000700000007000007000007000000070000070000070000070000000000000000000000000000000000000000000000000000000000000000000000000000000000000000000000000007000000000000000000070000070000070000070000000700000700000007000700
310
00000700000007000007000007000007000007000000070000070000070000000700070000000700000007000700000007000007000007000007000000070000070000070000000700000707070700000000000000000000000000000000000000000000000007000700000007000007000007000000070000070000070000
310
00070007000000070000000700000700000700000700000007000700000007000000070007000000070000070000070000000700000700000007000007000700000007000007000000070000070000070000000700000700000007000700000700000007000007000000070000070000070000070000070000000700000700
310
00070000070000000700000700000000000000000000000000000000000000000000000000000000000000000000000000000000000000000000000000000000000000000000000000000000070700000700000700000007000007000007000000070000070000070000000700070000000700000007000007000007000007
310
00000700000007000007000007000000070000070000000700070000000700000700000700000007000007000007000700000000000000000000000000000000000000000000000000000000000000000000000000000000000000000000000000070000000000000007000007000007000007000007000000070000070000
310
00070007000000070000000700000700000700000700000700000007000007000007000000070007000000070000000700070000000700000700000707000700000007000007000007000000070000070700070000000000000000000000000000000000000000000000000700070000000700000700000700000007000007
310
00000700000007000700000007000000070000070000070000070000000700070000000700000007000700000007000007000007000000070000070000000700000700070000000700000700000007000007000007000000070000070000000700070000070000000700000700000007000007000007000007000007000000
310
07000007000007000007000000070007000000000000000000000000000000000000000000000000000000000000000000000000000000000000000000000000000000000000000000000000000000070000070000070000070000000700000700000700000007000007000007000000070007000000070000000700000700
310
00070000070000070000000700000700000700000007000007000000070007000000070000070000070000000700000700000707000000000000000000000000000000000000000000000000000000000000000000000000000000000000000000000000000700000000000000000700000700000700000700000700000007
310
00000700000007000700000007000000070000070000070000070000070000000700000700000700000007000700000007000000070007000000070000070000000700070000000700000700000700000007000007070000000000000000000000000000000000000000000000000000070007000000070000070000070000
310
00070000070000070000000700070000000700000007000007000007000007000000070007000000070000000700070000000700000700000700000007000007000000070000070007000000070000070000000700000700000700000007000007000000070007000007000000070000070000000700000700000700000700
310
00070000000700000700000700000700000007070000000000000000000000000000000000000000000000000000000000000000000000000000000000000000000000000000000000000000000000000000000707000007000007000007000000070000070000070000000700000700000700000007000700000007000000
310
07000007000007000007000007000000070000070000070000000700000700000007000700000007000007000007000000070000070000070000000000000000000000000000000000000000000000000000000000000000000000000000000000000000000000000707000000000000000000070000070000070000070000
310
07000000070000070000000700070000000700000007000007000007000007000007000000070000070000070000000700070000000700000007000700000007000007000000070007000000070000070000070000000700000707000000000000000000000000000000000000000000000000000700000700000007000007
310
00000700000007000007000007000000070007000000070000000700000700000700000700000007000700000007000000070007000000070000070000070000000700000700000007000007000700000007000007000000070000070000070000000700000700000007000700000700000007000007000000070000070000
310
07000007000007000000070000070000070000070000000700000000000000000000000000000000000000000000000000000000000000000000000000000000000000000000000000000000000000000000000000000007000700000700000700000700000007000007000007000000070000070000070000000700070000
310
00070000000700000700000700000700000700000007000007000007000000070000070000000700070000000700000700000700000007000007000007000000000000000000000000000000000000000000000000000000000000000000000000000000000000000000000007000000000000000700000007000007000007
310
00000700000700000007000007000000070007000000070000000700000700000700000700000700000007000007000007000000070007000000070000000700070000000700000700000007000700000007000007000007000000070000070000000000000000000000000000000000000000000000000000070000070000
310
00070000070000070000000700000700000700000007000700000007000000070000070000070000070000000700070000000700000007000700000007000007000007000000070000070000000700000700070000000700000700000007000007000007000000070000070000000700070000070000000700000700000007
310
00000700000700000700000700000007000007000007000007000007000000000000000000000000000000000000000000000000000000000000000000000000000000000000000000000000000000000000000000000000000007070000070000070000070000070000000700000700000700000007000007000007000000
310
07000700000007000000070000070000070000070000070700000700000700000700000007000007000000070007000000070000070000070000000700000700070000000000000000000000000000000000000000000000000000000000000000000000000000000000000000000000070000000000000000070000000700
310
00070000070000070000070000000700000700000007000700000007000000070000070000070000070000070000000700000700000700000007000700000007000000070007000000070000070000000700070000000700000700000700000007000707000000000000000000000000000000000000000000000000000707
310
00000700000007000007000007000000070000070000070000000700070000000700000007000007000007000007000000070007000000070000000700070000000700000700000700000007000007000000070000070007000000070000070000000700000700000700000007000007000000070007000007000000070000
310
07000000070000070000070000070000070000000700000700000700000700070000000000000000000000000000000000000000000000000000000000000000000000000000000000000000000000000000000000000000000000000000070700000007000007000007000007000000070000070000070000000700000700
310
00070000000700070000000700000007000007000007000007070000070000070000070000070000000700000700000007000700000007000007000007000000070000070700000000000000000000000000000000000000000000000000000000000000000000000000000000000000000000000700000000000007000007
310
00000007000007000007000007000007000000070000070000000700070000000700000007000007000007000007000007000000070000070000070000000700070000000700000007000700000007000007000000070007000000070000070000070000000700070700000000000000000000000000000000000000000000
310
00000007070000070000000700000700000700000007000007000007000000070007000000070000000700000700000700000700000007000700000007000000070007000000070000070000070000000700000700000007000007000700000007000007000000070000070000070000000700000700000007000700000700
310
00000700000700000007000007000007000007000007000000070000070000070000070007000000000000000000000000000000000000000000000000000000000000000000000000000000000000000000000000000000000000000000000000000700070000000700000700000700000700000007000007000007000000
310
07000007000007000000070007000000070000000700000700000700000007000007000007000007000007000000070000070000000700070000000700000700000700000007000007000000000000000000000000000000000000000000000000000000000000000000000000000000000000000000000007000000000000
310
00070000070000000700000700000700000700000700000007000007000000070007000000070000000700000700000700000700000700000007000007000007000000070007000000070000070000070000000700000700000007000700000007000007000007000000070700070000000000000000000000000000000000
310
00000000000000070007000007000000070000070000070000000700000700000700000007000700000007000000070000070000070000070000000700070000000700000007000700000007000007000007000000070000070000000700000700070000000700000700000007000007000007000000070000070000000700
310
07000007000000070000070000000700000700000700000700000700000007000007000007000007070000000000000000000000000000000000000000000000000000000000000000000000000000000000000000000000000000000000000000000000000007000007000000070000070000070000070000000700000700
310
00070000000700000700000700000007000700000007000000070000070000070000000700000700000700000700000700000007000007000000070007000000070000070000070000000700070700000000000000000000000000000000000000000000000000000000000000000000000000000000000000000000070000
310
00000007000007000007000000070000070000070000070000070000000700000700000007000700000007000000070000070000070000070000070000000700000700000700000007000700000007000007000007000000070000070000000700070000000700000700000700000007070000000000000000000000000000
310
00000000000000000000000007000700000700000007000007000007000000070000070000070000000700070000000700000007000007000007000007000000070007070000070000000700070000000700000700000700000007000007000000070000070007000000070000070000000700000700000700000007000007
310
00000007000700000700000007000007000000070000070000070000070000070000000700000700000700000700000000000000000000000000000000000000000000000000000000000000000000000000000000000000000000000000000000000000000000000000070700000700000007000007000007000007000000
310
07000007000007000000070000070000070000000700070000000700000007000007000007000000070000070000070000070000070000000700000700000007000700000007000007000007000000070700000000000000000000000000000000000000000000000000000000000000000000000000000000000000000000
310
00070000000000000700000700000700000007000007000007000007000007000000070000070000000700070000000700000007000007000007000007000007000000070000070000070000000700070700000700000700000700000007000007000000070007000000070000070000070000000700000000000000000000
310
00000000000000000000000000000000070000070000070000000700000700000700000007000007000007000000070007000000070000000700000700000700000700000007000007000007000000070007000000070000070000070000000700000700000007000007000700000007000007000000070000070000070000
310
00070000070000000700070000070000000700000700000007000007000007000007000007000000070000070000070007000000000000000000000000000000000000000000000000000000000000000000000000000000000000000000000000000000000000000000000000000700070000070000000700000700000700
310
00070000000700000700000700000007000007000007000000070007000000070000000700000700000700000007000007000007000007000007000000070000070000000700070000000700000700000700000007000000000000000000000000000000000000000000000000000000000000000000000000000000000000
310
00000000070000000000000000070000070000070000000700000700000700000700000700000007000007000000070007000000070000000700000700000700000700000700000007000007000007000007000000070000070000070000070000000700000700000007000700000007000007000007000000070000000000
310
00000000000000000000000000000000000000000007000007000007000000070000070000070000000700000700000700000007000700000007000000070000070000070000070000000700000700000700000007000700000007000007000007000000070000070000000700000700070000000700000700000007000007
310
00000700000007000007000000070007000007000000070000070000000700000700000700000700000700000007000007000007070000000000000000000000000000000000000000000000000000000000000000000000000000000000000000000000000000000000000000000000000707000007000007000000070000
310
07000007000007000000070000070000070000000700000700000700000007000700000007000000070000070000070000000700000700000700000700000700000007000007000000070007000000070000070000070000000700000000000000000000000000000000000000000000000000000000000000000000000000
310
00000000000000000700000000000700000007000007000007000000070000070000070000070000070000000700000700000007000700000007000000070000070000070000070000070000000700000700000700000700000007000007000007000007000000070000070000000700070000000700000700000700000707
310
00000000000000000000000000000000000000000000000000070700000700000700000007000007000007000000070000070000070000000700070000000700000007000007000007000007000000070000070000070000000700070000000700000700000700000007000007000000070000070007000000070000070000
310
00070000070000070000000700000700000007000700000700000007000007000000070000070000070000070000070000000700000700000707000000000000000000000000000000000000000000000000000000000000000000000000000000000000000000000000000000000000000000000000070000000700000700
310
00000700000700000700000700000007000007000007000000070000070000070000000700070000000700000700000007000007000000070000070000070000070000070000000700000700000007000700000007000007000007000007000000000000000000000000000000000000000000000000000000000000000000
310
00000000000000000000000000070000000000070000000700000700000700000007000007000007000007000007000000070000070000000700070000000700000007000007000007000007000007000000070000070000070000070000000700000700000700000700000007000007000000070007000000070000070000
310
07000700070000000000000000000000000000000000000000000000000007070000070000070000000700000700000700000007000007000007000000070007000000070000000700000700000700000700000007000007000007000000070007000000070000070000070000000700000700000007000007000700000007
310
00000700000007000007000007000000070000070000000700070000070000000700000700000007000007000007000007000007000000070000070000070000000000000000000000000000000000000000000000000000000000000000000000000000000000000000000000000000000000000000000000000707000000
310
07000007000000070000070000070000070000000700000700000700000007000007000007000000070007000000070000070000000700000700000007000007000007000007000007000000070000070000000700070000000700000700000700070000000000000000000000000000000000000000000000000000000000
310
00000000000000000000000000000000000700000000000007000000070000070000070000000700000700000700000700000700000007000007000000070007000000070000000700000700000700000700000700000007000007000007000007000000070000070000070000070000000700000700000007000700000007
310
00000700000700070007000000000000000000000000000000000000000000000000070007000007000007000000070000070000070000000700000700000700000007000700000007000000070000070000070000070000000700000700000700000007000700000007000007000007000000070000070000000700000700
310
07000000070000070000000700000700000700000007000007000000070007000007000000070000070000000700000700000700000700000700000007000007000700000000000000000000000000000000000000000000000000000000000000000000000000000000000000000000000000000000000000000000000707
310
00070000000700000700000007000007000007000007000000070000070000070000000700000700000700000007000700000007000007000000070000070000000700000700000700000700000700000007000007000000070007000000070000070000070700000000000000000000000000000000000000000000000000
310
00000000000000000000000000000000000000000007000000000700000700000007000007000007000000070000070000070000070000070000000700000700000007000700000007000000070000070000070000070000070700000700000700000700000700000007000007000007000007000000070000070000000700
310
07000000070000070000070700000000000000000000000000000000000000000000000000000007000700000700000700000007000007000007000000070000070000070000000700070000000700000007000700000007000007000000070000070000070000000700070000000700000700000700000007000007000000
310
07000007000700000007000007000000070000070000070000000700000700000007000700000700000007000007000000070000070000070000070000070000000700000707000000000000000000000000000000000000000000000000000000000000000000000000000000000000000000000000000000000000000000
310
00000007000007000000070000070000000700000700000700000700000007000007000007000000070000070000070000000700070700000700000700000007000007000000070000070000070000070000070000000700000700000007000700000007000007000007000000000000000000000000000000000000000000
310
00000000000000000000000000000000000000000000000000070000000000070000070000000700000700000700000007000007000007000007000007000000070000070000000700070000000700000007000007000007000007000000070000070000070000070000070000000700000700000700000700000007000007
310
00000007000700000007000007000007070000000000000000000000000000000000000000000000000000070000070000070000070000000700000700000700000007000007000007000000070007000000070000070000070000000700000700000007000007000007000000070007000000070000070000070000000700
310
00070000000700000700070000000700000700000007000007000007000000070000070000000700070000070000000700000700000007000007000007000007000007000000070000070000000000000000000000000000000000000000000000000000000000000000000000000000000000000000000000000000000000
310
00000000000000070700000700000007000007000000070000070000070000070000000700000700000700000007000007000007000000070000070000070000070000000700000700000007000007000007000007000007000000070000070000000700070000000700000700070000000000000000000000000000000000
310
00000000000000000000000000000000000000000000000000000000000700000000000007000007000000070000070000070000000700000700000700000700000700000007000007000000070007000000070000000700000700000700000700000007000007000007000007000007000000070000070000070000070000
310
00070000070000000700070000000700000700000700000000000000000000000000000000000000000000000000000007000007000007000007000000070000070000070000000700000700000700000007000700000007070007000007000000070000070000000700000700000700000007000700000007000007000007
310
00000007000007000000070000070007000000070000070000000700000700000700000007000007000000070007000007000000070000070000000700000700000700000700000700000007000007000000000000000000000000000000000000000000000000000000000000000000000000000000000000000000000000
310
00000000000000000000070700070000070000000700000700000007000007000007000007000000070000070000070000000700000700000700000700000007000007000007000000070000070000000700000700000700000700000700000007000007000000070007000000070000070700000000000000000000000000
310
00000000000000000000000000000000000000000000000000000000000000000000070000000700000700000700000007000007000007000000070000070000070000070000070000000700000700000007000700000007000000070000070007000000070000000700000700000700000700000700000007000007000007
310
00000700000007000007000000070007000000070000070007070000000000000000000000000000000000000000000000000000070000000700000700000700000007000007000007000000070000070000070000000700070000000007000700000700000007000007000000070000070000070000000700070000000700
310
00070000070000000700000700000007000007000700000007000007000000070000070000070000000700000700000007000700000700000007000007000000070000070000070000070000070000000700070000000000000000000000000000000000000000000000000000000000000000000000000000000000000000
310
00000000000000000000000000000007000007000007000000070000070000000700000700000700000700000007000007000007000000070000070000070700070000000700000700000700000007000007000000070000070000070000070000070000000700000700000007000700000007000707000000000000000000
310
00000000000000000000000000000000000000000000000000000000000000000000000000000700000000070000070000070000000700000700000700000007000007000007000007000007000000070000070000000700070000000700000007000700000700000007000000070000070000070000070000070000000700
310
00070000070000070000000700000700000007000700000007000007070000000000000000000000000000000000000000000000000000000007000000070000070000070000000700000700000700000007000007000007000000070007070000000700070000070000000700000700000007000007000007000000070007
310
00000007000007000007000000070000070000000700000700070000000700000700000007000007000007000000070000070000000700070000070000000700000700000007000007000007000007000007000000070700000000000000000000000000000000000000000000000000000000000000000000000000000000
310
00000000000000000000000000000000000000070700000700000700000007000007000000070000070000070000070000000700000700000700000007000007000000070007000000070000070000070000000700000700000007000007000007000007000007000000070000070000000700070000000707000000000000
310
00000000000000000000000000000000000000000000000000000000000000000000000000000000000000070000000007000007000007000000070000070000070000000700000700000700000700000700000007000007000000070007000000070000070000070000070000000700000007000007000007000007000007
310
00000007000007000007000007000000070000070000000700070000000700000700000000000000000000000000000000000000000000000000000000070700000007000007000007000000070000070000070000000700000700000700000007000007000000070007000007000000070000070000000700000700000700
310
00000700070000000700000700000700000007000007000000070000070007000000070000070000000700000700000700000007000007000000070007000007000000070000070000000700000700000700000700000700000007000000000000000000000000000000000000000000000000000000000000000000000000
310
00000000000000000000000000000000000000000000000700070000070000070000000700000700000007000007000007000007000000070000070000070000000700000700000007000700000007000007000007000000070000070000000700000700000700000700000700000007000007000000070007000000070000
310
00000000000000000000000000000000000000000000000000000000000000000000000000000000000000000000000700000000000700000700000700000007000007000007000000070000070000070000070000070000000700000700000007000700000007000007000007000007000000070000000700000700000700
310
00070000070000000700000700000700000700000007000007000000070007000000070007070000000000000000000000000000000000000000000000000000000007070000000700000700000700000007000007000007000000070000070000070000000700000700000007000700000700000007000007000000070000
310
07000007000000070007000000070000070000070000000700000700000007000007000700000007000007000000070000070000070000000700000700000007000700000700000007000007000000070000070000070000070000070000070000000000000000000000000000000000000000000000000000000000000000
310
00000000000000000000000000000000000000000000000000000007000007000007000007000000070000070000000700000700000700000700000007000007000007000000070000070000000700070000000700000700000700000007000007000000070000070000070000070000070000000700000700000007000700
310
00070700000000000000000000000000000000000000000000000000000000000000000000000000000000000000000000000007070007000000070000070000070000000700000700000700000007000007000007000007000007000000070000070000000700070000000700000700000700000700000007000000070000
310
07000007000007000007000000070000070000070000070000000700000700000007000700000007000700000000000000000000000000000000000000000000000000000000000707000000070000070000070000000700000700000700000700000007000007000000070000070000000700070000070000000700000700
310
00000700000700000700000007000700000007000007000007000000070000070000000700000700070000000700000700000007000007000007000000070000070000000700070000070000000700000700000007000007000007000007000007000700000000000000000000000000000000000000000000000000000000
310
00000000000000000000000000000000000000000000000000000000000000070700000700000700000700000007000007000000070000070000070000070000000700000700000700000007000007000000070007000000070000070000070000000700000700000007000007000007000007000007000000070000070000
310
00070007000700000000000000000000000000000000000000000000000000000000000000000000000000000000000000000000000000000700000700000007000007000007000000070000070000070000000700000700000700000700000700000007000007000000070007000000070000070000070000070000000700
310
00000700000700000700000700000700000007000007000007000007000000070000070000000700070000000707000000000000000000000000000000000000000000000000000000000007000700000007000007000007000000070000070000070000070000000700000700000007000007000000070007000007000000
310
07000007000000070000070000070000000700070000000700000700000700000007000007000000070000070007000000070000070000000700000700000700000007000007000000070007000007000000070000070000000700000700000700000700000700070000000000000000000000000000000000000000000000
310
00000000000000000000000000000000000000000000000000000000000000000000000007070000070000070000070000000700000700000007000007000007000007000000070000070000070700000700000700000007000700000007000007000007000000070000070000000700000700000700000700000700000007
310
00000700000007000707000000000000000000000000000000000000000000000000000000000000000000000000000000000000000000000000000007000000070000000700000700000700000007000007000007000000070000070000070000070000070000000700000700000700000700000007000007000007000007
310
00000007000000070000070000070000070000070000000700000700000700000700000007000007000000070007000000070000000000000000000000000000000000000000000000000000000000000700070000000700000700000700000007000007000007070007000000070000070000000700000700000007000700
310
00070000000700000700000007000007000007000000070007000000070000070000070000000700000700000007000007000700000007000007000000070000070000070000000700000700000007000700000700000007000007000000070000070000070000070000070700000000000000000000000000000000000000
310
00000000000000000000000000000000000000000000000000000000000000000000000000000000070007000007000007000007000000070000070000000700000700000700000700000007000007070000070000070000070000000700070000000700000700000700000007000007000000070000070000070000070000
310
07000000070000070000000700070000000000000000000000000000000000000000000000000000000000000000000000000000000000000000000000000000000700070007000000070000070000070000000700000700000700000007000007000007000007000007000000070000070000070000070000000700000700
310
00070000070000000700000007000007000007000007000007000000070000070000070000070000000700000700000007000700000700000000000000000000000000000000000000000000000000000000000007070007000000070000070000070000000700000700000007000700000007000007000000070000070000
310
00070007000007000000070000070000000700000700000700000007000700000007000007000007000000070000070000000700000700070000000700000700000007000007000007000000070000070000000700070000070000000700000700000007000007000007000007000007000000000000000000000000000000
310
00000000000000000000000000000000000000000000000000000000000000000000000000000000000000000700000700000700000700000700000007000007000000070000070000070000070000000700000007000007000007000007000000070007000000070000070000070000000700000700000007000007000007
310
00000700000700000007000007000000070000000000000000000000000000000000000000000000000000000000000000000000000000000000000000000000000000000007000007000700000007000007000007000000070000070000070000000700000700000700000700000700000007000007000007000007000000
310
07000007000007000007000000070000000700000700000700000700000700000007000007000007000007000000070000070000000700070007000000000000000000000000000000000000000000000000000000000000000707000700000007000007000007000000070000070000000700070000000700000700000007
310
00000700000007000700000700000007000007000000070000070000070000000700070000000700000700000700000007000007000000070000070007000000070000070000000700000700000700000007000007000000070007000007000000070000070000000700000700000700000700070000000000000000000000
310
00000000000000000000000000000000000000000000000000000000000000000000000000000000000000000000000000070000070000070000070000070000000700000700000007000007000007000007000000070000000700000700000700000700000007000700000007000007000007000000070000070000000700
310
00070000070000070000070000000700000700000707000000000000000000000000000000000000000000000000000000000000000000000000000000000000000000000000000000000700000700070000000700000700000700000007000007000007000000070000070000070000070000070000000700000700000700
310
00070000000700000700000700000700000007000000070000070000070000070000070000000700000700000700000700000007000007000000070007070000000000000000000000000000000000000000000000000000000000000007000700070000000700000700000700000007000007000000070007000000070000
310
07000000070000070000000700070000070000000700000700000007000007000007000000070007000000070000070000070000000700000700000007000007000700000007000007000000070000070000070000000700000700000007000700000700000007000007000000070000070000070000070700000000000000
310
00000000000000000000000000000000000000000000000000000000000000000000000000000000000000000000000000000000000707000007000007000007000007000000070000070000000700000700000700000700000700000000070000070000070000070000000700070000000700000700000700000007000007
310
00000007000007000007000007000007000000070000070007000000000000000000000000000000000000000000000000000000000000000000000000000000000000000000000000000000000007070000070007000000070000070000070000000700000700000700000007000007000007000007070007000000070000
310
07000007000007000000070000070000070000070000000700000007000007000007000007000007000000070000070000070000070000000700000700000007000700000000000000000000000000000000000000000000000000000000000000000700070007000000070000070000070000000700000700000007000700
310
00000700000700000007000007000000070007000007000000070000070000000700000700000700000007000700000007000007000007000000070000070000000700000700070000000700000700000007000007000007000000070000070000000700070000070000000700000700000007000007000007000007070000
310
00000000000000000000000000000000000000000000000000000000000000000000000000000000000000000000000000000000000000000007000700000700000700000700000700000007000007000000070000070000070000070000070000000007000007000007000007000000070007000000070000070000070000
310
00070000070000000700000700000700000700000700000007000007070000000000000000000000000000000000000000000000000000000000000000000000000000000000000000000000000000000000000700000007000700000007000007000007000000070000070000070000000700000700000700000007000700
310
00000700000700000700000700000007000007000007000007000000070000000700000700000700000700000700000007000007000007000007000000070000070000000707000000000000000000000000000000000000000000000000000000000000000007000007000700000007000007000007000000070000070000
310
00070007000000070000070000000700000700000007000700000700000007000007000000070000070000070000000700070000000700000700000700000007000007000000070000070007000000070000070000000700000700000700000007000007000000070007000007000000070000070000000700000700000700
310
00070000000000000000000000000000000000000000000000000000000000000000000000000000000000000000000000000000000000000000000000070000070000070000070000070000070000000700000700000007000007000007070007000007000000000700000700000700000700000007000700000007000007
310
00000700000007000007000000070000070000070000070000070000000700000700000000000000000000000000000000000000000000000000000000000000000000000000000000000000000000000000000000000007070000000700070000000700000700000700000007000007000007000000070000070000070000
310
00070007000000070000070000070000070000000700000700000700000700000007000000070000070000070000070000070000000700000700000700000700000007000007000000070000000000000000000000000000000000000000000000000000000000000000000700000700070000000700000700000700000007
310
00000700000007000700000007000007000000070000070000000700070000070000000700000700000007000007000007000000070007000000070000070000070000000700000700000007000007000700000007000007000000070000070000070000000700000700000007000700000700000007000007000000070000
310
07000007000700000000000000000000000000000000000000000000000000000000000000000000000000000000000000000000000000000000000000000000000007000007000007000007000007000007000000070000070000000700000700000007000700000700000000070000070000070000070000000700070000
310
00070000070000070000000700000700000007000007000007000007000007000000070700000000000000000000000000000000000000000000000000000000000000000000000000000000000000000000000000000000000000000700000000070007000000070000070000070000000700000700000700000007000700
310
00000700000007000700000007000007000007000007000000070000070000070000070000000700000007000007000007000007000007000000070000070000070000070000000700000700070000000000000000000000000000000000000000000000000000000000000000000007070000070007000000070000070000
310
07000000070000070000000700070000000700000700000007000007000000070007000007000000070000070000000700000700000700000007000700000007000007000007000000070000070000000700000700070000000700000700000007000007000007000000070000070000000700070000070000000700000700
310
00000700000700070700000000000000000000000000000000000000000000000000000000000000000000000000000000000000000000000000000000000000000000000000070700000700000700000700000700000700000007000007000000070000070000000700070000070000000007000007000007000007000000
310
07000700000007000007000007000000070000070000000700000700000700000700000700000007000000000000000000000000000000000000000000000000000000000000000000000000000000000000000000000000000000000000000007070000000007000700000007000007000007000000070000070000070000
310
07000007000000070000000700070000000700000700000700000700000007000007000007000007000000070000000700000700000700000700000700000007000007000007000007000000070000070700000000000000000000000000000000000000000000000000000000000000000000000707000007000700000007
310
00000700000700000007000007000000070007000000070000070000000700000700000007000700000700000007000007000000070000070000070000000700070000000700000700000700000007000007000000070000070007000000070000070000000700000700000700000007000007000000070007000007000000
310
07000007000000070000070000000000000000000000000000000000000000000000000000000000000000000000000000000000000000000000000000000000000000000000000000000700070000070000070000070000070000070000000700000700000007000007000000070007000007000000000700000700000700
310
00070000000700070000000700000700000700000007000007000000070000070000070000070000070007000000000000000000000000000000000000000000000000000000000000000000000000000000000000000000000000000000000000000000000707000000000700070000000700000700000700000007000007
310
00000700000700000700000007000000070007000000070000070000070000070000000700000700000700000700000007000000070000070000070000070000070000000700000700000700000700000007000007000000000000000000000000000000000000000000000000000000000000000000000007000700000700
310
07000000070000070000070000000700000700000007000700000007000007000000070000070000000700070000070000000700000700000007000007000007000000070007000000070000070000070000000700000700000007000007000700000007000007000000070000070000070000000700000700000007000700
310
00070000000700000700000007070000000000000000000000000000000000000000000000000000000000000000000000000000000000000000000000000000000000000000000000000000000000070007000007000007000007000007000007000000070000070000000700000700000007000700000700000000070000
310
07000007000007000000070007000000070000070000070000000700000700000007000007000007000007000007070000000000000000000000000000000000000000000000000000000000000000000000000000000000000000000000000000000000000000000007070700000000070007000000070000070000070000
310
00070000070000070000070000070000000700000007000700000007000007000007000007000000070000070000070000070000000700000007000007000007000007000007000000070000070000070000070000000700070000000000000000000000000000000000000000000000000000000000000000000000000700
310
07000007000700000007000007000007000000070000070000000700070000000700000700000007000007000000070007000007000000070000070000000700000700000700000007000700000007000007000007000000070000070000000700000700070000000700000700000007000007000007000000070000070000
310
00070007000007000000070000070007070000000000000000000000000000000000000000000000000000000000000000000000000000000000000000000000000000000000000000000000000000000000000700000700000700000700000700000700000700000007000007000000070000070000000700070000070000
310
00000700000700000700000700000007000700000007000007000007000000070000070000000700000700000700000700000700000000000000000000000000000000000000000000000000000000000000000000000000000000000000000000000000000000000000000000000707070000000007000700000007000007
310
00000700000007000700000007000007000007000000070000000700070000000700000700000700000700000007000007000007000007000000070000000700000700000700000700000700000007000007000007000007000000070000000000000000000000000000000000000000000000000000000000000000000000
310
00000700000700000700070000000700000700000700000007000007000000070007000000070000070000000700000700000007000700000700000007000007000000070000070000070000000700070000000700000700000700000007000007000000070000070007000000070000070000000700000700000700000007
310
00000700000007000700000700000007000007000000000000000000000000000000000000000000000000000000000000000000000000000000000000000000000000000000000000000000000000000000000000000000070000070000070000070000070000070000070000000700000700000007000007000000070007
310
00000700000000070000070000070000070000000700070000000700000700000700000007000007000000070000070000070000070700000000000000000000000000000000000000000000000000000000000000000000000000000000000000000000000000000000000000000000000000070007000000000700070000
310
00070000070000070000070000070000000700000700000700000007000000070007000000070000070000070000070000000700000700000700000700000007000000070000070000070000070000070000000700000700000700000700000700000000000000000000000000000000000000000000000000000000000000
310
00000000000000070000070000070007000000070000070000070000000700000700000007000700000007000007000000070000070000000700070000070000000700000700000007000007000007000000070007000000070000070000070000000700000700000007000007000700000007000007000000070000070000
310
07000000070000070000000700070000070000000707000000000000000000000000000000000000000000000000000000000000000000000000000000000000000000000000000000000000000000000000000000000000000000000707000007000007000007000007000007000007000000070000070000000700000700
310
00000700070000070000000007000007000007000007000000070007000000070000070000070000000700000700000007000007000007000007000000000000000000000000000000000000000000000000000000000000000000000000000000000000000000000000000000000000000000000000000007000700000000
310
07000700000007000007000007000007000007000000070000070000070000000700000007000700000007000007000007000007000000070000070000070000070000000700000007000007000007000007000007000000070000070000070000070707000000000000000000000000000000000000000000000000000000
310
00000000000000000000000700000007000007000700000007000007000007000000070000070000000700070000000700000700000007000007000000070007000007000000070000070000000700000700000700000007000700000007000007000007000000070000070000000700000700070000000700000700000007
310
00000700000700000007000007000000070007000007000707000000000000000000000000000000000000000000000000000000000000000000000000000000000000000000000000000000000000000000000000000000000000000000000000070700000700000700000700000700000700000700000007000007000000
310
07000007000000070007000007000000000700000700000700000700000007000700000007000007000007000000070000070000000700000700000700070000000000000000000000000000000000000000000000000000000000000000000000000000000000000000000000000000000000000000000000000000000700
310
07000000000700070000000700000700000700000700000700000007000007000007000000070000000700070000000700000700000700000700000007000007000007000007000000070000000700000700000700000700000700000007000007000007000007000000000000000000000000000000000000000000000000
310
00000000000000000000000000000000070000000700000700070000000700000700000700000007000007000000070007000000070000070000000700000700000007000700000700000007000007000000070000070000070000000700070000000700000700000700000007000007000000070000070007000000070000
310
07000000070000070000070000000700000700000007000700000700000000000000000000000000000000000000000000000000000000000000000000000000000000000000000000000000000000000000000000000000000000000000000000000000000700070000070000070000070000070000070000070700000700
310
00070000000700000700000007000700000700000000070000070000070000070000000700070000000700000700000700000007000007000000070000070000070000000000000000000000000000000000000000000000000000000000000000000000000000000000000000000000000000000000000000000000000000
310
00000007000700000000070007000000070000070000070000070000070000000700000700000700000007000000070007000000070000070000070000070000000700000700000700000700000007000000070000070000070000070000070000000700000700000707000000000000000000000000000000000000000000
310
00000000000000000000000000000000000000000007000000070000070007000000070000070000070000000700000700000007000700000007000007000000070000070000000700070000070000000700000700000007000007000007000000070007000000070000070000070000000700000700000007000007000700
310
00000700000700000007000007000007000000070000070000000700070700000000000000000000000000000000000000000000000000000000000000000000000000000000000000000000000000000000000000000000000000000000000000000000000000000000070007000007000007000007000007000007070000
310
07000007000007000000070000070000000700070000070000000007000007000007000007000000070007000000070000070000070000000700000700000007000007000700000000000000000000000000000000000000000000000000000000000000000000000000000000000000000000000000000000000000000000
310
00000000070000000700070000000007000700000007000007000007000007000007000000070000070000070000000700000007000700000007000007000007000007000000070000070000070000070000000700000007000007000007000007000007000000070000070000070000000000000000000000000000000000
310
00000000000000000000000000000000000000000000000000070700000007000007000707000007000007000007000000070000070000000700070000000700000700000007000007000000070007000007000000070000070000000700000700000700000007000700000007000007000007000000070000070000000700
310
00070007000000070000070000000700000700000700000007000007000000070700000000000000000000000000000000000000000000000000000000000000000000000000000000000000000000000000000000000000000000000000000000000000000000000000000000000007000700000700000700000700000700
310
00000700000700000700000700000007000007000000070007000007000000000700000700000700000700000007000700000007000007000007000000070000070000000700000700000000000000000000000000000000000000000000000000000000000000000000000000000000000000000000000000000000000000
310
00000000000000000007000007070007000000000700070000000700000700000700000700000700000007000007000007000000070000000700070000000700000700000700000700000007000007000007000007000000070000000700000700000700000700000700000007000007070000000000000000000000000000
310
00000000000000000000000000000000000000000000000000000000000007070000000700000700000700000700000700000700000007000007000000070007000000070000070000000700000700000007000700000700000007000007000000070000070000070000000700070000000700000700000700000007000007
310
00000007000007000700000007000007000000070000070000070000000700000700070000000000000000000000000000000000000000000000000000000000000000000000000000000000000000000000000000000000000000000000000000000000000000000000000000000000000007070000070000070000070000
310
07000007070000070000070000070000070000000700000700000007000700000700000000070000070000070000070000000700070000000700000700000700000007000007000000070007000000000000000000000000000000000000000000000000000000000000000000000000000000000000000000000000000000
310
00000000000000000000000000000700000707000700000000070007000000070000070000070000070000070000000700000700000700000007000000070007000000070000070000070000070000000700000700000700000700000007000000070000070000070000070000070000000700070700000000000000000000
310
00000000000000000000000000000000000000000000000000000000000000000000070007000000070000070000070000070000070000070000000700000700000007000700000007000007000000070000070000000700070000070000000700000700000007000007000007000000070007000000070000070000070000
310
00070000070000000700000700070000000700000700000007000007000007000000070000070000000000000000000000000000000000000000000000000000000000000000000000000000000000000000000000000000000000000000000000000000000000000000000000000000000000000000000707000007000007
310
00000700000700000007000007000007000007000007000000070000070000000700070000070000000007000007000007000007000000070007000000070000070000070000000700000700000007000000000000000000000000000000000000000000000000000000000000000000000000000000000000000000000000
310
00000000000000000000000000000000000000070000070700070000000700000700000007000007000007000007000007000000070000070000070000000700000007000700000007000007000007000007000000070000070000070000070000000700000007000007000007000007000007000000070700000000000000
310
00000000000000000000000000000000000000000000000000000000000000000000000000000007000700000007000700000007000007000007000007000000070000070000000700070000000700000700000007000007000000070007000007000000070000070000000700000700000700000007000700000007000007
310
00000700000007000007000000070000070007000000070000070000000700000700000700000007070000000000000000000000000000000000000000000000000000000000000000000000000000000000000000000000000000000000000000000000000000000000000000000000000000000000000000000000070000
310
00070000070000070000070000000700000700000700000700000700000007000007000000070007000007000000000700000700000700000700000007000700000007000007000007000000070000070007000000000000000000000000000000000000000000000000000000000000000000000000000000000000000000
310
00000000000000000000000000000000000000000000000007000007070007000000070000070000000700000700000700000700000700000007000007000007000000070000000700070000000700000700000700000700000007000007000007000007000000070000000700000700000700000700000700070000000000
310
00000000000000000000000000000000000000000000000000000000000000000000000000000000000000070000070000000700070000000700000700000700000700000007000007000000070007000000070000070000000700000700000007000700000700000007000007000000070000070000070000000700070000
310
00070000070000070000000700000700000007000007000700000007000007000000070000070000070007000000000000000000000000000000000000000000000000000000000000000000000000000000000000000000000000000000000000000000000000000000000000000000000000000000000000000000000000
310
00000700000007000007000007000007000000070000070000070000070000070000000700000700000007000700000700000000070000070000070000070000000700070000000700000700000700000007000007070000000000000000000000000000000000000000000000000000000000000000000000000000000000
310
00000000000000000000000000000000000000000000000000000000000700000707000707000007000007000000070000070000070000070000070000000700000700000700000007000000070007000000070000070000070000070000000700000700000700000700000007000000070000070000070000070000070000
310
00000000000000000000000000000000000000000000000000000000000000000000000000000000000000000000000007000007000000070007000000070000070000070000070000000700000700000007000700000007000007000000070000070000000700070000070000000700000700000007000007000007000000
310
07000700000007000007000007000000070000070000000700000700070000000700000700000007000007000007000000000000000000000000000000000000000000000000000000000000000000000000000000000000000000000000000000000000000000000000000000000000000000000000000000000000000000
310
00000000000007070000000700000700000700000700000007000007000007000007000007000000070000070000000700070000070000000007000007000007000007000000070007000000070000070000070000000700070000000000000000000000000000000000000000000000000000000000000000000000000000
310
00000000000000000000000000000000000000000000000000000000000000000000070000070700000700000700000700000007000007000007000007000007000000070000070000070000000700000007000700000007000007000007000007000000070000070000070000070000000700000007000007000007000007
310
07000000000000000000000000000000000000000000000000000000000000000000000000000000000000000000000000000000070700000700000700000700000007000007000007000007000000070000070000000700070000000700000700000007000007000000070007000007000000070000070000000700000700
310
00070000000700070000000700000700000700000007000007000000070000070007000000070000070000000700000707000000000000000000000000000000000000000000000000000000000000000000000000000000000000000000000000000000000000000000000000000000000000000000000000000000000000
310
00000000000000000000000707000000070007000000070000070000000700000700000700000700000700000007000007000000070007000007000000000700000700000700000700000007000700000007000007000007000000070000000000000000000000000000000000000000000000000000000000000000000000
310
00000000000000000000000000000000000000000000000000000000000000000000000000000007000007070000070000070000070000000700000700000700000700000700000007000007000007000000070000000700070000000700000700000700000700000007000007000007000007000000070000000700000700
310
00070707000000000000000000000000000000000000000000000000000000000000000000000000000000000000000000000000000000000007070000070000070000070000000700000700000700000700000007000007000000070007000000070000070000000700000700000007000700000700000007000007000000
310
07000007000007000000070007000000070000070000070000000700000700000007000007000700000007000007000000070700000000000000000000000000000000000000000000000000000000000000000000000000000000000000000000000000000000000000000000000000000000000000000000000000000000
310
00000000000000000000000000000000070700000007000700000007000007000000070000070000070000070000070000000700000700000007000700000700000000070000070000070000070000000700070000000700000700000700070000000000000000000000000000000000000000000000000000000000000000
310
00000000000000000000000000000000000000000000000000000000000000000000000000000000000000000700000707070007000007000007000000070000070000070000070000070000000700000700000700000007000000070007000000070000070000070000070000000700000700000700000700000007000000
310
07000007000700000000000000000000000000000000000000000000000000000000000000000000000000000000000000000000000000000000000000070007000007000007000007000000070000070000070000070000000700000700000007000700000007000007000000070000070000000700070000070000000700
310
00070000000700000700000700000007000700000007000007000007000000070000070000000700000700070000000700000700070700000000000000000000000000000000000000000000000000000000000000000000000000000000000000000000000000000000000000000000000000000000000000000000000000
310
00000000000000000000000000000000000000000007070000070000070000000700000700000007000007000007000007000007000000070000070000000700070000070000000007000007000007000007000000070007000000070000070000070000000000000000000000000000000000000000000000000000000000
310
00000000000000000000000000000000000000000000000000000000000000000000000000000000000000000000000000070000070707000700000700000700000007000007000007000007000007000000070000070000070000000700000007000700000007000007000007000007000000070000070000070000070000
310
00070000000707070700000000000000000000000000000000000000000000000000000000000000000000000000000000000000000000000000000000000000000007000700070000000700000700000007000007000007000007000000070000070000000700070000000700000700000007000007000000070007000007
310
00000007000007000000070000070000070000000700070000000700000700000700000007000007000000070000070007000000070000070000000000000000000000000000000000000000000000000000000000000000000000000000000000000000000000000000000000000000000000000000000000000000000000
310
00000000000000000000000000000000000000000000000000000707000007000007000000070000070000000700000700000700000700000700000007000007000000070007000007000000000700000700000700000700000007000700000007000007070000000000000000000000000000000000000000000000000000
310
00000000000000000000000000000000000000000000000000000000000000000000000000000000000000000000000000000000000007000007000707070000070000070000000700000700000700000700000700000007000007000007000000070000000700070000000700000700000700000700000007000007000007
310
00000700000007000707070000000000000000000000000000000000000000000000000000000000000000000000000000000000000000000000000000000000000000000000070000070007000000070000070000000700000700000700000700000007000007000000070007000000070000070000000700000700000007
310
00070000070000000700000700000007000007000007000000070007000000070000070000070000000700000700000007000007000700000007070000000000000000000000000000000000000000000000000000000000000000000000000000000000000000000000000000000000000000000000000000000000000000
310
00000000000000000000000000000000000000000000000000000000000000070700000700000700000007000007000000070000070000070000070000070000000700000700000007000700000700000000070000070000070000070000000700070000000700000700000000000000000000000000000000000000000000
310
00000000000000000000000000000000000000000000000000000000000000000000000000000000000000000000000000000000000000000000000700000700070707000007000007000000070000070000070000070000070000000700000700000700000007000000070007000000070000070000070000070000000700
310
00070000070000070000070707000000000000000000000000000000000000000000000000000000000000000000000000000000000000000000000000000000000000000000000000000007000007000700000007000007000000070000070000070000070000000700000700000007000700000007000007000000070000
310
07000000070007000007000000070000070000000700000700000700000007000700000007000007000007000000070000070000000700000700070007070000000000000000000000000000000000000000000000000000000000000000000000000000000000000000000000000000000000000000000000000000000000
310
00000000000000000000000000000000000000000000000000000000000000000000000007070000070000070000000700000700000007000007000007000007000007000000070000070000000700070000070000000007000007000007000007000000070007000000070700000000000000000000000000000000000000
310
00000000000000000000000000000000000000000000000000000000000000000000000000000000000000000000000000000000000000000000000000000000070000070000070700000700000700000007000007000007000007000007000000070000070000070000000700000007000700000007000007000007000007
310
00000007000007000007000007070000000000000000000000000000000000000000000000000000000000000000000000000000000000000000000000000000000000000000000000000000000000070000000700070000000700000700000007000007000007000007000000070000070000000700070000000700000700
310
00000700000700000007000700000700000007000007000000070000070000070000000700070000000700000700000700000007000007000000070000070007000000000000000000000000000000000000000000000000000000000000000000000000000000000000000000000000000000000000000000000000000000
310
00000000000000000000000000000000000000000000000000000000000000000000000000000000000707000007000007000000070000070000000700000700000700000700000700000007000007000000070007000007000000000700000700000700000700000007000700000700000000000000000000000000000000
310
00000000000000000000000000000000000000000000000000000000000000000000000000000000000000000000000000000000000000000000000000000000000000000007000007000000070707070000070000000700000700000700000700000700000007000007000007000000070000000700070000000700000700
310
00070000070000000700000700070707000000000000000000000000000000000000000000000000000000000000000000000000000000000000000000000000000000000000000000000000000000000000000007000000070007000000070000070000000700000700000700000700000007000007000000070007000000
310
07000007000000070000070000000700070000070000000700000700000007000007000007000000070007000000070000070000070000000700000700000007000007000000000000000000000000000000000000000000000000000000000000000000000000000000000000000000000000000000000000000000000000
310
00000000000000000000000000000000000000000000000000000000000000000000000000000000000000000000070700000700000700000007000007000000070000070000070000070000070000000700000700000007000700000700000000070000070000070000070000000700070700000000000000000000000000
310
00000000000000000000000000000000000000000000000000000000000000000000000000000000000000000000000000000000000000000000000000000000000000000000000000000700000700000007070707000007000000070000070000070000070000070000000700000700000700000007000000070007000000
310
07000007000007000007000000070707070000000000000000000000000000000000000000000000000000000000000000000000000000000000000000000000000000000000000000000000000000000000000000000000070700000007000700000007000007000000070000070000070000070000000700000700000007
310
00070000000700000700000007000007000000070007000007000000070000070000000700000700000700000007000700000007000007000007000000070000070000000707000000000000000000000000000000000000000000000000000000000000000000000000000000000000000000000000000000000000000000
310
00000000000000000000000000000000000000000000000000000000000000000000000000000000000000000000000000000007070000070000070000000700000700000007000007000007000007000007000000070000070000000700070000070000000007000007000007000007000000070000000000000000000000
310
00000000000000000000000000000000000000000000000000000000000000000000000000000000000000000000000000000000000000000000000000000000000000000000000000000000000000070000070000000700070707000700000007000007000007000007000007000000070000070000070000000700000007
310
00070000000700000700000700000707070007000000000000000000000000000000000000000000000000000000000000000000000000000000000000000000000000000000000000000000000000000000000000000000000000000007070000000700070000000700000700000007000007000007000007000000070000
310
07000000070007000000070000070000000700000700000007000700000700000007000007000000070000070000070000000700070000000700000700000700000007000007000700000000000000000000000000000000000000000000000000000000000000000000000000000000000000000000000000000000000000
310
00000000000000000000000000000000000000000000000000000000000000000000000000000000000000000000000000000000000000000707000007000007000000070000070000000700000700000700000700000700000007000007000000070007000007000000000700000700000700000707070000000000000000
310
00000000000000000000000000000000000000000000000000000000000000000000000000000000000000000000000000000000000000000000000000000000000000000000000000000000000000000000000007000007000000070000070707070000000700000700000700000700000700000007000007000007000000
310
07000000070007000000070000070707070700070000000000000000000000000000000000000000000000000000000000000000000000000000000000000000000000000000000000000000000000000000000000000000000000000000000000000007070700070007000000070000070000000700000700000700000700
310
00000700000700000007000700000007000007000000070000070000000700070000070000000700000700000007000007000007000000070007000000070000070000070000000700000700000000000000000000000000000000000000000000000000000000000000000000000000000000000000000000000000000000
310
00000000000000000000000000000000000000000000000000000000000000000000000000000000000000000000000000000000000000000000000000070700000700000700000007000007000000070000070000070000070000070000000700000700000007000700000700000000070000070000070007070000000000
310
00000000000000000000000000000000000000000000000000000000000000000000000000000000000000000000000000000000000000000000000000000000000000000000000000000000000000000000000000000000000000000700000007000007000007070707070000070000070000070000070000000700000700
310
00070000000700000007000707070707070707000007000000000000000000000000000000000000000000000000000000000000000000000000000000000000000000000000000000000000000000000000000000000000000000000000000000000000000000000000070707070700000007000007000000070000070000
310
07000007000000070000070000000700070000000700000700000007000007000000070007000007000000070000070000000700000700000700000007000700000007000007000007000000070700000000000000000000000000000000000000000000000000000000000000000000000000000000000000000000000000
310
00000000000000000000000000000000000000000000000000000000000000000000000000000000000000000000000000000000000000000000000000000000000000070700070000070000000700000700000007000007000007000007000007000000070000070000000700070000070000000007000007000707000000
310
00000000000000000000000000000000000000000000000000000000000000000000000000000000000000000000000000000000000000000000000000000000000000000000000000000000000000000000000000000000000000000000000000070000000700000700000700000007070707070007000007000007000000
310
07000007000007000007070707070707070000000700000000000000000000000000000000000000000000000000000000000000000000000000000000000000000000000000000000000000000000000000000000000000000000000000000000000000000000000000000000000000000007070700000700000700000007
310
00000700000700000700000007000007000000070007000000070000070000000700000700000007000700000700000007000007000000070000070000070000000700070000000700000700000700070000000000000000000000000000000000000000000000000000000000000000000000000000000000000000000000
310
00000000000000000000000000000000000000000000000000000000000000000000000000000000000000000000000000000000000000000000000000000000000000000000000000070707000007000000070000070000000700000700000700000700000700000007000007000000070007000007000000000700000700
310
00000000000000000000000000000000000000000000000000000000000000000000000000000000000000000000000000000000000000000000000000000000000000000000000000000000000000000000000000000000000000000000000000000000000007000000070000070000070000000700000707070707070707
310
07070707070707070707070707000007000000070007000000000000000000000000000000000000000000000000000000000000000000000000000000000000000000000000000000000000000000000000000000000000000000000000000000000000000000000000000000000000000000000000000007070707070000
310
07000000070000070000070000070000000700000700000007000700000007000007000000070000070000000700070000070000000700000700000007000007000007000000070007000000070000070000070000000000000000000000000000000000000000000000000000000000000000000000000000000000000000
310
00000000000000000000000000000000000000000000000000000000000000000000000000000000000000000000000000000000000000000000000000000000000000000000000000000000000000070700000700000007000007000000070000070000070000070000070000000700000700000007000700000700000000
310
07070000000000000000000000000000000000000000000000000000000000000000000000000000000000000000000000000000000000000000000000000000000000000000000000000000000000000000000000000000000000000000000000000000000000000000000000000007000007000007000000070000070000
310
07000007000007000000070000070000070000000700000000000000000000000000000000000000000000000000000000000000000000000000000000000000000000000000000000000000000000000000000000000000000000000000000000000000000000000000000000000000000000000000000000000000000000
310
00070707000700000007000007000007000007000000070000070000000700070000000700000700000007000007000000070007000007000000070000070000000700000700000700000007000700000007000007070000000000000000000000000000000000000000000000000000000000000000000000000000000000
310
00000000000000000000000000000000000000000000000000000000000000000000000000000000000000000000000000000000000000000000000000000000000000000000000000000000000000000000000000070700070000000700000700000007000007000007000007000007000000070000070000000700070000
310
07000707000000000000000000000000000000000000000000000000000000000000000000000000000000000000000000000000000000000000000000000000000000000000000000000000000000000000000000000000000000000000000000000000000000000000000000000000000000000000000700000700000007
310
00000700000700000700000700000007000007000007000000000000000000000000000000000000000000000000000000000000000000000000000000000000000000000000000000000000000000000000000000000000000000000000000000000000000000000000000000000000000000000000000000000000000000
310
00000000000000000707070000000700000700000700000700000007000007000000070007000000070000070000000700000700000007000700000700000007000007000000070000070000070000000700070000000707000000000000000000000000000000000000000000000000000000000000000000000000000000
310
00000000000000000000000000000000000000000000000000000000000000000000000000000000000000000000000000000000000000000000000000000000000000000000000000000000000000000000000000000000000007070707000000070000070000000700000700000700000700000700000007000007000000
310
07000707070700000000000000000000000000000000000000000000000000000000000000000000000000000000000000000000000000000000000000000000000000000000000000000000000000000000000000000000000000000000000000000000000000000000000000000000000000000000000000000000000000
310
07000000070000070000070000070000070000000000000000000000000000000000000000000000000000000000000000000000000000000000000000000000000000000000000000000000000000000000000000000000000000000000000000000000000000000000000000000000000000000000000000000000000000
310
00000000000000000000000000000007070707070000070000070000070000000700000700000007000700000007000007000000070000070000000700070000070000000700000700000007000007000007000000070007000707000000000000000000000000000000000000000000000000000000000000000000000000
310
00000000000000000000000000000000000000000000000000000000000000000000000000000000000000000000000000000000000000000000000000000000000000000000000000000000000000000000000000000000000000000000000000070707070007000007000000070000070000070000070000070000000700
310
00070007070707070000000000000000000000000000000000000000000000000000000000000000000000000000000000000000000000000000000000000000000000000000000000000000000000000000000000000000000000000000000000000000000000000000000000000000000000000000000000000000000000
310
00000000000000000000000000000000000000000000000000000000000000000000000000000000000000000000000000000000000000000000000000000000000000000000000000000000000000000000000000000000000000000000000000000000000000000000000000000000000000000000000000000000000000
310
00000000000000000000000000000000000000000000000707070007000007000007000000070000070000000700070000000700000700000007000007000000070007000007000000070000070000000700000700000700000007000700000000000000000000000000000000000000000000000000000000000000000000
310
00000000000000000000000000000000000000000000000000000000000000000000000000000000000000000000000000000000000000000000000000000000000000000000000000000000000000000000000000000000000000000000000000000000000000070007070707000700000007000007000007000007000007
310
00000007070707000000000000000000000000000000000000000000000000000000000000000000000000000000000000000000000000000000000000000000000000000000000000000000000000000000000000000000000000000000000000000000000000000000000000000000000000000000000000000000000000
310
00000000000000000000000000000000000000000000000000000000000000000000000000000000000000000000000000000000000000000000000000000000000000000000000000000000000000000000000000000000000000000000000000000000000000000000000000000000000000000000000000000000000000
310
00000000000000000000000000000000000000000000000000000000000007070700000700000700000007000007000000070007000000070000070000000700000700000007000700000700000007000007000000070000070000070000000700000000000000000000000000000000000000000000000000000000000000
310
00000000000000000000000000000000000000000000000000000000000000000000000000000000000000000000000000000000000000000000000000000000000000000000000000000000000000000000000000000000000000000000000000000000000000000000000000000000070707070700000700000700000707
310
07070707070707070700000000000000000000000000000000000000000000000000000000000000000000000000000000000000000000000000000000000000000000000000000000000000000000000000000000000000000000000000000000000000000000000000000000000000000000000000000000000000000000
310
00000000000000000000000000000000000000000000000000000000000000000000000000000000000000000000000000000000000000000000000000000000000000000000000000000000000000000000000000000000000000000000000000000000000000000000000000000000000000000000000000000000000000
310
00000000000000000000000000000000000000000000000000000000000000000000000000070707070000070000000700000700000007000700000007000007000000070000070000000700070000070000000700000700000007000007000007070700000000000000000000000000000000000000000000000000000000
310
00000000000000000000000000000000000000000000000000000000000000000000000000000000000000000000000000000000000000000000000000000000000000000000000000000000000000000000000000000000000000000000000000000000000000000000000000000000000000000000000007070707070707
310
07070707000007000007000000000000000000000000000000000000000000000000000000000000000000000000000000000000000000000000000000000000000000000000000000000000000000000000000000000000000000000000000000000000000000000000000000000000000000000000000000000000000000
310
00000000000000000000000000000000000000000000000000000000000000000000000000000000000000000000000000000000000000000000000000000000000000000000000000000000000000000000000000000000000000000000000000000000000000000000000000000000000000000000000000000000000000
310
00000000000000000000000000000000000000000000000000000000000000000000000000000000000000000707070007000000070000070000000700070000000700000700000007000007000000070007000007000000070000070000000700000700070700000000000000000000000000000000000000000000000000
310
00000000000000000000000000000000000000000000000000000000000000000000000000000000000000000000000000000000000000000000000000000000000000000000000000000000000000000000000000000000000000000000000000000000000000000000000000000000000000000000000000000000000000
310
00000000000000000000000000000000000000000000000000000000000000000000000000000000000000000000000000000000000000000000000000000000000000000000000000000000000000000000000000000000000000000000000000000000000000000000000000000000000000000000000000000000000000
310
00000000000000000000000000000000000000000000000000000000000000000000000000000000000000000000000000000000000000000000000000000000000000000000000000000000000000000000000000000000000000000000000000000000000000000000000000000000000000000000000000000000000000
310
00000000000000000000000000000000000000000000000000000000000000000000000000000000000000000000000000000007070707000007000007000000070007000000070000070000000700000700000007000700000700000007000007000000070000070000000000000000000000000000000000000000000000
310
00000000000000000000000000000000000000000000000000000000000000000000000000000000000000000000000000000000000000000000000000000000000000000000000000000000000000000000000000000000000000000000000000000000000000000000000000000000000000000000000000000000000000
310
00000000000000000000000000000000000000000000000000000000000000000000000000000000000000000000000000000000000000000000000000000000000000000000000000000000000000000000000000000000000000000000000000000000000000000000000000000000000000000000000000000000000000
310
00000000000000000000000000000000000000000000000000000000000000000000000000000000000000000000000000000000000000000000000000000000000000000000000000000000000000000000000000000000000000000000000000000000000000000000000000000000000000000000000000000000000000
310
00000000000000000000000000000000000000000000000000000000000000000000000000000000000000000000000000000000000000000000070707070700000700000007000700000007000007000000070000070000000700070000070000000700000700000007070000000000000000000000000000000000000000
310
00000000000000000000000000000000000000000000000000000000000000000000000000000000000000000000000000000000000000000000000000000000000000000000000000000000000000000000000000000000000000000000000000000000000000000000000000000000000000000000000000000000000000
310
00000000000000000000000000000000000000000000000000000000000000000000000000000000000000000000000000000000000000000000000000000000000000000000000000000000000000000000000000000000000000000000000000000000000000000000000000000000000000000000000000000000000000
310
00000000000000000000000000000000000000000000000000000000000000000000000000000000000000000000000000000000000000000000000000000000000000000000000000000000000000000000000000000000000000000000000000000000000000000000000000000000000000000000000000000000000000
310
00000000000000000000000000000000000000000000000000000000000000000000000000000000000000000000000000000000000000000000000000000000000007070700070000000700070000000700000700000007000007000000070007000007000000070000070007000000000000000000000000000000000000
310
00000000000000000000000000000000000000000000000000000000000000000000000000000000000000000000000000000000000000000000000000000000000000000000000000000000000000000000000000000000000000000000000000000000000000000000000000000000000000000000000000000000000000
310
00000000000000000000000000000000000000000000000000000000000000000000000000000000000000000000000000000000000000000000000000000000000000000000000000000000000000000000000000000000000000000000000000000000000000000000000000000000000000000000000000000000000000
310
00000000000000000000000000000000000000000000000000000000000000000000000000000000000000000000000000000000000000000000000000000000000000000000000000000000000000000000000000000000000000000000000000000000000000000000000000000000000000000000000000000000000000
310
00000000000000000000000000000000000000000000000000000000000000000000000000000000000000000000000000000000000000000000000000000000000000000000000000070707000000070007000000070000070000000700000700000007000700000700000007000007000000000000000000000000000000
310
00000000000000000000000000000000000000000000000000000000000000000000000000000000000000000000000000000000000000000000000000000000000000000000000000000000000000000000000000000000000000000000000000000000000000000000000000000000000000000000000000000000000000
310
00000000000000000000000000000000000000000000000000000000000000000000000000000000000000000000000000000000000000000000000000000000000000000000000000000000000000000000000000000000000000000000000000000000000000000000000000000000000000000000000000000000000000
310
00000000000000000000000000000000000000000000000000000000000000000000000000000000000000000000000000000000000000000000000000000000000000000000000000000000000000000000000000000000000000000000000000000000000000000000000000000000000000000000000000000000000000
310
00000000000000000000000000000000000000000000000000000000000000000000000000000000000000000000000000000000000000000000000000000000000000000000000000000000000000000707070707000700000007000007000000070000070000000700070000070000000707000000000000000000000000
310
00000000000000000000000000000000000000000000000000000000000000000000000000000000000000000000000000000000000000000000000000000000000000000000000000000000000000000000000000000000000000000000000000000000000000000000000000000000000000000000000000000000000000
310
00000000000000000000000000000000000000000000000000000000000000000000000000000000000000000000000000000000000000000000000000000000000000000000000000000000000000000000000000000000000000000000000000000000000000000000000000000000000000000000000000000000000000
310
00000000000000000000000000000000000000000000000000000000000000000000000000000000000000000000000000000000000000000000000000000000000000000000000000000000000000000000000000000000000000000000000000000000000000000000000000000000000000000000000000000000000000
310
00000000000000000000000000000000000000000000000000000000000000000000000000000000000000000000000000000000000000000000000000000000000000000000000000000000000000000000000000000000070707070000000700000700000007000007000000070007000007000700000000000000000000
310
00000000000000000000000000000000000000000000000000000000000000000000000000000000000000000000000000000000000000000000000000000000000000000000000000000000000000000000000000000000000000000000000000000000000000000000000000000000000000000000000000000000000000
310
00000000000000000000000000000000000000000000000000000000000000000000000000000000000000000000000000000000000000000000000000000000000000000000000000000000000000000000000000000000000000000000000000000000000000000000000000000000000000000000000000000000000000
310
00000000000000000000000000000000000000000000000000000000000000000000000000000000000000000000000000000000000000000000000000000000000000000000000000000000000000000000000000000000000000000000000000000000000000000000000000000000000000000000000000000000000000
310
00000000000000000000000000000000000000000000000000000000000000000000000000000000000000000000000000000000000000000000000000000000000000000000000000000000000000000000000000000000000000000000000707070000070000070000000700000700000007000700000700000000000000
310
00000000000000000000000000000000000000000000000000000000000000000000000000000000000000000000000000000000000000000000000000000000000000000000000000000000000000000000000000000000000000000000000000000000000000000000000000000000000000000000000000000000000000
310
00000000000000000000000000000000000000000000000000000000000000000000000000000000000000000000000000000000000000000000000000000000000000000000000000000000000000000000000000000000000000000000000000000000000000000000000000000000000000000000000000000000000000
310
00000000000000000000000000000000000000000000000000000000000000000000000000000000000000000000000000000000000000000000000000000000000000000000000000000000000000000000000000000000000000000000000000000000000000000000000000000000000000000000000000000000000000
310
00000000000000000000000000000000000000000000000000000000000000000000000000000000000000000000000000000000000000000000000000000000000000000000000000000000000000000000000000000000000000000000000000000000000707070707000007000000070000070000000700070700000000
310
00000000000000000000000000000000000000000000000000000000000000000000000000000000000000000000000000000000000000000000000000000000000000000000000000000000000000000000000000000000000000000000000000000000000000000000000000000000000000000000000000000000000000
310
00000000000000000000000000000000000000000000000000000000000000000000000000000000000000000000000000000000000000000000000000000000000000000000000000000000000000000000000000000000000000000000000000000000000000000000000000000000000000000000000000000000000000
310
00000000000000000000000000000000000000000000000000000000000000000000000000000000000000000000000000000000000000000000000000000000000000000000000000000000000000000000000000000000000000000000000000000000000000000000000000000000000000000000000000000000000000
310
00000000000000000000000000000000000000000000000000000000000000000000000000000000000000000000000000000000000000000000000000000000000000000000000000000000000000000000000000000000000000000000000000000000000000000000000000070707000700000007000007000000070000
310
00000000000000000000000000000000000000000000000000000000000000000000000000000000000000000000000000000000000000000000000000000000000000000000000000000000000000000000000000000000000000000000000000000000000000000000000000000000000000000000000000000000000000
310
00000000000000000000000000000000000000000000000000000000000000000000000000000000000000000000000000000000000000000000000000000000000000000000000000000000000000000000000000000000000000000000000000000000000000000000000000000000000000000000000000000000000000
310
00000000000000000000000000000000000000000000000000000000000000000000000000000000000000000000000000000000000000000000000000000000000000000000000000000000000000000000000000000000000000000000000000000000000000000000000000000000000000000000000000000000000000
310
00000000000000000000000000000000000000000000000000000000000000000000000000000000000000000000000000000000000000000000000000000000000000000000000000000000000000000000000000000000000000000000000000000000000000000000000000000000000000000707070700000700000700
310
07000000000000000000000000000000000000000000000000000000000000000000000000000000000000000000000000000000000000000000000000000000000000000000000000000000000000000000000000000000000000000000000000000000000000000000000000000000000000000000000000000000000000
310
00000000000000000000000000000000000000000000000000000000000000000000000000000000000000000000000000000000000000000000000000000000000000000000000000000000000000000000000000000000000000000000000000000000000000000000000000000000000000000000000000000000000000
310
00000000000000000000000000000000000000000000000000000000000000000000000000000000000000000000000000000000000000000000000000000000000000000000000000000000000000000000000000000000000000000000000000000000000000000000000000000000000000000000000000000000000000
310
00000000000000000000000000000000000000000000000000000000000000000000000000000000000000000000000000000000000000000000000000000000000000000000000000000000000000000000000000000000000000000000000000000000000000000000000000000000000000000000000000000007070707
310
07000707000000000000000000000000000000000000000000000000000000000000000000000000000000000000000000000000000000000000000000000000000000000000000000000000000000000000000000000000000000000000000000000000000000000000000000000000000000000000000000000000000000
310
00000000000000000000000000000000000000000000000000000000000000000000000000000000000000000000000000000000000000000000000000000000000000000000000000000000000000000000000000000000000000000000000000000000000000000000000000000000000000000000000000000000000000
310
00000000000000000000000000000000000000000000000000000000000000000000000000000000000000000000000000000000000000000000000000000000000000000000000000000000000000000000000000000000000000000000000000000000000000000000000000000000000000000000000000000000000000
310
00000000000000000000000000000000000000000000000000000000000000000000000000000000000000000000000000000000000000000000000000000000000000000000000000000000000000000000000000000000000000000000000000000000000000000000000000000000000000000000000000000000000000
310
00000000070700000000000000000000000000000000000000000000000000000000000000000000000000000000000000000000000000000000000000000000000000000000000000000000000000000000000000000000000000000000000000000000000000000000000000000000000000000000000000000000000000
310
00000000000000000000000000000000000000000000000000000000000000000000000000000000000000000000000000000000000000000000000000000000000000000000000000000000000000000000000000000000000000000000000000000000000000000000000000000000000000000000000000000000000000
310
00000000000000000000000000000000000000000000000000000000000000000000000000000000000000000000000000000000000000000000000000000000000000000000000000000000000000000000000000000000000000000000000000000000000000000000000000000000000000000000000000000000000000
310
00000000000000000000000000000000000000000000000000000000000000000000000000000000000000000000000000000000000000000000000000000000000000000000000000000000000000000000000000000000000000000000000000000000000000000000000000000000000000000000000000000000000000
310
00000000000000000000000000000000000000000000000000000000000000000000000000000000000000000000000000000000000000000000000000000000000000000000000000000000000000000000000000000000000000000000000000000000000000000000000000000000000000000000000000000000000000
310
00000000000000000000000000000000000000000000000000000000000000000000000000000000000000000000000000000000000000000000000000000000000000000000000000000000000000000000000000000000000000000000000000000000000000000000000000000000000000000000000000000000000000
310
00000000000000000000000000000000000000000000000000000000000000000000000000000000000000000000000000000000000000000000000000000000000000000000000000000000000000000000000000000000000000000000000000000000000000000000000000000000000000000000000000000000000000
310
00000000000000000000000000000000000000000000000000000000000000000000000000000000000000000000000000000000000000000000000000000000000000000000000000000000000000000000000000000000000000000000000000000000000000000000000000000000000000000000000000000000000000
310
00000000000000000000000000000000000000000000000000000000000000000000000000000000000000000000000000000000000000000000000000000000000000000000000000000000000000000000000000000000000000000000000000000000000000000000000000000000000000000000000000000000000000
310
00000000000000000000000000000000000000000000000000000000000000000000000000000000000000000000000000000000000000000000000000000000000000000000000000000000000000000000000000000000000000000000000000000000000000000000000000000000000000000000000000000000000000
310
00000000000000000000000000000000000000000000000000000000000000000000000000000000000000000000000000000000000000000000000000000000000000000000000000000000000000000000000000000000000000000000000000000000000000000000000000000000000000000000000000000000000000
310
00000000000000000000000000000000000000000000000000000000000000000000000000000000000000000000000000000000000000000000000000000000000000000000000000000000000000000000000000000000000000000000000000000000000000000000000000000000000000000000000000000000000000
310
00000000000000000000000000000000000000000000000000000000000000000000000000000000000000000000000000000000000000000000000000000000000000000000000000000000000000000000000000000000000000000000000000000000000000000000000000000000000000000000000000000000000000
310
00000000000000000000000000000000000000000000000000000000000000000000000000000000000000000000000000000000000000000000000000000000000000000000000000000000000000000000000000000000000000000000000000000000000000000000000000000000000000000000000000000000000000
310
00000000000000000000000000000000000000000000000000000000000000000000000000000000000000000000000000000000000000000000000000000000000000000000000000000000000000000000000000000000000000000000000000000000000000000000000000000000000000000000000000000000000000
310
00000000000000000000000000000000000000000000000000000000000000000000000000000000000000000000000000000000000000000000000000000000000000000000000000000000000000000000000000000000000000000000000000000000000000000000000000000000000000000000000000000000000000
310
00000000000000000000000000000000000000000000000000000000000000000000000000000000000000000000000000000000000000000000000000000000000000000000000000000000000000000000000000000000000000000000000000000000000000000000000000000000000000000000000000000000000000
310
00000000000000000000000000000000000000000000000000000000000000000000000000000000000000000000000000000000000000000000000000000000000000000000000000000000000000000000000000000000000000000000000000000000000000000000000000000000000000000000000000000000000000
310
00000000000000000000000000000000000000000000000000000000000000000000000000000000000000000000000000000000000000000000000000000000000000000000000000000000000000000000000000000000000000000000000000000000000000000000000000000000000000000000000000000000000000
310
00000000000000000000000000000000000000000000000000000000000000000000000000000000000000000000000000000000000000000000000000000000000000000000000000000000000000000000000000000000000000000000000000000000000000000000000000000000000000000000000000000000000000
310
00000000000000000000000000000000000000000000000000000000000000000000000000000000000000000000000000000000000000000000000000000000000000000000000000000000000000000000000000000000000000000000000000000000000000000000000000000000000000000000000000000000000000
310
00000000000000000000000000000000000000000000000000000000000000000000000000000000000000000000000000000000000000000000000000000000000000000000000000000000000000000000000000000000000000000000000000000000000000000000000000000000000000000000000000000000000000
310
00000000000000000000000000000000000000000000000000000000000000000000000000000000000000000000000000000000000000000000000000000000000000000000000000000000000000000000000000000000000000000000000000000000000000000000000000000000000000000000000000000000000000
310
00000000000000000000000000000000000000000000000000000000000000000000000000000000000000000000000000000000000000000000000000000000000000000000000000000000000000000000000000000000000000000000000000000000000000000000000000000000000000000000000000000000000000
310
00000000000000000000000000000000000000000000000000000000000000000000000000000000000000000000000000000000000000000000000000000000000000000000000000000000000000000000000000000000000000000000000000000000000000000000000000000000000000000000000000000000000000
310
00000000000000000000000000000000000000000000000000000000000000000000000000000000000000000000000000000000000000000000000000000000000000000000000000000000000000000000000000000000000000000000000000000000000000000000000000000000000000000000000000000000000000
310
00000000000000000000000000000000000000000000000000000000000000000000000000000000000000000000000000000000000000000000000000000000000000000000000000000000000000000000000000000000000000000000000000000000000000000000000000000000000000000000000000000000000000
310
00000000000000000000000000000000000000000000000000000000000000000000000000000000000000000000000000000000000000000000000000000000000000000000000000000000000000000000000000000000000000000000000000000000000000000000000000000000000000000000000000000000000000
310
00000000000000000000000000000000000000000000000000000000000000000000000000000000000000000000000000000000000000000000000000000000000000000000000000000000000000000000000000000000000000000000000000000000000000000000000000000000000000000000000000000000000000
310
00000000000000000000000000000000000000000000000000000000000000000000000000000000000000000000000000000000000000000000000000000000000000000000000000000000000000000000000000000000000000000000000000000000000000000000000000000000000000000000000000000000000000
310
00000000000000000000000000000000000000000000000000000000000000000000000000000000000000000000000000000000000000000000000000000000000000000000000000000000000000000000000000000000000000000000000000000000000000000000000000000000000000000000000000000000000000
310
00000000000000000000000000000000000000000000000000000000000000000000000000000000000000000000000000000000000000000000000000000000000000000000000000000000000000000000000000000000000000000000000000000000000000000000000000000000000000000000000000000000000000
310
00000000000000000000000000000000000000000000000000000000000000000000000000000000000000000000000000000000000000000000000000000000000000000000000000000000000000000000000000000000000000000000000000000000000000000000000000000000000000000000000000000000000000
310
00000000000000000000000000000000000000000000000000000000000000000000000000000000000000000000000000000000000000000000000000000000000000000000000000000000000000000000000000000000000000000000000000000000000000000000000000000000000000000000000000000000000000
310
00000000000000000000000000000000000000000000000000000000000000000000000000000000000000000000000000000000000000000000000000000000000000000000000000000000000000000000000000000000000000000000000000000000000000000000000000000000000000000000000000000000000000
310
00000000000000000000000000000000000000000000000000000000000000000000000000000000000000000000000000000000000000000000000000000000000000000000000000000000000000000000000000000000000000000000000000000000000000000000000000000000000000000000000000000000000000
310
00000000000000000000000000000000000000000000000000000000000000000000000000000000000000000000000000000000000000000000000000000000000000000000000000000000000000000000000000000000000000000000000000000000000000000000000000000000000000000000000000000000000000
310
00000000000000000000000000000000000000000000000000000000000000000000000000000000000000000000000000000000000000000000000000000000000000000000000000000000000000000000000000000000000000000000000000000000000000000000000000000000000000000000000000000000000000
310
00000000000000000000000000000000000000000000000000000000000000000000000000000000000000000000000000000000000000000000000000000000000000000000000000000000000000000000000000000000000000000000000000000000000000000000000000000000000000000000000000000000000000
310
00000000000000000000000000000000000000000000000000000000000000000000000000000000000000000000000000000000000000000000000000000000000000000000000000000000000000000000000000000000000000000000000000000000000000000000000000000000000000000000000000000000000000
310
00000000000000000000000000000000000000000000000000000000000000000000000000000000000000000000000000000000000000000000000000000000000000000000000000000000000000000000000000000000000000000000000000000000000000000000000000000000000000000000000000000000000000
310
00000000000000000000000000000000000000000000000000000000000000000000000000000000000000000000000000000000000000000000000000000000000000000000000000000000000000000000000000000000000000000000000000000000000000000000000000000000000000000000000000000000000000
310
00000000000000000000000000000000000000000000000000000000000000000000000000000000000000000000000000000000000000000000000000000000000000000000000000000000000000000000000000000000000000000000000000000000000000000000000000000000000000000000000000000000000000
310
00000000000000000000000000000000000000000000000000000000000000000000000000000000000000000000000000000000000000000000000000000000000000000000000000000000000000000000000000000000000000000000000000000000000000000000000000000000000000000000000000000000000000
310
00000000000000000000000000000000000000000000000000000000000000000000000000000000000000000000000000000000000000000000000000000000000000000000000000000000000000000000000000000000000000000000000000000000000000000000000000000000000000000000000000000000000000
310
00000000000000000000000000000000000000000000000000000000000000000000000000000000000000000000000000000000000000000000000000000000000000000000000000000000000000000000000000000000000000000000000000000000000000000000000000000000000000000000000000000000000000
310
00000000000000000000000000000000000000000000000000000000000000000000000000000000000000000000000000000000000000000000000000000000000000000000000000000000000000000000000000000000000000000000000000000000000000000000000000000000000000000000000000000000000000
310
00000000000000000000000000000000000000000000000000000000000000000000000000000000000000000000000000000000000000000000000000000000000000000000000000000000000000000000000000000000000000000000000000000000000000000000000000000000000000000000000000000000000000
310
00000000000000000000000000000000000000000000000000000000000000000000000000000000000000000000000000000000000000000000000000000000000000000000000000000000000000000000000000000000000000000000000000000000000000000000000000000000000000000000000000000000000000
310
00000000000000000000000000000000000000000000000000000000000000000000000000000000000000000000000000000000000000000000000000000000000000000000000000000000000000000000000000000000000000000000000000000000000000000000000000000000000000000000000000000000000000
310
00000000000000000000000000000000000000000000000000000000000000000000000000000000000000000000000000000000000000000000000000000000000000000000000000000000000000000000000000000000000000000000000000000000000000000000000000000000000000000000000000000000000000
310
00000000000000000000000000000000000000000000000000000000000000000000000000000000000000000000000000000000000000000000000000000000000000000000000000000000000000000000000000000000000000000000000000000000000000000000000000000000000000000000000000000000000000
310
00000000000000000000000000000000000000000000000000000000000000000000000000000000000000000000000000000000000000000000000000000000000000000000000000000000000000000000000000000000000000000000000000000000000000000000000000000000000000000000000000000000000000
310
00000000000000000000000000000000000000000000000000000000000000000000000000000000000000000000000000000000000000000000000000000000000000000000000000000000000000000000000000000000000000000000000000000000000000000000000000000000000000000000000000000000000000
310
00000000000000000000000000000000000000000000000000000000000000000000000000000000000000000000000000000000000000000000000000000000000000000000000000000000000000000000000000000000000000000000000000000000000000000000000000000000000000000000000000000000000000
310
00000000000000000000000000000000000000000000000000000000000000000000000000000000000000000000000000000000000000000000000000000000000000000000000000000000000000000000000000000000000000000000000000000000000000000000000000000000000000000000000000000000000000
310
00000000000000000000000000000000000000000000000000000000000000000000000000000000000000000000000000000000000000000000000000000000000000000000000000000000000000000000000000000000000000000000000000000000000000000000000000000000000000000000000000000000000000
310
00000000000000000000000000000000000000000000000000000000000000000000000000000000000000000000000000000000000000000000000000000000000000000000000000000000000000000000000000000000000000000000000000000000000000000000000000000000000000000000000000000000000000
310
00000000000000000000000000000000000000000000000000000000000000000000000000000000000000000000000000000000000000000000000000000000000000000000000000000000000000000000000000000000000000000000000000000000000000000000000000000000000000000000000000000000000000
310
00000000000000000000000000000000000000000000000000000000000000000000000000000000000000000000000000000000000000000000000000000000000000000000000000000000000000000000000000000000000000000000000000000000000000000000000000000000000000000000000000000000000000
310
00000000000000000000000000000000000000000000000000000000000000000000000000000000000000000000000000000000000000000000000000000000000000000000000000000000000000000000000000000000000000000000000000000000000000000000000000000000000000000000000000000000000000
310
00000000000000000000000000000000000000000000000000000000000000000000000000000000000000000000000000000000000000000000000000000000000000000000000000000000000000000000000000000000000000000000000000000000000000000000000000000000000000000000000000000000000000
310
00000000000000000000000000000000000000000000000000000000000000000000000000000000000000000000000000000000000000000000000000000000000000000000000000000000000000000000000000000000000000000000000000000000000000000000000000000000000000000000000000000000000000
310
00000000000000000000000000000000000000000000000000000000000000000000000000000000000000000000000000000000000000000000000000000000000000000000000000000000000000000000000000000000000000000000000000000000000000000000000000000000000000000000000000000000000000
310
00000000000000000000000000000000000000000000000000000000000000000000000000000000000000000000000000000000000000000000000000000000000000000000000000000000000000000000000000000000000000000000000000000000000000000000000000000000000000000000000000000000000000
310
00000000000000000000000000000000000000000000000000000000000000000000000000000000000000000000000000000000000000000000000000000000000000000000000000000000000000000000000000000000000000000000000000000000000000000000000000000000000000000000000000000000000000
310
00000000000000000000000000000000000000000000000000000000000000000000000000000000000000000000000000000000000000000000000000000000000000000000000000000000000000000000000000000000000000000000000000000000000000000000000000000000000000000000000000000000000000
310
00000000000000000000000000000000000000000000000000000000000000000000000000000000000000000000000000000000000000000000000000000000000000000000000000000000000000000000000000000000000000000000000000000000000000000000000000000000000000000000000000000000000000
310
00000000000000000000000000000000000000000000000000000000000000000000000000000000000000000000000000000000000000000000000000000000000000000000000000000000000000000000000000000000000000000000000000000000000000000000000000000000000000000000000000000000000000
310
00000000000000000000000000000000000000000000000000000000000000000000000000000000000000000000000000000000000000000000000000000000000000000000000000000000000000000000000000000000000000000000000000000000000000000000000000000000000000000000000000000000000000
310
00000000000000000000000000000000000000000000000000000000000000000000000000000000000000000000000000000000000000000000000000000000000000000000000000000000000000000000000000000000000000000000000000000000000000000000000000000000000000000000000000000000000000
310
00000000000000000000000000000000000000000000000000000000000000000000000000000000000000000000000000000000000000000000000000000000000000000000000000000000000000000000000000000000000000000000000000000000000000000000000000000000000000000000000000000000000000
310
00000000000000000000000000000000000000000000000000000000000000000000000000000000000000000000000000000000000000000000000000000000000000000000000000000000000000000000000000000000000000000000000000000000000000000000000000000000000000000000000000000000000000
310
00000000000000000000000000000000000000000000000000000000000000000000000000000000000000000000000000000000000000000000000000000000000000000000000000000000000000000000000000000000000000000000000000000000000000000000000000000000000000000000000000000000000000
310
00000000000000000000000000000000000000000000000000000000000000000000000000000000000000000000000000000000000000000000000000000000000000000000000000000000000000000000000000000000000000000000000000000000000000000000000000000000000000000000000000000000000000
310
00000000000000000000000000000000000000000000000000000000000000000000000000000000000000000000000000000000000000000000000000000000000000000000000000000000000000000000000000000000000000000000000000000000000000000000000000000000000000000000000000000000000000
310
00000000000000000000000000000000000000000000000000000000000000000000000000000000000000000000000000000000000000000000000000000000000000000000000000000000000000000000000000000000000000000000000000000000000000000000000000000000000000000000000000000000000000
310
00000000000000000000000000000000000000000000000000000000000000000000000000000000000000000000000000000000000000000000000000000000000000000000000000000000000000000000000000000000000000000000000000000000000000000000000000000000000000000000000000000000000000
310
00000000000000000000000000000000000000000000000000000000000000000000000000000000000000000000000000000000000000000000000000000000000000000000000000000000000000000000000000000000000000000000000000000000000000000000000000000000000000000000000000000000000000
310
00000000000000000000000000000000000000000000000000000000000000000000000000000000000000000000000000000000000000000000000000000000000000000000000000000000000000000000000000000000000000000000000000000000000000000000000000000000000000000000000000000000000000
310
00000000000000000000000000000000000000000000000000000000000000000000000000000000000000000000000000000000000000000000000000000000000000000000000000000000000000000000000000000000000000000000000000000000000000000000000000000000000000000000000000000000000000
310
00000000000000000000000000000000000000000000000000000000000000000000000000000000000000000000000000000000000000000000000000000000000000000000000000000000000000000000000000000000000000000000000000000000000000000000000000000000000000000000000000000000000000
310
00000000000000000000000000000000000000000000000000000000000000000000000000000000000000000000000000000000000000000000000000000000000000000000000000000000000000000000000000000000000000000000000000000000000000000000000000000000000000000000000000000000000000
310
00000000000000000000000000000000000000000000000000000000000000000000000000000000000000000000000000000000000000000000000000000000000000000000000000000000000000000000000000000000000000000000000000000000000000000000000000000000000000000000000000000000000000
310
00000000000000000000000000000000000000000000000000000000000000000000000000000000000000000000000000000000000000000000000000000000000000000000000000000000000000000000000000000000000000000000000000000000000000000000000000000000000000000000000000000000000000
310
00000000000000000000000000000000000000000000000000000000000000000000000000000000000000000000000000000000000000000000000000000000000000000000000000000000000000000000000000000000000000000000000000000000000000000000000000000000000000000000000000000000000000
310
00000000000000000000000000000000000000000000000000000000000000000000000000000000000000000000000000000000000000000000000000000000000000000000000000000000000000000000000000000000000000000000000000000000000000000000000000000000000000000000000000000000000000
310
00000000000000000000000000000000000000000000000000000000000000000000000000000000000000000000000000000000000000000000000000000000000000000000000000000000000000000000000000000000000000000000000000000000000000000000000000000000000000000000000000000000000000
310
00000000000000000000000000000000000000000000000000000000000000000000000000000000000000000000000000000000000000000000000000000000000000000000000000000000000000000000000000000000000000000000000000000000000000000000000000000000000000000000000000000000000000
310
00000000000000000000000000000000000000000000000000000000000000000000000000000000000000000000000000000000000000000000000000000000000000000000000000000000000000000000000000000000000000000000000000000000000000000000000000000000000000000000000000000000000000
310
00000000000000000000000000000000000000000000000000000000000000000000000000000000000000000000000000000000000000000000000000000000000000000000000000000000000000000000000000000000000000000000000000000000000000000000000000000000000000000000000000000000000000
310
00000000000000000000000000000000000000000000000000000000000000000000000000000000000000000000000000000000000000000000000000000000000000000000000000000000000000000000000000000000000000000000000000000000000000000000000000000000000000000000000000000000000000
310
00000000000000000000000000000000000000000000000000000000000000000000000000000000000000000000000000000000000000000000000000000000000000000000000000000000000000000000000000000000000000000000000000000000000000000000000000000000000000000000000000000000000000
310
00000000000000000000000000000000000000000000000000000000000000000000000000000000000000000000000000000000000000000000000000000000000000000000000000000000000000000000000000000000000000000000000000000000000000000000000000000000000000000000000000000000000000
310
00000000000000000000000000000000000000000000000000000000000000000000000000000000000000000000000000000000000000000000000000000000000000000000000000000000000000000000000000000000000000000000000000000000000000000000000000000000000000000000000000000000000000
310
00000000000000000000000000000000000000000000000000000000000000000000000000000000000000000000000000000000000000000000000000000000000000000000000000000000000000000000000000000000000000000000000000000000000000000000000000000000000000000000000000000000000000
310
00000000000000000000000000000000000000000000000000000000000000000000000000000000000000000000000000000000000000000000000000000000000000000000000000000000000000000000000000000000000000000000000000000000000000000000000000000000000000000000000000000000000000
310
00000000000000000000000000000000000000000000000000000000000000000000000000000000000000000000000000000000000000000000000000000000000000000000000000000000000000000000000000000000000000000000000000000000000000000000000000000000000000000000000000000000000000
310
00000000000000000000000000000000000000000000000000000000000000000000000000000000000000000000000000000000000000000000000000000000000000000000000000000000000000000000000000000000000000000000000000000000000000000000000000000000000000000000000000000000000000
310
00000000000000000000000000000000000000000000000000000000000000000000000000000000000000000000000000000000000000000000000000000000000000000000000000000000000000000000000000000000000000000000000000000000000000000000000000000000000000000000000000000000000000
310
00000000000000000000000000000000000000000000000000000000000000000000000000000000000000000000000000000000000000000000000000000000000000000000000000000000000000000000000000000000000000000000000000000000000000000000000000000000000000000000000000000000000000
310
00000000000000000000000000000000000000000000000000000000000000000000000000000000000000000000000000000000000000000000000000000000000000000000000000000000000000000000000000000000000000000000000000000000000000000000000000000000000000000000000000000000000000
310
00000000000000000000000000000000000000000000000000000000000000000000000000000000000000000000000000000000000000000000000000000000000000000000000000000000000000000000000000000000000000000000000000000000000000000000000000000000000000000000000000000000000000
310
00000000000000000000000000000000000000000000000000000000000000000000000000000000000000000000000000000000000000000000000000000000000000000000000000000000000000000000000000000000000000000000000000000000000000000000000000000000000000000000000000000000000000
310
00000000000000000000000000000000000000000000000000000000000000000000000000000000000000000000000000000000000000000000000000000000000000000000000000000000000000000000000000000000000000000000000000000000000000000000000000000000000000000000000000000000000000
310
00000000000000000000000000000000000000000000000000000000000000000000000000000000000000000000000000000000000000000000000000000000000000000000000000000000000000000000000000000000000000000000000000000000000000000000000000000000000000000000000000000000000000
310
00000000000000000000000000000000000000000000000000000000000000000000000000000000000000000000000000000000000000000000000000000000000000000000000000000000000000000000000000000000000000000000000000000000000000000000000000000000000000000000000000000000000000
310
00000000000000000000000000000000000000000000000000000000000000000000000000000000000000000000000000000000000000000000000000000000000000000000000000000000000000000000000000000000000000000000000000000000000000000000000000000000000000000000000000000000000000
310
00000000000000000000000000000000000000000000000000000000000000000000000000000000000000000000000000000000000000000000000000000000000000000000000000000000000000000000000000000000000000000000000000000000000000000000000000000000000000000000000000000000000000
310
00000000000000000000000000000000000000000000000000000000000000000000000000000000000000000000000000000000000000000000000000000000000000000000000000000000000000000000000000000000000000000000000000000000000000000000000000000000000000000000000000000000000000
310
00000000000000000000000000000000000000000000000000000000000000000000000000000000000000000000000000000000000000000000000000000000000000000000000000000000000000000000000000000000000000000000000000000000000000000000000000000000000000000000000000000000000000
310
00000000000000000000000000000000000000000000000000000000000000000000000000000000000000000000000000000000000000000000000000000000000000000000000000000000000000000000000000000000000000000000000000000000000000000000000000000000000000000000000000000000000000
310
00000000000000000000000000000000000000000000000000000000000000000000000000000000000000000000000000000000000000000000000000000000000000000000000000000000000000000000000000000000000000000000000000000000000000000000000000000000000000000000000000000000000000
310
00000000000000000000000000000000000000000000000000000000000000000000000000000000000000000000000000000000000000000000000000000000000000000000000000000000000000000000000000000000000000000000000000000000000000000000000000000000000000000000000000000000000000
310
00000000000000000000000000000000000000000000000000000000000000000000000000000000000000000000000000000000000000000000000000000000000000000000000000000000000000000000000000000000000000000000000000000000000000000000000000000000000000000000000000000000000000
310
00000000000000000000000000000000000000000000000000000000000000000000000000000000000000000000000000000000000000000000000000000000000000000000000000000000000000000000000000000000000000000000000000000000000000000000000000000000000000000000000000000000000000
310
00000000000000000000000000000000000000000000000000000000000000000000000000000000000000000000000000000000000000000000000000000000000000000000000000000000000000000000000000000000000000000000000000000000000000000000000000000000000000000000000000000000000000
310
00000000000000000000000000000000000000000000000000000000000000000000000000000000000000000000000000000000000000000000000000000000000000000000000000000000000000000000000000000000000000000000000000000000000000000000000000000000000000000000000000000000000000
310
00000000000000000000000000000000000000000000000000000000000000000000000000000000000000000000000000000000000000000000000000000000000000000000000000000000000000000000000000000000000000000000000000000000000000000000000000000000000000000000000000000000000000
310
00000000000000000000000000000000000000000000000000000000000000000000000000000000000000000000000000000000000000000000000000000000000000000000000000000000000000000000000000000000000000000000000000000000000000000000000000000000000000000000000000000000000000
310
00000000000000000000000000000000000000000000000000000000000000000000000000000000000000000000000000000000000000000000000000000000000000000000000000000000000000000000000000000000000000000000000000000000000000000000000000000000000000000000000000000000000000
310
00000000000000000000000000000000000000000000000000000000000000000000000000000000000000000000000000000000000000000000000000000000000000000000000000000000000000000000000000000000000000000000000000000000000000000000000000000000000000000000000000000000000000
310
00000000000000000000000000000000000000000000000000000000000000000000000000000000000000000000000000000000000000000000000000000000000000000000000000000000000000000000000000000000000000000000000000000000000000000000000000000000000000000000000000000000000000
310
00000000000000000000000000000000000000000000000000000000000000000000000000000000000000000000000000000000000000000000000000000000000000000000000000000000000000000000000000000000000000000000000000000000000000000000000000000000000000000000000000000000000000
310
00000000000000000000000000000000000000000000000000000000000000000000000000000000000000000000000000000000000000000000000000000000000000000000000000000000000000000000000000000000000000000000000000000000000000000000000000000000000000000000000000000000000000
310
00000000000000000000000000000000000000000000000000000000000000000000000000000000000000000000000000000000000000000000000000000000000000000000000000000000000000000000000000000000000000000000000000000000000000000000000000000000000000000000000000000000000000
310
00000000000000000000000000000000000000000000000000000000000000000000000000000000000000000000000000000000000000000000000000000000000000000000000000000000000000000000000000000000000000000000000000000000000000000000000000000000000000000000000000000000000000
310
00000000000000000000000000000000000000000000000000000000000000000000000000000000000000000000000000000000000000000000000000000000000000000000000000000000000000000000000000000000000000000000000000000000000000000000000000000000000000000000000000000000000000
310
00000000000000000000000000000000000000000000000000000000000000000000000000000000000000000000000000000000000000000000000000000000000000000000000000000000000000000000000000000000000000000000000000000000000000000000000000000000000000000000000000000000000000
310
00000000000000000000000000000000000000000000000000000000000000000000000000000000000000000000000000000000000000000000000000000000000000000000000000000000000000000000000000000000000000000000000000000000000000000000000000000000000000000000000000000000000000
310
00000000000000000000000000000000000000000000000000000000000000000000000000000000000000000000000000000000000000000000000000000000000000000000000000000000000000000000000000000000000000000000000000000000000000000000000000000000000000000000000000000000000000
310
00000000000000000000000000000000000000000000000000000000000000000000000000000000000000000000000000000000000000000000000000000000000000000000000000000000000000000000000000000000000000000000000000000000000000000000000000000000000000000000000000000000000000
310
00000000000000000000000000000000000000000000000000000000000000000000000000000000000000000000000000000000000000000000000000000000000000000000000000000000000000000000000000000000000000000000000000000000000000000000000000000000000000000000000000000000000000
310
00000000000000000000000000000000000000000000000000000000000000000000000000000000000000000000000000000000000000000000000000000000000000000000000000000000000000000000000000000000000000000000000000000000000000000000000000000000000000000000000000000000000000
310
00000000000000000000000000000000000000000000000000000000000000000000000000000000000000000000000000000000000000000000000000000000000000000000000000000000000000000000000000000000000000000000000000000000000000000000000000000000000000000000000000000000000000
310
00000000000000000000000000000000000000000000000000000000000000000000000000000000000000000000000000000000000000000000000000000000000000000000000000000000000000000000000000000000000000000000000000000000000000000000000000000000000000000000000000000000000000
310
00000000000000000000000000000000000000000000000000000000000000000000000000000000000000000000000000000000000000000000000000000000000000000000000000000000000000000000000000000000000000000000000000000000000000000000000000000000000000000000000000000000000000
310
00000000000000000000000000000000000000000000000000000000000000000000000000000000000000000000000000000000000000000000000000000000000000000000000000000000000000000000000000000000000000000000000000000000000000000000000000000000000000000000000000000000000000
310
00000000000000000000000000000000000000000000000000000000000000000000000000000000000000000000000000000000000000000000000000000000000000000000000000000000000000000000000000000000000000000000000000000000000000000000000000000000000000000000000000000000000000
310
00000000000000000000000000000000000000000000000000000000000000000000000000000000000000000000000000000000000000000000000000000000000000000000000000000000000000000000000000000000000000000000000000000000000000000000000000000000000000000000000000000000000000
310
00000000000000000000000000000000000000000000000000000000000000000000000000000000000000000000000000000000000000000000000000000000000000000000000000000000000000000000000000000000000000000000000000000000000000000000000000000000000000000000000000000000000000
310
00000000000000000000000000000000000000000000000000000000000000000000000000000000000000000000000000000000000000000000000000000000000000000000000000000000000000000000000000000000000000000000000000000000000000000000000000000000000000000000000000000000000000
310
00000000000000000000000000000000000000000000000000000000000000000000000000000000000000000000000000000000000000000000000000000000000000000000000000000000000000000000000000000000000000000000000000000000000000000000000000000000000000000000000000000000000000
310
00000000000000000000000000000000000000000000000000000000000000000000000000000000000000000000000000000000000000000000000000000000000000000000000000000000000000000000000000000000000000000000000000000000000000000000000000000000000000000000000000000000000000
310
00000000000000000000000000000000000000000000000000000000000000000000000000000000000000000000000000000000000000000000000000000000000000000000000000000000000000000000000000000000000000000000000000000000000000000000000000000000000000000000000000000000000000
310
00000000000000000000000000000000000000000000000000000000000000000000000000000000000000000000000000000000000000000000000000000000000000000000000000000000000000000000000000000000000000000000000000000000000000000000000000000000000000000000000000000000000000
310
00000000000000000000000000000000000000000000000000000000000000000000000000000000000000000000000000000000000000000000000000000000000000000000000000000000000000000000000000000000000000000000000000000000000000000000000000000000000000000000000000000000000000
310
00000000000000000000000000000000000000000000000000000000000000000000000000000000000000000000000000000000000000000000000000000000000000000000000000000000000000000000000000000000000000000000000000000000000000000000000000000000000000000000000000000000000000
310
00000000000000000000000000000000000000000000000000000000000000000000000000000000000000000000000000000000000000000000000000000000000000000000000000000000000000000000000000000000000000000000000000000000000000000000000000000000000000000000000000000000000000
310
00000000000000000000000000000000000000000000000000000000000000000000000000000000000000000000000000000000000000000000000000000000000000000000000000000000000000000000000000000000000000000000000000000000000000000000000000000000000000000000000000000000000000
310
00000000000000000000000000000000000000000000000000000000000000000000000000000000000000000000000000000000000000000000000000000000000000000000000000000000000000000000000000000000000000000000000000000000000000000000000000000000000000000000000000000000000000
310
00000000000000000000000000000000000000000000000000000000000000000000000000000000000000000000000000000000000000000000000000000000000000000000000000000000000000000000000000000000000000000000000000000000000000000000000000000000000000000000000000000000000000
310
00000000000000000000000000000000000000000000000000000000000000000000000000000000000000000000000000000000000000000000000000000000000000000000000000000000000000000000000000000000000000000000000000000000000000000000000000000000000000000000000000000000000000
310
00000000000000000000000000000000000000000000000000000000000000000000000000000000000000000000000000000000000000000000000000000000000000000000000000000000000000000000000000000000000000000000000000000000000000000000000000000000000000000000000000000000000000
310
00000000000000000000000000000000000000000000000000000000000000000000000000000000000000000000000000000000000000000000000000000000000000000000000000000000000000000000000000000000000000000000000000000000000000000000000000000000000000000000000000000000000000
310
00000000000000000000000000000000000000000000000000000000000000000000000000000000000000000000000000000000000000000000000000000000000000000000000000000000000000000000000000000000000000000000000000000000000000000000000000000000000000000000000000000000000000
310
00000000000000000000000000000000000000000000000000000000000000000000000000000000000000000000000000000000000000000000000000000000000000000000000000000000000000000000000000000000000000000000000000000000000000000000000000000000000000000000000000000000000000
310
00000000000000000000000000000000000000000000000000000000000000000000000000000000000000000000000000000000000000000000000000000000000000000000000000000000000000000000000000000000000000000000000000000000000000000000000000000000000000000000000000000000000000
310
00000000000000000000000000000000000000000000000000000000000000000000000000000000000000000000000000000000000000000000000000000000000000000000000000000000000000000000000000000000000000000000000000000000000000000000000000000000000000000000000000000000000000
310
00000000000000000000000000000000000000000000000000000000000000000000000000000000000000000000000000000000000000000000000000000000000000000000000000000000000000000000000000000000000000000000000000000000000000000000000000000000000000000000000000000000000000
310
00000000000000000000000000000000000000000000000000000000000000000000000000000000000000000000000000000000000000000000000000000000000000000000000000000000000000000000000000000000000000000000000000000000000000000000000000000000000000000000000000000000000000
310
00000000000000000000000000000000000000000000000000000000000000000000000000000000000000000000000000000000000000000000000000000000000000000000000000000000000000000000000000000000000000000000000000000000000000000000000000000000000000000000000000000000000000
310
00000000000000000000000000000000000000000000000000000000000000000000000000000000000000000000000000000000000000000000000000000000000000000000000000000000000000000000000000000000000000000000000000000000000000000000000000000000000000000000000000000000000000
310
00000000000000000000000000000000000000000000000000000000000000000000000000000000000000000000000000000000000000000000000000000000000000000000000000000000000000000000000000000000000000000000000000000000000000000000000000000000000000000000000000000000000000
310
00000000000000000000000000000000000000000000000000000000000000000000000000000000000000000000000000000000000000000000000000000000000000000000000000000000000000000000000000000000000000000000000000000000000000000000000000000000000000000000000000000000000000
310
00000000000000000000000000000000000000000000000000000000000000000000000000000000000000000000000000000000000000000000000000000000000000000000000000000000000000000000000000000000000000000000000000000000000000000000000000000000000000000000000000000000000000
310
00000000000000000000000000000000000000000000000000000000000000000000000000000000000000000000000000000000000000000000000000000000000000000000000000000000000000000000000000000000000000000000000000000000000000000000000000000000000000000000000000000000000000
310
00000000000000000000000000000000000000000000000000000000000000000000000000000000000000000000000000000000000000000000000000000000000000000000000000000000000000000000000000000000000000000000000000000000000000000000000000000000000000000000000000000000000000
310
00000000000000000000000000000000000000000000000000000000000000000000000000000000000000000000000000000000000000000000000000000000000000000000000000000000000000000000000000000000000000000000000000000000000000000000000000000000000000000000000000000000000000
310
00000000000000000000000000000000000000000000000000000000000000000000000000000000000000000000000000000000000000000000000000000000000000000000000000000000000000000000000000000000000000000000000000000000000000000000000000000000000000000000000000000000000000
310
00000000000000000000000000000000000000000000000000000000000000000000000000000000000000000000000000000000000000000000000000000000000000000000000000000000000000000000000000000000000000000000000000000000000000000000000000000000000000000000000000000000000000
310
00000000000000000000000000000000000000000000000000000000000000000000000000000000000000000000000000000000000000000000000000000000000000000000000000000000000000000000000000000000000000000000000000000000000000000000000000000000000000000000000000000000000000
310
00000000000000000000000000000000000000000000000000000000000000000000000000000000000000000000000000000000000000000000000000000000000000000000000000000000000000000000000000000000000000000000000000000000000000000000000000000000000000000000000000000000000000
310
00000000000000000000000000000000000000000000000000000000000000000000000000000000000000000000000000000000000000000000000000000000000000000000000000000000000000000000000000000000000000000000000000000000000000000000000000000000000000000000000000000000000000
310
00000000000000000000000000000000000000000000000000000000000000000000000000000000000000000000000000000000000000000000000000000000000000000000000000000000000000000000000000000000000000000000000000000000000000000000000000000000000000000000000000000000000000
310
00000000000000000000000000000000000000000000000000000000000000000000000000000000000000000000000000000000000000000000000000000000000000000000000000000000000000000000000000000000000000000000000000000000000000000000000000000000000000000000000000000000000000
310
00000000000000000000000000000000000000000000000000000000000000000000000000000000000000000000000000000000000000000000000000000000000000000000000000000000000000000000000000000000000000000000000000000000000000000000000000000000000000000000000000000000000000
310
00000000000000000000000000000000000000000000000000000000000000000000000000000000000000000000000000000000000000000000000000000000000000000000000000000000000000000000000000000000000000000000000000000000000000000000000000000000000000000000000000000000000000
310
00000000000000000000000000000000000000000000000000000000000000000000000000000000000000000000000000000000000000000000000000000000000000000000000000000000000000000000000000000000000000000000000000000000000000000000000000000000000000000000000000000000000000
310
00000000000000000000000000000000000000000000000000000000000000000000000000000000000000000000000000000000000000000000000000000000000000000000000000000000000000000000000000000000000000000000000000000000000000000000000000000000000000000000000000000000000000
310
00000000000000000000000000000000000000000000000000000000000000000000000000000000000000000000000000000000000000000000000000000000000000000000000000000000000000000000000000000000000000000000000000000000000000000000000000000000000000000000000000000000000000
310
00000000000000000000000000000000000000000000000000000000000000000000000000000000000000000000000000000000000000000000000000000000000000000000000000000000000000000000000000000000000000000000000000000000000000000000000000000000000000000000000000000000000000
310
00000000000000000000000000000000000000000000000000000000000000000000000000000000000000000000000000000000000000000000000000000000000000000000000000000000000000000000000000000000000000000000000000000000000000000000000000000000000000000000000000000000000000
310
00000000000000000000000000000000000000000000000000000000000000000000000000000000000000000000000000000000000000000000000000000000000000000000000000000000000000000000000000000000000000000000000000000000000000000000000000000000000000000000000000000000000000
310
00000000000000000000000000000000000000000000000000000000000000000000000000000000000000000000000000000000000000000000000000000000000000000000000000000000000000000000000000000000000000000000000000000000000000000000000000000000000000000000000000000000000000
310
00000000000000000000000000000000000000000000000000000000000000000000000000000000000000000000000000000000000000000000000000000000000000000000000000000000000000000000000000000000000000000000000000000000000000000000000000000000000000000000000000000000000000
310
00000000000000000000000000000000000000000000000000000000000000000000000000000000000000000000000000000000000000000000000000000000000000000000000000000000000000000000000000000000000000000000000000000000000000000000000000000000000000000000000000000000000000
310
00000000000000000000000000000000000000000000000000000000000000000000000000000000000000000000000000000000000000000000000000000000000000000000000000000000000000000000000000000000000000000000000000000000000000000000000000000000000000000000000000000000000000
310
00000000000000000000000000000000000000000000000000000000000000000000000000000000000000000000000000000000000000000000000000000000000000000000000000000000000000000000000000000000000000000000000000000000000000000000000000000000000000000000000000000000000000
310
00000000000000000000000000000000000000000000000000000000000000000000000000000000000000000000000000000000000000000000000000000000000000000000000000000000000000000000000000000000000000000000000000000000000000000000000000000000000000000000000000000000000000
310
00000000000000000000000000000000000000000000000000000000000000000000000000000000000000000000000000000000000000000000000000000000000000000000000000000000000000000000000000000000000000000000000000000000000000000000000000000000000000000000000000000000000000
310
00000000000000000000000000000000000000000000000000000000000000000000000000000000000000000000000000000000000000000000000000000000000000000000000000000000000000000000000000000000000000000000000000000000000000000000000000000000000000000000000000000000000000
310
00000000000000000000000000000000000000000000000000000000000000000000000000000000000000000000000000000000000000000000000000000000000000000000000000000000000000000000000000000000000000000000000000000000000000000000000000000000000000000000000000000000000000
310
00000000000000000000000000000000000000000000000000000000000000000000000000000000000000000000000000000000000000000000000000000000000000000000000000000000000000000000000000000000000000000000000000000000000000000000000000000000000000000000000000000000000000
310
00000000000000000000000000000000000000000000000000000000000000000000000000000000000000000000000000000000000000000000000000000000000000000000000000000000000000000000000000000000000000000000000000000000000000000000000000000000000000000000000000000000000000
310
00000000000000000000000000000000000000000000000000000000000000000000000000000000000000000000000000000000000000000000000000000000000000000000000000000000000000000000000000000000000000000000000000000000000000000000000000000000000000000000000000000000000000
310
00000000000000000000000000000000000000000000000000000000000000000000000000000000000000000000000000000000000000000000000000000000000000000000000000000000000000000000000000000000000000000000000000000000000000000000000000000000000000000000000000000000000000
310
00000000000000000000000000000000000000000000000000000000000000000000000000000000000000000000000000000000000000000000000000000000000000000000000000000000000000000000000000000000000000000000000000000000000000000000000000000000000000000000000000000000000000
310
00000000000000000000000000000000000000000000000000000000000000000000000000000000000000000000000000000000000000000000000000000000000000000000000000000000000000000000000000000000000000000000000000000000000000000000000000000000000000000000000000000000000000
310
00000000000000000000000000000000000000000000000000000000000000000000000000000000000000000000000000000000000000000000000000000000000000000000000000000000000000000000000000000000000000000000000000000000000000000000000000000000000000000000000000000000000000
310
00000000000000000000000000000000000000000000000000000000000000000000000000000000000000000000000000000000000000000000000000000000000000000000000000000000000000000000000000000000000000000000000000000000000000000000000000000000000000000000000000000000000000
310
00000000000000000000000000000000000000000000000000000000000000000000000000000000000000000000000000000000000000000000000000000000000000000000000000000000000000000000000000000000000000000000000000000000000000000000000000000000000000000000000000000000000000
310
00000000000000000000000000000000000000000000000000000000000000000000000000000000000000000000000000000000000000000000000000000000000000000000000000000000000000000000000000000000000000000000000000000000000000000000000000000000000000000000000000000000000000
310
00000000000000000000000000000000000000000000000000000000000000000000000000000000000000000000000000000000000000000000000000000000000000000000000000000000000000000000000000000000000000000000000000000000000000000000000000000000000000000000000000000000000000
310
00000000000000000000000000000000000000000000000000000000000000000000000000000000000000000000000000000000000000000000000000000000000000000000000000000000000000000000000000000000000000000000000000000000000000000000000000000000000000000000000000000000000000
310
00000000000000000000000000000000000000000000000000000000000000000000000000000000000000000000000000000000000000000000000000000000000000000000000000000000000000000000000000000000000000000000000000000000000000000000000000000000000000000000000000000000000000
310
00000000000000000000000000000000000000000000000000000000000000000000000000000000000000000000000000000000000000000000000000000000000000000000000000000000000000000000000000000000000000000000000000000000000000000000000000000000000000000000000000000000000000
310
00000000000000000000000000000000000000000000000000000000000000000000000000000000000000000000000000000000000000000000000000000000000000000000000000000000000000000000000000000000000000000000000000000000000000000000000000000000000000000000000000000000000000
310
00000000000000000000000000000000000000000000000000000000000000000000000000000000000000000000000000000000000000000000000000000000000000000000000000000000000000000000000000000000000000000000000000000000000000000000000000000000000000000000000000000000000000
310
00000000000000000000000000000000000000000000000000000000000000000000000000000000000000000000000000000000000000000000000000000000000000000000000000000000000000000000000000000000000000000000000000000000000000000000000000000000000000000000000000000000000000
310
00000000000000000000000000000000000000000000000000000000000000000000000000000000000000000000000000000000000000000000000000000000000000000000000000000000000000000000000000000000000000000000000000000000000000000000000000000000000000000000000000000000000000
310
00000000000000000000000000000000000000000000000000000000000000000000000000000000000000000000000000000000000000000000000000000000000000000000000000000000000000000000000000000000000000000000000000000000000000000000000000000000000000000000000000000000000000
310
00000000000000000000000000000000000000000000000000000000000000000000000000000000000000000000000000000000000000000000000000000000000000000000000000000000000000000000000000000000000000000000000000000000000000000000000000000000000000000000000000000000000000
310
00000000000000000000000000000000000000000000000000000000000000000000000000000000000000000000000000000000000000000000000000000000000000000000000000000000000000000000000000000000000000000000000000000000000000000000000000000000000000000000000000000000000000
310
00000000000000000000000000000000000000000000000000000000000000000000000000000000000000000000000000000000000000000000000000000000000000000000000000000000000000000000000000000000000000000000000000000000000000000000000000000000000000000000000000000000000000
310
00000000000000000000000000000000000000000000000000000000000000000000000000000000000000000000000000000000000000000000000000000000000000000000000000000000000000000000000000000000000000000000000000000000000000000000000000000000000000000000000000000000000000
310
00000000000000000000000000000000000000000000000000000000000000000000000000000000000000000000000000000000000000000000000000000000000000000000000000000000000000000000000000000000000000000000000000000000000000000000000000000000000000000000000000000000000000
310
00000000000000000000000000000000000000000000000000000000000000000000000000000000000000000000000000000000000000000000000000000000000000000000000000000000000000000000000000000000000000000000000000000000000000000000000000000000000000000000000000000000000000
310
00000000000000000000000000000000000000000000000000000000000000000000000000000000000000000000000000000000000000000000000000000000000000000000000000000000000000000000000000000000000000000000000000000000000000000000000000000000000000000000000000000000000000
310
00000000000000000000000000000000000000000000000000000000000000000000000000000000000000000000000000000000000000000000000000000000000000000000000000000000000000000000000000000000000000000000000000000000000000000000000000000000000000000000000000000000000000
310
00000000000000000000000000000000000000000000000000000000000000000000000000000000000000000000000000000000000000000000000000000000000000000000000000000000000000000000000000000000000000000000000000000000000000000000000000000000000000000000000000000000000000
310
00000000000000000000000000000000000000000000000000000000000000000000000000000000000000000000000000000000000000000000000000000000000000000000000000000000000000000000000000000000000000000000000000000000000000000000000000000000000000000000000000000000000000
310
00000000000000000000000000000000000000000000000000000000000000000000000000000000000000000000000000000000000000000000000000000000000000000000000000000000000000000000000000000000000000000000000000000000000000000000000000000000000000000000000000000000000000
310
00000000000000000000000000000000000000000000000000000000000000000000000000000000000000000000000000000000000000000000000000000000000000000000000000000000000000000000000000000000000000000000000000000000000000000000000000000000000000000000000000000000000000
310
00000000000000000000000000000000000000000000000000000000000000000000000000000000000000000000000000000000000000000000000000000000000000000000000000000000000000000000000000000000000000000000000000000000000000000000000000000000000000000000000000000000000000
310
00000000000000000000000000000000000000000000000000000000000000000000000000000000000000000000000000000000000000000000000000000000000000000000000000000000000000000000000000000000000000000000000000000000000000000000000000000000000000000000000000000000000000
310
00000000000000000000000000000000000000000000000000000000000000000000000000000000000000000000000000000000000000000000000000000000000000000000000000000000000000000000000000000000000000000000000000000000000000000000000000000000000000000000000000000000000000
310
00000000000000000000000000000000000000000000000000000000000000000000000000000000000000000000000000000000000000000000000000000000000000000000000000000000000000000000000000000000000000000000000000000000000000000000000000000000000000000000000000000000000000
310
00000000000000000000000000000000000000000000000000000000000000000000000000000000000000000000000000000000000000000000000000000000000000000000000000000000000000000000000000000000000000000000000000000000000000000000000000000000000000000000000000000000000000
310
00000000000000000000000000000000000000000000000000000000000000000000000000000000000000000000000000000000000000000000000000000000000000000000000000000000000000000000000000000000000000000000000000000000000000000000000000000000000000000000000000000000000000
310
00000000000000000000000000000000000000000000000000000000000000000000000000000000000000000000000000000000000000000000000000000000000000000000000000000000000000000000000000000000000000000000000000000000000000000000000000000000000000000000000000000000000000
310
00000000000000000000000000000000000000000000000000000000000000000000000000000000000000000000000000000000000000000000000000000000000000000000000000000000000000000000000000000000000000000000000000000000000000000000000000000000000000000000000000000000000000
310
00000000000000000000000000000000000000000000000000000000000000000000000000000000000000000000000000000000000000000000000000000000000000000000000000000000000000000000000000000000000000000000000000000000000000000000000000000000000000000000000000000000000000
310
00000000000000000000000000000000000000000000000000000000000000000000000000000000000000000000000000000000000000000000000000000000000000000000000000000000000000000000000000000000000000000000000000000000000000000000000000000000000000000000000000000000000000
310
00000000000000000000000000000000000000000000000000000000000000000000000000000000000000000000000000000000000000000000000000000000000000000000000000000000000000000000000000000000000000000000000000000000000000000000000000000000000000000000000000000000000000
310
00000000000000000000000000000000000000000000000000000000000000000000000000000000000000000000000000000000000000000000000000000000000000000000000000000000000000000000000000000000000000000000000000000000000000000000000000000000000000000000000000000000000000
310
00000000000000000000000000000000000000000000000000000000000000000000000000000000000000000000000000000000000000000000000000000000000000000000000000000000000000000000000000000000000000000000000000000000000000000000000000000000000000000000000000000000000000
310
00000000000000000000000000000000000000000000000000000000000000000000000000000000000000000000000000000000000000000000000000000000000000000000000000000000000000000000000000000000000000000000000000000000000000000000000000000000000000000000000000000000000000
310
00000000000000000000000000000000000000000000000000000000000000000000000000000000000000000000000000000000000000000000000000000000000000000000000000000000000000000000000000000000000000000000000000000000000000000000000000000000000000000000000000000000000000
310
00000000000000000000000000000000000000000000000000000000000000000000000000000000000000000000000000000000000000000000000000000000000000000000000000000000000000000000000000000000000000000000000000000000000000000000000000000000000000000000000000000000000000
310
00000000000000000000000000000000000000000000000000000000000000000000000000000000000000000000000000000000000000000000000000000000000000000000000000000000000000000000000000000000000000000000000000000000000000000000000000000000000000000000000000000000000000
310
00000000000000000000000000000000000000000000000000000000000000000000000000000000000000000000000000000000000000000000000000000000000000000000000000000000000000000000000000000000000000000000000000000000000000000000000000000000000000000000000000000000000000
310
00000000000000000000000000000000000000000000000000000000000000000000000000000000000000000000000000000000000000000000000000000000000000000000000000000000000000000000000000000000000000000000000000000000000000000000000000000000000000000000000000000000000000
310
00000000000000000000000000000000000000000000000000000000000000000000000000000000000000000000000000000000000000000000000000000000000000000000000000000000000000000000000000000000000000000000000000000000000000000000000000000000000000000000000000000000000000
310
00000000000000000000000000000000000000000000000000000000000000000000000000000000000000000000000000000000000000000000000000000000000000000000000000000000000000000000000000000000000000000000000000000000000000000000000000000000000000000000000000000000000000
310
00000000000000000000000000000000000000000000000000000000000000000000000000000000000000000000000000000000000000000000000000000000000000000000000000000000000000000000000000000000000000000000000000000000000000000000000000000000000000000000000000000000000000
310
00000000000000000000000000000000000000000000000000000000000000000000000000000000000000000000000000000000000000000000000000000000000000000000000000000000000000000000000000000000000000000000000000000000000000000000000000000000000000000000000000000000000000
310
00000000000000000000000000000000000000000000000000000000000000000000000000000000000000000000000000000000000000000000000000000000000000000000000000000000000000000000000000000000000000000000000000000000000000000000000000000000000000000000000000000000000000
310
00000000000000000000000000000000000000000000000000000000000000000000000000000000000000000000000000000000000000000000000000000000000000000000000000000000000000000000000000000000000000000000000000000000000000000000000000000000000000000000000000000000000000
310
00000000000000000000000000000000000000000000000000000000000000000000000000000000000000000000000000000000000000000000000000000000000000000000000000000000000000000000000000000000000000000000000000000000000000000000000000000000000000000000000000000000000000
310
00000000000000000000000000000000000000000000000000000000000000000000000000000000000000000000000000000000000000000000000000000000000000000000000000000000000000000000000000000000000000000000000000000000000000000000000000000000000000000000000000000000000000
310
00000000000000000000000000000000000000000000000000000000000000000000000000000000000000000000000000000000000000000000000000000000000000000000000000000000000000000000000000000000000000000000000000000000000000000000000000000000000000000000000000000000000000
310
00000000000000000000000000000000000000000000000000000000000000000000000000000000000000000000000000000000000000000000000000000000000000000000000000000000000000000000000000000000000000000000000000000000000000000000000000000000000000000000000000000000000000
310
00000000000000000000000000000000000000000000000000000000000000000000000000000000000000000000000000000000000000000000000000000000000000000000000000000000000000000000000000000000000000000000000000000000000000000000000000000000000000000000000000000000000000
310
00000000000000000000000000000000000000000000000000000000000000000000000000000000000000000000000000000000000000000000000000000000000000000000000000000000000000000000000000000000000000000000000000000000000000000000000000000000000000000000000000000000000000
310
00000000000000000000000000000000000000000000000000000000000000000000000000000000000000000000000000000000000000000000000000000000000000000000000000000000000000000000000000000000000000000000000000000000000000000000000000000000000000000000000000000000000000
310
00000000000000000000000000000000000000000000000000000000000000000000000000000000000000000000000000000000000000000000000000000000000000000000000000000000000000000000000000000000000000000000000000000000000000000000000000000000000000000000000000000000000000
310
00000000000000000000000000000000000000000000000000000000000000000000000000000000000000000000000000000000000000000000000000000000000000000000000000000000000000000000000000000000000000000000000000000000000000000000000000000000000000000000000000000000000000
310
00000000000000000000000000000000000000000000000000000000000000000000000000000000000000000000000000000000000000000000000000000000000000000000000000000000000000000000000000000000000000000000000000000000000000000000000000000000000000000000000000000000000000
310
00000000000000000000000000000000000000000000000000000000000000000000000000000000000000000000000000000000000000000000000000000000000000000000000000000000000000000000000000000000000000000000000000000000000000000000000000000000000000000000000000000000000000
310
00000000000000000000000000000000000000000000000000000000000000000000000000000000000000000000000000000000000000000000000000000000000000000000000000000000000000000000000000000000000000000000000000000000000000000000000000000000000000000000000000000000000000
310
00000000000000000000000000000000000000000000000000000000000000000000000000000000000000000000000000000000000000000000000000000000000000000000000000000000000000000000000000000000000000000000000000000000000000000000000000000000000000000000000000000000000000
310
00000000000000000000000000000000000000000000000000000000000000000000000000000000000000000000000000000000000000000000000000000000000000000000000000000000000000000000000000000000000000000000000000000000000000000000000000000000000000000000000000000000000000
310
00000000000000000000000000000000000000000000000000000000000000000000000000000000000000000000000000000000000000000000000000000000000000000000000000000000000000000000000000000000000000000000000000000000000000000000000000000000000000000000000000000000000000
310
00000000000000000000000000000000000000000000000000000000000000000000000000000000000000000000000000000000000000000000000000000000000000000000000000000000000000000000000000000000000000000000000000000000000000000000000000000000000000000000000000000000000000
310
00000000000000000000000000000000000000000000000000000000000000000000000000000000000000000000000000000000000000000000000000000000000000000000000000000000000000000000000000000000000000000000000000000000000000000000000000000000000000000000000000000000000000
310
00000000000000000000000000000000000000000000000000000000000000000000000000000000000000000000000000000000000000000000000000000000000000000000000000000000000000000000000000000000000000000000000000000000000000000000000000000000000000000000000000000000000000
310
00000000000000000000000000000000000000000000000000000000000000000000000000000000000000000000000000000000000000000000000000000000000000000000000000000000000000000000000000000000000000000000000000000000000000000000000000000000000000000000000000000000000000
310
00000000000000000000000000000000000000000000000000000000000000000000000000000000000000000000000000000000000000000000000000000000000000000000000000000000000000000000000000000000000000000000000000000000000000000000000000000000000000000000000000000000000000
310
00000000000000000000000000000000000000000000000000000000000000000000000000000000000000000000000000000000000000000000000000000000000000000000000000000000000000000000000000000000000000000000000000000000000000000000000000000000000000000000000000000000000000
310
00000000000000000000000000000000000000000000000000000000000000000000000000000000000000000000000000000000000000000000000000000000000000000000000000000000000000000000000000000000000000000000000000000000000000000000000000000000000000000000000000000000000000
310
00000000000000000000000000000000000000000000000000000000000000000000000000000000000000000000000000000000000000000000000000000000000000000000000000000000000000000000000000000000000000000000000000000000000000000000000000000000000000000000000000000000000000
310
00000000000000000000000000000000000000000000000000000000000000000000000000000000000000000000000000000000000000000000000000000000000000000000000000000000000000000000000000000000000000000000000000000000000000000000000000000000000000000000000000000000000000
310
00000000000000000000000000000000000000000000000000000000000000000000000000000000000000000000000000000000000000000000000000000000000000000000000000000000000000000000000000000000000000000000000000000000000000000000000000000000000000000000000000000000000000
310
00000000000000000000000000000000000000000000000000000000000000000000000000000000000000000000000000000000000000000000000000000000000000000000000000000000000000000000000000000000000000000000000000000000000000000000000000000000000000000000000000000000000000
310
00000000000000000000000000000000000000000000000000000000000000000000000000000000000000000000000000000000000000000000000000000000000000000000000000000000000000000000000000000000000000000000000000000000000000000000000000000000000000000000000000000000000000
310
00000000000000000000000000000000000000000000000000000000000000000000000000000000000000000000000000000000000000000000000000000000000000000000000000000000000000000000000000000000000000000000000000000000000000000000000000000000000000000000000000000000000000
310
00000000000000000000000000000000000000000000000000000000000000000000000000000000000000000000000000000000000000000000000000000000000000000000000000000000000000000000000000000000000000000000000000000000000000000000000000000000000000000000000000000000000000
310
00000000000000000000000000000000000000000000000000000000000000000000000000000000000000000000000000000000000000000000000000000000000000000000000000000000000000000000000000000000000000000000000000000000000000000000000000000000000000000000000000000000000000
310
00000000000000000000000000000000000000000000000000000000000000000000000000000000000000000000000000000000000000000000000000000000000000000000000000000000000000000000000000000000000000000000000000000000000000000000000000000000000000000000000000000000000000
310
00000000000000000000000000000000000000000000000000000000000000000000000000000000000000000000000000000000000000000000000000000000000000000000000000000000000000000000000000000000000000000000000000000000000000000000000000000000000000000000000000000000000000
310
00000000000000000000000000000000000000000000000000000000000000000000000000000000000000000000000000000000000000000000000000000000000000000000000000000000000000000000000000000000000000000000000000000000000000000000000000000000000000000000000000000000000000
310
00000000000000000000000000000000000000000000000000000000000000000000000000000000000000000000000000000000000000000000000000000000000000000000000000000000000000000000000000000000000000000000000000000000000000000000000000000000000000000000000000000000000000
310
00000000000000000000000000000000000000000000000000000000000000000000000000000000000000000000000000000000000000000000000000000000000000000000000000000000000000000000000000000000000000000000000000000000000000000000000000000000000000000000000000000000000000
310
00000000000000000000000000000000000000000000000000000000000000000000000000000000000000000000000000000000000000000000000000000000000000000000000000000000000000000000000000000000000000000000000000000000000000000000000000000000000000000000000000000000000000
310
00000000000000000000000000000000000000000000000000000000000000000000000000000000000000000000000000000000000000000000000000000000000000000000000000000000000000000000000000000000000000000000000000000000000000000000000000000000000000000000000000000000000000
310
00000000000000000000000000000000000000000000000000000000000000000000000000000000000000000000000000000000000000000000000000000000000000000000000000000000000000000000000000000000000000000000000000000000000000000000000000000000000000000000000000000000000000
310
00000000000000000000000000000000000000000000000000000000000000000000000000000000000000000000000000000000000000000000000000000000000000000000000000000000000000000000000000000000000000000000000000000000000000000000000000000000000000000000000000000000000000
310
00000000000000000000000000000000000000000000000000000000000000000000000000000000000000000000000000000000000000000000000000000000000000000000000000000000000000000000000000000000000000000000000000000000000000000000000000000000000000000000000000000000000000
310
00000000000000000000000000000000000000000000000000000000000000000000000000000000000000000000000000000000000000000000000000000000000000000000000000000000000000000000000000000000000000000000000000000000000000000000000000000000000000000000000000000000000000
310
00000000000000000000000000000000000000000000000000000000000000000000000000000000000000000000000000000000000000000000000000000000000000000000000000000000000000000000000000000000000000000000000000000000000000000000000000000000000000000000000000000000000000
310
00000000000000000000000000000000000000000000000000000000000000000000000000000000000000000000000000000000000000000000000000000000000000000000000000000000000000000000000000000000000000000000000000000000000000000000000000000000000000000000000000000000000000
310
00000000000000000000000000000000000000000000000000000000000000000000000000000000000000000000000000000000000000000000000000000000000000000000000000000000000000000000000000000000000000000000000000000000000000000000000000000000000000000000000000000000000000
310
00000000000000000000000000000000000000000000000000000000000000000000000000000000000000000000000000000000000000000000000000000000000000000000000000000000000000000000000000000000000000000000000000000000000000000000000000000000000000000000000000000000000000
310
00000000000000000000000000000000000000000000000000000000000000000000000000000000000000000000000000000000000000000000000000000000000000000000000000000000000000000000000000000000000000000000000000000000000000000000000000000000000000000000000000000000000000
310
00000000000000000000000000000000000000000000000000000000000000000000000000000000000000000000000000000000000000000000000000000000000000000000000000000000000000000000000000000000000000000000000000000000000000000000000000000000000000000000000000000000000000
310
00000000000000000000000000000000000000000000000000000000000000000000000000000000000000000000000000000000000000000000000000000000000000000000000000000000000000000000000000000000000000000000000000000000000000000000000000000000000000000000000000000000000000
310
00000000000000000000000000000000000000000000000000000000000000000000000000000000000000000000000000000000000000000000000000000000000000000000000000000000000000000000000000000000000000000000000000000000000000000000000000000000000000000000000000000000000000
310
00000000000000000000000000000000000000000000000000000000000000000000000000000000000000000000000000000000000000000000000000000000000000000000000000000000000000000000000000000000000000000000000000000000000000000000000000000000000000000000000000000000000000
310
00000000000000000000000000000000000000000000000000000000000000000000000000000000000000000000000000000000000000000000000000000000000000000000000000000000000000000000000000000000000000000000000000000000000000000000000000000000000000000000000000000000000000
310
00000000000000000000000000000000000000000000000000000000000000000000000000000000000000000000000000000000000000000000000000000000000000000000000000000000000000000000000000000000000000000000000000000000000000000000000000000000000000000000000000000000000000
310
00000000000000000000000000000000000000000000000000000000000000000000000000000000000000000000000000000000000000000000000000000000000000000000000000000000000000000000000000000000000000000000000000000000000000000000000000000000000000000000000000000000000000
310
00000000000000000000000000000000000000000000000000000000000000000000000000000000000000000000000000000000000000000000000000000000000000000000000000000000000000000000000000000000000000000000000000000000000000000000000000000000000000000000000000000000000000
310
00000000000000000000000000000000000000000000000000000000000000000000000000000000000000000000000000000000000000000000000000000000000000000000000000000000000000000000000000000000000000000000000000000000000000000000000000000000000000000000000000000000000000
310
00000000000000000000000000000000000000000000000000000000000000000000000000000000000000000000000000000000000000000000000000000000000000000000000000000000000000000000000000000000000000000000000000000000000000000000000000000000000000000000000000000000000000
310
00000000000000000000000000000000000000000000000000000000000000000000000000000000000000000000000000000000000000000000000000000000000000000000000000000000000000000000000000000000000000000000000000000000000000000000000000000000000000000000000000000000000000
310
00000000000000000000000000000000000000000000000000000000000000000000000000000000000000000000000000000000000000000000000000000000000000000000000000000000000000000000000000000000000000000000000000000000000000000000000000000000000000000000000000000000000000
310
00000000000000000000000000000000000000000000000000000000000000000000000000000000000000000000000000000000000000000000000000000000000000000000000000000000000000000000000000000000000000000000000000000000000000000000000000000000000000000000000000000000000000
310
00000000000000000000000000000000000000000000000000000000000000000000000000000000000000000000000000000000000000000000000000000000000000000000000000000000000000000000000000000000000000000000000000000000000000000000000000000000000000000000000000000000000000
310
00000000000000000000000000000000000000000000000000000000000000000000000000000000000000000000000000000000000000000000000000000000000000000000000000000000000000000000000000000000000000000000000000000000000000000000000000000000000000000000000000000000000000
310
00000000000000000000000000000000000000000000000000000000000000000000000000000000000000000000000000000000000000000000000000000000000000000000000000000000000000000000000000000000000000000000000000000000000000000000000000000000000000000000000000000000000000
310
00000000000000000000000000000000000000000000000000000000000000000000000000000000000000000000000000000000000000000000000000000000000000000000000000000000000000000000000000000000000000000000000000000000000000000000000000000000000000000000000000000000000000
310
00000000000000000000000000000000000000000000000000000000000000000000000000000000000000000000000000000000000000000000000000000000000000000000000000000000000000000000000000000000000000000000000000000000000000000000000000000000000000000000000000000000000000
310
00000000000000000000000000000000000000000000000000000000000000000000000000000000000000000000000000000000000000000000000000000000000000000000000000000000000000000000000000000000000000000000000000000000000000000000000000000000000000000000000000000000000000
310
00000000000000000000000000000000000000000000000000000000000000000000000000000000000000000000000000000000000000000000000000000000000000000000000000000000000000000000000000000000000000000000000000000000000000000000000000000000000000000000000000000000000000
310
00000000000000000000000000000000000000000000000000000000000000000000000000000000000000000000000000000000000000000000000000000000000000000000000000000000000000000000000000000000000000000000000000000000000000000000000000000000000000000000000000000000000000
310
00000000000000000000000000000000000000000000000000000000000000000000000000000000000000000000000000000000000000000000000000000000000000000000000000000000000000000000000000000000000000000000000000000000000000000000000000000000000000000000000000000000000000
310
00000000000000000000000000000000000000000000000000000000000000000000000000000000000000000000000000000000000000000000000000000000000000000000000000000000000000000000000000000000000000000000000000000000000000000000000000000000000000000000000000000000000000
310
00000000000000000000000000000000000000000000000000000000000000000000000000000000000000000000000000000000000000000000000000000000000000000000000000000000000000000000000000000000000000000000000000000000000000000000000000000000000000000000000000000000000000
310
00000000000000000000000000000000000000000000000000000000000000000000000000000000000000000000000000000000000000000000000000000000000000000000000000000000000000000000000000000000000000000000000000000000000000000000000000000000000000000000000000000000000000
310
00000000000000000000000000000000000000000000000000000000000000000000000000000000000000000000000000000000000000000000000000000000000000000000000000000000000000000000000000000000000000000000000000000000000000000000000000000000000000000000000000000000000000
310
00000000000000000000000000000000000000000000000000000000000000000000000000000000000000000000000000000000000000000000000000000000000000000000000000000000000000000000000000000000000000000000000000000000000000000000000000000000000000000000000000000000000000
310
00000000000000000000000000000000000000000000000000000000000000000000000000000000000000000000000000000000000000000000000000000000000000000000000000000000000000000000000000000000000000000000000000000000000000000000000000000000000000000000000000000000000000
310
00000000000000000000000000000000000000000000000000000000000000000000000000000000000000000000000000000000000000000000000000000000000000000000000000000000000000000000000000000000000000000000000000000000000000000000000000000000000000000000000000000000000000
310
00000000000000000000000000000000000000000000000000000000000000000000000000000000000000000000000000000000000000000000000000000000000000000000000000000000000000000000000000000000000000000000000000000000000000000000000000000000000000000000000000000000000000
310
00000000000000000000000000000000000000000000000000000000000000000000000000000000000000000000000000000000000000000000000000000000000000000000000000000000000000000000000000000000000000000000000000000000000000000000000000000000000000000000000000000000000000
310
00000000000000000000000000000000000000000000000000000000000000000000000000000000000000000000000000000000000000000000000000000000000000000000000000000000000000000000000000000000000000000000000000000000000000000000000000000000000000000000000000000000000000
310
00000000000000000000000000000000000000000000000000000000000000000000000000000000000000000000000000000000000000000000000000000000000000000000000000000000000000000000000000000000000000000000000000000000000000000000000000000000000000000000000000000000000000
310
00000000000000000000000000000000000000000000000000000000000000000000000000000000000000000000000000000000000000000000000000000000000000000000000000000000000000000000000000000000000000000000000000000000000000000000000000000000000000000000000000000000000000
310
00000000000000000000000000000000000000000000000000000000000000000000000000000000000000000000000000000000000000000000000000000000000000000000000000000000000000000000000000000000000000000000000000000000000000000000000000000000000000000000000000000000000000
310
00000000000000000000000000000000000000000000000000000000000000000000000000000000000000000000000000000000000000000000000000000000000000000000000000000000000000000000000000000000000000000000000000000000000000000000000000000000000000000000000000000000000000
310
00000000000000000000000000000000000000000000000000000000000000000000000000000000000000000000000000000000000000000000000000000000000000000000000000000000000000000000000000000000000000000000000000000000000000000000000000000000000000000000000000000000000000
310
00000000000000000000000000000000000000000000000000000000000000000000000000000000000000000000000000000000000000000000000000000000000000000000000000000000000000000000000000000000000000000000000000000000000000000000000000000000000000000000000000000000000000
310
00000000000000000000000000000000000000000000000000000000000000000000000000000000000000000000000000000000000000000000000000000000000000000000000000000000000000000000000000000000000000000000000000000000000000000000000000000000000000000000000000000000000000
310
00000000000000000000000000000000000000000000000000000000000000000000000000000000000000000000000000000000000000000000000000000000000000000000000000000000000000000000000000000000000000000000000000000000000000000000000000000000000000000000000000000000000000
310
00000000000000000000000000000000000000000000000000000000000000000000000000000000000000000000000000000000000000000000000000000000000000000000000000000000000000000000000000000000000000000000000000000000000000000000000000000000000000000000000000000000000000
310
00000000000000000000000000000000000000000000000000000000000000000000000000000000000000000000000000000000000000000000000000000000000000000000000000000000000000000000000000000000000000000000000000000000000000000000000000000000000000000000000000000000000000
310
00000000000000000000000000000000000000000000000000000000000000000000000000000000000000000000000000000000000000000000000000000000000000000000000000000000000000000000000000000000000000000000000000000000000000000000000000000000000000000000000000000000000000
310
00000000000000000000000000000000000000000000000000000000000000000000000000000000000000000000000000000000000000000000000000000000000000000000000000000000000000000000000000000000000000000000000000000000000000000000000000000000000000000000000000000000000000
310
00000000000000000000000000000000000000000000000000000000000000000000000000000000000000000000000000000000000000000000000000000000000000000000000000000000000000000000000000000000000000000000000000000000000000000000000000000000000000000000000000000000000000
310
00000000000000000000000000000000000000000000000000000000000000000000000000000000000000000000000000000000000000000000000000000000000000000000000000000000000000000000000000000000000000000000000000000000000000000000000000000000000000000000000000000000000000
310
00000000000000000000000000000000000000000000000000000000000000000000000000000000000000000000000000000000000000000000000000000000000000000000000000000000000000000000000000000000000000000000000000000000000000000000000000000000000000000000000000000000000000
310
00000000000000000000000000000000000000000000000000000000000000000000000000000000000000000000000000000000000000000000000000000000000000000000000000000000000000000000000000000000000000000000000000000000000000000000000000000000000000000000000000000000000000
310
00000000000000000000000000000000000000000000000000000000000000000000000000000000000000000000000000000000000000000000000000000000000000000000000000000000000000000000000000000000000000000000000000000000000000000000000000000000000000000000000000000000000000
310
00000000000000000000000000000000000000000000000000000000000000000000000000000000000000000000000000000000000000000000000000000000000000000000000000000000000000000000000000000000000000000000000000000000000000000000000000000000000000000000000000000000000000
310
00000000000000000000000000000000000000000000000000000000000000000000000000000000000000000000000000000000000000000000000000000000000000000000000000000000000000000000000000000000000000000000000000000000000000000000000000000000000000000000000000000000000000
310
00000000000000000000000000000000000000000000000000000000000000000000000000000000000000000000000000000000000000000000000000000000000000000000000000000000000000000000000000000000000000000000000000000000000000000000000000000000000000000000000000000000000000
310
00000000000000000000000000000000000000000000000000000000000000000000000000000000000000000000000000000000000000000000000000000000000000000000000000000000000000000000000000000000000000000000000000000000000000000000000000000000000000000000000000000000000000
310
00000000000000000000000000000000000000000000000000000000000000000000000000000000000000000000000000000000000000000000000000000000000000000000000000000000000000000000000000000000000000000000000000000000000000000000000000000000000000000000000000000000000000
310
00000000000000000000000000000000000000000000000000000000000000000000000000000000000000000000000000000000000000000000000000000000000000000000000000000000000000000000000000000000000000000000000000000000000000000000000000000000000000000000000000000000000000
310
00000000000000000000000000000000000000000000000000000000000000000000000000000000000000000000000000000000000000000000000000000000000000000000000000000000000000000000000000000000000000000000000000000000000000000000000000000000000000000000000000000000000000
310
00000000000000000000000000000000000000000000000000000000000000000000000000000000000000000000000000000000000000000000000000000000000000000000000000000000000000000000000000000000000000000000000000000000000000000000000000000000000000000000000000000000000000
310
00000000000000000000000000000000000000000000000000000000000000000000000000000000000000000000000000000000000000000000000000000000000000000000000000000000000000000000000000000000000000000000000000000000000000000000000000000000000000000000000000000000000000
310
00000000000000000000000000000000000000000000000000000000000000000000000000000000000000000000000000000000000000000000000000000000000000000000000000000000000000000000000000000000000000000000000000000000000000000000000000000000000000000000000000000000000000
310
00000000000000000000000000000000000000000000000000000000000000000000000000000000000000000000000000000000000000000000000000000000000000000000000000000000000000000000000000000000000000000000000000000000000000000000000000000000000000000000000000000000000000
310
00000000000000000000000000000000000000000000000000000000000000000000000000000000000000000000000000000000000000000000000000000000000000000000000000000000000000000000000000000000000000000000000000000000000000000000000000000000000000000000000000000000000000
310
00000000000000000000000000000000000000000000000000000000000000000000000000000000000000000000000000000000000000000000000000000000000000000000000000000000000000000000000000000000000000000000000000000000000000000000000000000000000000000000000000000000000000
310
00000000000000000000000000000000000000000000000000000000000000000000000000000000000000000000000000000000000000000000000000000000000000000000000000000000000000000000000000000000000000000000000000000000000000000000000000000000000000000000000000000000000000
310
00000000000000000000000000000000000000000000000000000000000000000000000000000000000000000000000000000000000000000000000000000000000000000000000000000000000000000000000000000000000000000000000000000000000000000000000000000000000000000000000000000000000000
310
00000000000000000000000000000000000000000000000000000000000000000000000000000000000000000000000000000000000000000000000000000000000000000000000000000000000000000000000000000000000000000000000000000000000000000000000000000000000000000000000000000000000000
310
00000000000000000000000000000000000000000000000000000000000000000000000000000000000000000000000000000000000000000000000000000000000000000000000000000000000000000000000000000000000000000000000000000000000000000000000000000000000000000000000000000000000000
310
00000000000000000000000000000000000000000000000000000000000000000000000000000000000000000000000000000000000000000000000000000000000000000000000000000000000000000000000000000000000000000000000000000000000000000000000000000000000000000000000000000000000000
310
00000000000000000000000000000000000000000000000000000000000000000000000000000000000000000000000000000000000000000000000000000000000000000000000000000000000000000000000000000000000000000000000000000000000000000000000000000000000000000000000000000000000000
310
00000000000000000000000000000000000000000000000000000000000000000000000000000000000000000000000000000000000000000000000000000000000000000000000000000000000000000000000000000000000000000000000000000000000000000000000000000000000000000000000000000000000000
310
00000000000000000000000000000000000000000000000000000000000000000000000000000000000000000000000000000000000000000000000000000000000000000000000000000000000000000000000000000000000000000000000000000000000000000000000000000000000000000000000000000000000000
310
00000000000000000000000000000000000000000000000000000000000000000000000000000000000000000000000000000000000000000000000000000000000000000000000000000000000000000000000000000000000000000000000000000000000000000000000000000000000000000000000000000000000000
310
00000000000000000000000000000000000000000000000000000000000000000000000000000000000000000000000000000000000000000000000000000000000000000000000000000000000000000000000000000000000000000000000000000000000000000000000000000000000000000000000000000000000000
310
00000000000000000000000000000000000000000000000000000000000000000000000000000000000000000000000000000000000000000000000000000000000000000000000000000000000000000000000000000000000000000000000000000000000000000000000000000000000000000000000000000000000000
310
00000000000000000000000000000000000000000000000000000000000000000000000000000000000000000000000000000000000000000000000000000000000000000000000000000000000000000000000000000000000000000000000000000000000000000000000000000000000000000000000000000000000000
310
00000000000000000000000000000000000000000000000000000000000000000000000000000000000000000000000000000000000000000000000000000000000000000000000000000000000000000000000000000000000000000000000000000000000000000000000000000000000000000000000000000000000000
310
00000000000000000000000000000000000000000000000000000000000000000000000000000000000000000000000000000000000000000000000000000000000000000000000000000000000000000000000000000000000000000000000000000000000000000000000000000000000000000000000000000000000000
310
00000000000000000000000000000000000000000000000000000000000000000000000000000000000000000000000000000000000000000000000000000000000000000000000000000000000000000000000000000000000000000000000000000000000000000000000000000000000000000000000000000000000000
310
00000000000000000000000000000000000000000000000000000000000000000000000000000000000000000000000000000000000000000000000000000000000000000000000000000000000000000000000000000000000000000000000000000000000000000000000000000000000000000000000000000000000000
310
00000000000000000000000000000000000000000000000000000000000000000000000000000000000000000000000000000000000000000000000000000000000000000000000000000000000000000000000000000000000000000000000000000000000000000000000000000000000000000000000000000000000000
310
00000000000000000000000000000000000000000000000000000000000000000000000000000000000000000000000000000000000000000000000000000000000000000000000000000000000000000000000000000000000000000000000000000000000000000000000000000000000000000000000000000000000000
310
00000000000000000000000000000000000000000000000000000000000000000000000000000000000000000000000000000000000000000000000000000000000000000000000000000000000000000000000000000000000000000000000000000000000000000000000000000000000000000000000000000000000000
310
00000000000000000000000000000000000000000000000000000000000000000000000000000000000000000000000000000000000000000000000000000000000000000000000000000000000000000000000000000000000000000000000000000000000000000000000000000000000000000000000000000000000000
310
00000000000000000000000000000000000000000000000000000000000000000000000000000000000000000000000000000000000000000000000000000000000000000000000000000000000000000000000000000000000000000000000000000000000000000000000000000000000000000000000000000000000000
310
00000000000000000000000000000000000000000000000000000000000000000000000000000000000000000000000000000000000000000000000000000000000000000000000000000000000000000000000000000000000000000000000000000000000000000000000000000000000000000000000000000000000000
310
00000000000000000000000000000000000000000000000000000000000000000000000000000000000000000000000000000000000000000000000000000000000000000000000000000000000000000000000000000000000000000000000000000000000000000000000000000000000000000000000000000000000000
310
00000000000000000000000000000000000000000000000000000000000000000000000000000000000000000000000000000000000000000000000000000000000000000000000000000000000000000000000000000000000000000000000000000000000000000000000000000000000000000000000000000000000000
310
00000000000000000000000000000000000000000000000000000000000000000000000000000000000000000000000000000000000000000000000000000000000000000000000000000000000000000000000000000000000000000000000000000000000000000000000000000000000000000000000000000000000000
310
00000000000000000000000000000000000000000000000000000000000000000000000000000000000000000000000000000000000000000000000000000000000000000000000000000000000000000000000000000000000000000000000000000000000000000000000000000000000000000000000000000000000000
310
00000000000000000000000000000000000000000000000000000000000000000000000000000000000000000000000000000000000000000000000000000000000000000000000000000000000000000000000000000000000000000000000000000000000000000000000000000000000000000000000000000000000000
310
00000000000000000000000000000000000000000000000000000000000000000000000000000000000000000000000000000000000000000000000000000000000000000000000000000000000000000000000000000000000000000000000000000000000000000000000000000000000000000000000000000000000000
310
00000000000000000000000000000000000000000000000000000000000000000000000000000000000000000000000000000000000000000000000000000000000000000000000000000000000000000000000000000000000000000000000000000000000000000000000000000000000000000000000000000000000000
310
00000000000000000000000000000000000000000000000000000000000000000000000000000000000000000000000000000000000000000000000000000000000000000000000000000000000000000000000000000000000000000000000000000000000000000000000000000000000000000000000000000000000000
310
00000000000000000000000000000000000000000000000000000000000000000000000000000000000000000000000000000000000000000000000000000000000000000000000000000000000000000000000000000000000000000000000000000000000000000000000000000000000000000000000000000000000000
310
00000000000000000000000000000000000000000000000000000000000000000000000000000000000000000000000000000000000000000000000000000000000000000000000000000000000000000000000000000000000000000000000000000000000000000000000000000000000000000000000000000000000000
310
00000000000000000000000000000000000000000000000000000000000000000000000000000000000000000000000000000000000000000000000000000000000000000000000000000000000000000000000000000000000000000000000000000000000000000000000000000000000000000000000000000000000000
310
00000000000000000000000000000000000000000000000000000000000000000000000000000000000000000000000000000000000000000000000000000000000000000000000000000000000000000000000000000000000000000000000000000000000000000000000000000000000000000000000000000000000000
310
00000000000000000000000000000000000000000000000000000000000000000000000000000000000000000000000000000000000000000000000000000000000000000000000000000000000000000000000000000000000000000000000000000000000000000000000000000000000000000000000000000000000000
310
00000000000000000000000000000000000000000000000000000000000000000000000000000000000000000000000000000000000000000000000000000000000000000000000000000000000000000000000000000000000000000000000000000000000000000000000000000000000000000000000000000000000000
310
00000000000000000000000000000000000000000000000000000000000000000000000000000000000000000000000000000000000000000000000000000000000000000000000000000000000000000000000000000000000000000000000000000000000000000000000000000000000000000000000000000000000000
310
00000000000000000000000000000000000000000000000000000000000000000000000000000000000000000000000000000000000000000000000000000000000000000000000000000000000000000000000000000000000000000000000000000000000000000000000000000000000000000000000000000000000000
310
00000000000000000000000000000000000000000000000000000000000000000000000000000000000000000000000000000000000000000000000000000000000000000000000000000000000000000000000000000000000000000000000000000000000000000000000000000000000000000000000000000000000000
310
00000000000000000000000000000000000000000000000000000000000000000000000000000000000000000000000000000000000000000000000000000000000000000000000000000000000000000000000000000000000000000000000000000000000000000000000000000000000000000000000000000000000000
310
00000000000000000000000000000000000000000000000000000000000000000000000000000000000000000000000000000000000000000000000000000000000000000000000000000000000000000000000000000000000000000000000000000000000000000000000000000000000000000000000000000000000000
310
00000000000000000000000000000000000000000000000000000000000000000000000000000000000000000000000000000000000000000000000000000000000000000000000000000000000000000000000000000000000000000000000000000000000000000000000000000000000000000000000000000000000000
310
00000000000000000000000000000000000000000000000000000000000000000000000000000000000000000000000000000000000000000000000000000000000000000000000000000000000000000000000000000000000000000000000000000000000000000000000000000000000000000000000000000000000000
310
00000000000000000000000000000000000000000000000000000000000000000000000000000000000000000000000000000000000000000000000000000000000000000000000000000000000000000000000000000000000000000000000000000000000000000000000000000000000000000000000000000000000000
310
00000000000000000000000000000000000000000000000000000000000000000000000000000000000000000000000000000000000000000000000000000000000000000000000000000000000000000000000000000000000000000000000000000000000000000000000000000000000000000000000000000000000000
310
00000000000000000000000000000000000000000000000000000000000000000000000000000000000000000000000000000000000000000000000000000000000000000000000000000000000000000000000000000000000000000000000000000000000000000000000000000000000000000000000000000000000000
310
00000000000000000000000000000000000000000000000000000000000000000000000000000000000000000000000000000000000000000000000000000000000000000000000000000000000000000000000000000000000000000000000000000000000000000000000000000000000000000000000000000000000000
310
00000000000000000000000000000000000000000000000000000000000000000000000000000000000000000000000000000000000000000000000000000000000000000000000000000000000000000000000000000000000000000000000000000000000000000000000000000000000000000000000000000000000000
310
00000000000000000000000000000000000000000000000000000000000000000000000000000000000000000000000000000000000000000000000000000000000000000000000000000000000000000000000000000000000000000000000000000000000000000000000000000000000000000000000000000000000000
310
00000000000000000000000000000000000000000000000000000000000000000000000000000000000000000000000000000000000000000000000000000000000000000000000000000000000000000000000000000000000000000000000000000000000000000000000000000000000000000000000000000000000000
310
00000000000000000000000000000000000000000000000000000000000000000000000000000000000000000000000000000000000000000000000000000000000000000000000000000000000000000000000000000000000000000000000000000000000000000000000000000000000000000000000000000000000000
310
00000000000000000000000000000000000000000000000000000000000000000000000000000000000000000000000000000000000000000000000000000000000000000000000000000000000000000000000000000000000000000000000000000000000000000000000000000000000000000000000000000000000000
310
00000000000000000000000000000000000000000000000000000000000000000000000000000000000000000000000000000000000000000000000000000000000000000000000000000000000000000000000000000000000000000000000000000000000000000000000000000000000000000000000000000000000000
310
00000000000000000000000000000000000000000000000000000000000000000000000000000000000000000000000000000000000000000000000000000000000000000000000000000000000000000000000000000000000000000000000000000000000000000000000000000000000000000000000000000000000000
310
00000000000000000000000000000000000000000000000000000000000000000000000000000000000000000000000000000000000000000000000000000000000000000000000000000000000000000000000000000000000000000000000000000000000000000000000000000000000000000000000000000000000000
310
00000000000000000000000000000000000000000000000000000000000000000000000000000000000000000000000000000000000000000000000000000000000000000000000000000000000000000000000000000000000000000000000000000000000000000000000000000000000000000000000000000000000000
310
00000000000000000000000000000000000000000000000000000000000000000000000000000000000000000000000000000000000000000000000000000000000000000000000000000000000000000000000000000000000000000000000000000000000000000000000000000000000000000000000000000000000000
310
00000000000000000000000000000000000000000000000000000000000000000000000000000000000000000000000000000000000000000000000000000000000000000000000000000000000000000000000000000000000000000000000000000000000000000000000000000000000000000000000000000000000000
310
00000000000000000000000000000000000000000000000000000000000000000000000000000000000000000000000000000000000000000000000000000000000000000000000000000000000000000000000000000000000000000000000000000000000000000000000000000000000000000000000000000000000000
310
00000000000000000000000000000000000000000000000000000000000000000000000000000000000000000000000000000000000000000000000000000000000000000000000000000000000000000000000000000000000000000000000000000000000000000000000000000000000000000000000000000000000000
310
00000000000000000000000000000000000000000000000000000000000000000000000000000000000000000000000000000000000000000000000000000000000000000000000000000000000000000000000000000000000000000000000000000000000000000000000000000000000000000000000000000000000000
310
00000000000000000000000000000000000000000000000000000000000000000000000000000000000000000000000000000000000000000000000000000000000000000000000000000000000000000000000000000000000000000000000000000000000000000000000000000000000000000000000000000000000000
310
00000000000000000000000000000000000000000000000000000000000000000000000000000000000000000000000000000000000000000000000000000000000000000000000000000000000000000000000000000000000000000000000000000000000000000000000000000000000000000000000000000000000000
310
00000000000000000000000000000000000000000000000000000000000000000000000000000000000000000000000000000000000000000000000000000000000000000000000000000000000000000000000000000000000000000000000000000000000000000000000000000000000000000000000000000000000000
310
00000000000000000000000000000000000000000000000000000000000000000000000000000000000000000000000000000000000000000000000000000000000000000000000000000000000000000000000000000000000000000000000000000000000000000000000000000000000000000000000000000000000000
310
00000000000000000000000000000000000000000000000000000000000000000000000000000000000000000000000000000000000000000000000000000000000000000000000000000000000000000000000000000000000000000000000000000000000000000000000000000000000000000000000000000000000000
310
00000000000000000000000000000000000000000000000000000000000000000000000000000000000000000000000000000000000000000000000000000000000000000000000000000000000000000000000000000000000000000000000000000000000000000000000000000000000000000000000000000000000000
310
00000000000000000000000000000000000000000000000000000000000000000000000000000000000000000000000000000000000000000000000000000000000000000000000000000000000000000000000000000000000000000000000000000000000000000000000000000000000000000000000000000000000000
310
00000000000000000000000000000000000000000000000000000000000000000000000000000000000000000000000000000000000000000000000000000000000000000000000000000000000000000000000000000000000000000000000000000000000000000000000000000000000000000000000000000000000000
310
00000000000000000000000000000000000000000000000000000000000000000000000000000000000000000000000000000000000000000000000000000000000000000000000000000000000000000000000000000000000000000000000000000000000000000000000000000000000000000000000000000000000000
310
00000000000000000000000000000000000000000000000000000000000000000000000000000000000000000000000000000000000000000000000000000000000000000000000000000000000000000000000000000000000000000000000000000000000000000000000000000000000000000000000000000000000000
310
00000000000000000000000000000000000000000000000000000000000000000000000000000000000000000000000000000000000000000000000000000000000000000000000000000000000000000000000000000000000000000000000000000000000000000000000000000000000000000000000000000000000000
310
00000000000000000000000000000000000000000000000000000000000000000000000000000000000000000000000000000000000000000000000000000000000000000000000000000000000000000000000000000000000000000000000000000000000000000000000000000000000000000000000000000000000000
310
00000000000000000000000000000000000000000000000000000000000000000000000000000000000000000000000000000000000000000000000000000000000000000000000000000000000000000000000000000000000000000000000000000000000000000000000000000000000000000000000000000000000000
310
00000000000000000000000000000000000000000000000000000000000000000000000000000000000000000000000000000000000000000000000000000000000000000000000000000000000000000000000000000000000000000000000000000000000000000000000000000000000000000000000000000000000000
310
00000000000000000000000000000000000000000000000000000000000000000000000000000000000000000000000000000000000000000000000000000000000000000000000000000000000000000000000000000000000000000000000000000000000000000000000000000000000000000000000000000000000000
310
00000000000000000000000000000000000000000000000000000000000000000000000000000000000000000000000000000000000000000000000000000000000000000000000000000000000000000000000000000000000000000000000000000000000000000000000000000000000000000000000000000000000000
310
00000000000000000000000000000000000000000000000000000000000000000000000000000000000000000000000000000000000000000000000000000000000000000000000000000000000000000000000000000000000000000000000000000000000000000000000000000000000000000000000000000000000000
310
00000000000000000000000000000000000000000000000000000000000000000000000000000000000000000000000000000000000000000000000000000000000000000000000000000000000000000000000000000000000000000000000000000000000000000000000000000000000000000000000000000000000000
310
00000000000000000000000000000000000000000000000000000000000000000000000000000000000000000000000000000000000000000000000000000000000000000000000000000000000000000000000000000000000000000000000000000000000000000000000000000000000000000000000000000000000000
310
00000000000000000000000000000000000000000000000000000000000000000000000000000000000000000000000000000000000000000000000000000000000000000000000000000000000000000000000000000000000000000000000000000000000000000000000000000000000000000000000000000000000000
310
00000000000000000000000000000000000000000000000000000000000000000000000000000000000000000000000000000000000000000000000000000000000000000000000000000000000000000000000000000000000000000000000000000000000000000000000000000000000000000000000000000000000000
310
00000000000000000000000000000000000000000000000000000000000000000000000000000000000000000000000000000000000000000000000000000000000000000000000000000000000000000000000000000000000000000000000000000000000000000000000000000000000000000000000000000000000000
310
00000000000000000000000000000000000000000000000000000000000000000000000000000000000000000000000000000000000000000000000000000000000000000000000000000000000000000000000000000000000000000000000000000000000000000000000000000000000000000000000000000000000000
310
00000000000000000000000000000000000000000000000000000000000000000000000000000000000000000000000000000000000000000000000000000000000000000000000000000000000000000000000000000000000000000000000000000000000000000000000000000000000000000000000000000000000000
310
00000000000000000000000000000000000000000000000000000000000000000000000000000000000000000000000000000000000000000000000000000000000000000000000000000000000000000000000000000000000000000000000000000000000000000000000000000000000000000000000000000000000000
310
00000000000000000000000000000000000000000000000000000000000000000000000000000000000000000000000000000000000000000000000000000000000000000000000000000000000000000000000000000000000000000000000000000000000000000000000000000000000000000000000000000000000000
310
00000000000000000000000000000000000000000000000000000000000000000000000000000000000000000000000000000000000000000000000000000000000000000000000000000000000000000000000000000000000000000000000000000000000000000000000000000000000000000000000000000000000000
310
00000000000000000000000000000000000000000000000000000000000000000000000000000000000000000000000000000000000000000000000000000000000000000000000000000000000000000000000000000000000000000000000000000000000000000000000000000000000000000000000000000000000000
310
00000000000000000000000000000000000000000000000000000000000000000000000000000000000000000000000000000000000000000000000000000000000000000000000000000000000000000000000000000000000000000000000000000000000000000000000000000000000000000000000000000000000000
310
00000000000000000000000000000000000000000000000000000000000000000000000000000000000000000000000000000000000000000000000000000000000000000000000000000000000000000000000000000000000000000000000000000000000000000000000000000000000000000000000000000000000000
310
00000000000000000000000000000000000000000000000000000000000000000000000000000000000000000000000000000000000000000000000000000000000000000000000000000000000000000000000000000000000000000000000000000000000000000000000000000000000000000000000000000000000000
310
00000000000000000000000000000000000000000000000000000000000000000000000000000000000000000000000000000000000000000000000000000000000000000000000000000000000000000000000000000000000000000000000000000000000000000000000000000000000000000000000000000000000000
310
00000000000000000000000000000000000000000000000000000000000000000000000000000000000000000000000000000000000000000000000000000000000000000000000000000000000000000000000000000000000000000000000000000000000000000000000000000000000000000000000000000000000000
310
00000000000000000000000000000000000000000000000000000000000000000000000000000000000000000000000000000000000000000000000000000000000000000000000000000000000000000000000000000000000000000000000000000000000000000000000000000000000000000000000000000000000000
310
00000000000000000000000000000000000000000000000000000000000000000000000000000000000000000000000000000000000000000000000000000000000000000000000000000000000000000000000000000000000000000000000000000000000000000000000000000000000000000000000000000000000000
310
00000000000000000000000000000000000000000000000000000000000000000000000000000000000000000000000000000000000000000000000000000000000000000000000000000000000000000000000000000000000000000000000000000000000000000000000000000000000000000000000000000000000000
310
00000000000000000000000000000000000000000000000000000000000000000000000000000000000000000000000000000000000000000000000000000000000000000000000000000000000000000000000000000000000000000000000000000000000000000000000000000000000000000000000000000000000000
310
00000000000000000000000000000000000000000000000000000000000000000000000000000000000000000000000000000000000000000000000000000000000000000000000000000000000000000000000000000000000000000000000000000000000000000000000000000000000000000000000000000000000000
310
00000000000000000000000000000000000000000000000000000000000000000000000000000000000000000000000000000000000000000000000000000000000000000000000000000000000000000000000000000000000000000000000000000000000000000000000000000000000000000000000000000000000000
310
00000000000000000000000000000000000000000000000000000000000000000000000000000000000000000000000000000000000000000000000000000000000000000000000000000000000000000000000000000000000000000000000000000000000000000000000000000000000000000000000000000000000000
310
00000000000000000000000000000000000000000000000000000000000000000000000000000000000000000000000000000000000000000000000000000000000000000000000000000000000000000000000000000000000000000000000000000000000000000000000000000000000000000000000000000000000000
310
00000000000000000000000000000000000000000000000000000000000000000000000000000000000000000000000000000000000000000000000000000000000000000000000000000000000000000000000000000000000000000000000000000000000000000000000000000000000000000000000000000000000000
310
00000000000000000000000000000000000000000000000000000000000000000000000000000000000000000000000000000000000000000000000000000000000000000000000000000000000000000000000000000000000000000000000000000000000000000000000000000000000000000000000000000000000000
310
00000000000000000000000000000000000000000000000000000000000000000000000000000000000000000000000000000000000000000000000000000000000000000000000000000000000000000000000000000000000000000000000000000000000000000000000000000000000000000000000000000000000000
310
00000000000000000000000000000000000000000000000000000000000000000000000000000000000000000000000000000000000000000000000000000000000000000000000000000000000000000000000000000000000000000000000000000000000000000000000000000000000000000000000000000000000000
310
00000000000000000000000000000000000000000000000000000000000000000000000000000000000000000000000000000000000000000000000000000000000000000000000000000000000000000000000000000000000000000000000000000000000000000000000000000000000000000000000000000000000000
310
00000000000000000000000000000000000000000000000000000000000000000000000000000000000000000000000000000000000000000000000000000000000000000000000000000000000000000000000000000000000000000000000000000000000000000000000000000000000000000000000000000000000000
310
00000000000000000000000000000000000000000000000000000000000000000000000000000000000000000000000000000000000000000000000000000000000000000000000000000000000000000000000000000000000000000000000000000000000000000000000000000000000000000000000000000000000000
310
00000000000000000000000000000000000000000000000000000000000000000000000000000000000000000000000000000000000000000000000000000000000000000000000000000000000000000000000000000000000000000000000000000000000000000000000000000000000000000000000000000000000000
310
00000000000000000000000000000000000000000000000000000000000000000000000000000000000000000000000000000000000000000000000000000000000000000000000000000000000000000000000000000000000000000000000000000000000000000000000000000000000000000000000000000000000000
310
00000000000000000000000000000000000000000000000000000000000000000000000000000000000000000000000000000000000000000000000000000000000000000000000000000000000000000000000000000000000000000000000000000000000000000000000000000000000000000000000000000000000000
310
00000000000000000000000000000000000000000000000000000000000000000000000000000000000000000000000000000000000000000000000000000000000000000000000000000000000000000000000000000000000000000000000000000000000000000000000000000000000000000000000000000000000000
310
00000000000000000000000000000000000000000000000000000000000000000000000000000000000000000000000000000000000000000000000000000000000000000000000000000000000000000000000000000000000000000000000000000000000000000000000000000000000000000000000000000000000000
310
00000000000000000000000000000000000000000000000000000000000000000000000000000000000000000000000000000000000000000000000000000000000000000000000000000000000000000000000000000000000000000000000000000000000000000000000000000000000000000000000000000000000000
310
00000000000000000000000000000000000000000000000000000000000000000000000000000000000000000000000000000000000000000000000000000000000000000000000000000000000000000000000000000000000000000000000000000000000000000000000000000000000000000000000000000000000000
310
00000000000000000000000000000000000000000000000000000000000000000000000000000000000000000000000000000000000000000000000000000000000000000000000000000000000000000000000000000000000000000000000000000000000000000000000000000000000000000000000000000000000000
310
00000000000000000000000000000000000000000000000000000000000000000000000000000000000000000000000000000000000000000000000000000000000000000000000000000000000000000000000000000000000000000000000000000000000000000000000000000000000000000000000000000000000000
310
00000000000000000000000000000000000000000000000000000000000000000000000000000000000000000000000000000000000000000000000000000000000000000000000000000000000000000000000000000000000000000000000000000000000000000000000000000000000000000000000000000000000000
310
00000000000000000000000000000000000000000000000000000000000000000000000000000000000000000000000000000000000000000000000000000000000000000000000000000000000000000000000000000000000000000000000000000000000000000000000000000000000000000000000000000000000000
310
00000000000000000000000000000000000000000000000000000000000000000000000000000000000000000000000000000000000000000000000000000000000000000000000000000000000000000000000000000000000000000000000000000000000000000000000000000000000000000000000000000000000000
310
00000000000000000000000000000000000000000000000000000000000000000000000000000000000000000000000000000000000000000000000000000000000000000000000000000000000000000000000000000000000000000000000000000000000000000000000000000000000000000000000000000000000000
310
00000000000000000000000000000000000000000000000000000000000000000000000000000000000000000000000000000000000000000000000000000000000000000000000000000000000000000000000000000000000000000000000000000000000000000000000000000000000000000000000000000000000000
310
00000000000000000000000000000000000000000000000000000000000000000000000000000000000000000000000000000000000000000000000000000000000000000000000000000000000000000000000000000000000000000000000000000000000000000000000000000000000000000000000000000000000000
310
00000000000000000000000000000000000000000000000000000000000000000000000000000000000000000000000000000000000000000000000000000000000000000000000000000000000000000000000000000000000000000000000000000000000000000000000000000000000000000000000000000000000000
310
00000000000000000000000000000000000000000000000000000000000000000000000000000000000000000000000000000000000000000000000000000000000000000000000000000000000000000000000000000000000000000000000000000000000000000000000000000000000000000000000000000000000000
310
00000000000000000000000000000000000000000000000000000000000000000000000000000000000000000000000000000000000000000000000000000000000000000000000000000000000000000000000000000000000000000000000000000000000000000000000000000000000000000000000000000000000000
310
00000000000000000000000000000000000000000000000000000000000000000000000000000000000000000000000000000000000000000000000000000000000000000000000000000000000000000000000000000000000000000000000000000000000000000000000000000000000000000000000000000000000000
310
00000000000000000000000000000000000000000000000000000000000000000000000000000000000000000000000000000000000000000000000000000000000000000000000000000000000000000000000000000000000000000000000000000000000000000000000000000000000000000000000000000000000000
310
00000000000000000000000000000000000000000000000000000000000000000000000000000000000000000000000000000000000000000000000000000000000000000000000000000000000000000000000000000000000000000000000000000000000000000000000000000000000000000000000000000000000000
310
00000000000000000000000000000000000000000000000000000000000000000000000000000000000000000000000000000000000000000000000000000000000000000000000000000000000000000000000000000000000000000000000000000000000000000000000000000000000000000000000000000000000000
310
00000000000000000000000000000000000000000000000000000000000000000000000000000000000000000000000000000000000000000000000000000000000000000000000000000000000000000000000000000000000000000000000000000000000000000000000000000000000000000000000000000000000000
310
00000000000000000000000000000000000000000000000000000000000000000000000000000000000000000000000000000000000000000000000000000000000000000000000000000000000000000000000000000000000000000000000000000000000000000000000000000000000000000000000000000000000000
310
00000000000000000000000000000000000000000000000000000000000000000000000000000000000000000000000000000000000000000000000000000000000000000000000000000000000000000000000000000000000000000000000000000000000000000000000000000000000000000000000000000000000000
310
00000000000000000000000000000000000000000000000000000000000000000000000000000000000000000000000000000000000000000000000000000000000000000000000000000000000000000000000000000000000000000000000000000000000000000000000000000000000000000000000000000000000000
310
00000000000000000000000000000000000000000000000000000000000000000000000000000000000000000000000000000000000000000000000000000000000000000000000000000000000000000000000000000000000000000000000000000000000000000000000000000000000000000000000000000000000000
310
00000000000000000000000000000000000000000000000000000000000000000000000000000000000000000000000000000000000000000000000000000000000000000000000000000000000000000000000000000000000000000000000000000000000000000000000000000000000000000000000000000000000000
310
00000000000000000000000000000000000000000000000000000000000000000000000000000000000000000000000000000000000000000000000000000000000000000000000000000000000000000000000000000000000000000000000000000000000000000000000000000000000000000000000000000000000000
310
00000000000000000000000000000000000000000000000000000000000000000000000000000000000000000000000000000000000000000000000000000000000000000000000000000000000000000000000000000000000000000000000000000000000000000000000000000000000000000000000000000000000000
310
00000000000000000000000000000000000000000000000000000000000000000000000000000000000000000000000000000000000000000000000000000000000000000000000000000000000000000000000000000000000000000000000000000000000000000000000000000000000000000000000000000000000000
310
00000000000000000000000000000000000000000000000000000000000000000000000000000000000000000000000000000000000000000000000000000000000000000000000000000000000000000000000000000000000000000000000000000000000000000000000000000000000000000000000000000000000000
310
00000000000000000000000000000000000000000000000000000000000000000000000000000000000000000000000000000000000000000000000000000000000000000000000000000000000000000000000000000000000000000000000000000000000000000000000000000000000000000000000000000000000000
310
00000000000000000000000000000000000000000000000000000000000000000000000000000000000000000000000000000000000000000000000000000000000000000000000000000000000000000000000000000000000000000000000000000000000000000000000000000000000000000000000000000000000000
310
00000000000000000000000000000000000000000000000000000000000000000000000000000000000000000000000000000000000000000000000000000000000000000000000000000000000000000000000000000000000000000000000000000000000000000000000000000000000000000000000000000000000000
310
00000000000000000000000000000000000000000000000000000000000000000000000000000000000000000000000000000000000000000000000000000000000000000000000000000000000000000000000000000000000000000000000000000000000000000000000000000000000000000000000000000000000000
310
00000000000000000000000000000000000000000000000000000000000000000000000000000000000000000000000000000000000000000000000000000000000000000000000000000000000000000000000000000000000000000000000000000000000000000000000000000000000000000000000000000000000000
310
00000000000000000000000000000000000000000000000000000000000000000000000000000000000000000000000000000000000000000000000000000000000000000000000000000000000000000000000000000000000000000000000000000000000000000000000000000000000000000000000000000000000000
310
00000000000000000000000000000000000000000000000000000000000000000000000000000000000000000000000000000000000000000000000000000000000000000000000000000000000000000000000000000000000000000000000000000000000000000000000000000000000000000000000000000000000000
310
00000000000000000000000000000000000000000000000000000000000000000000000000000000000000000000000000000000000000000000000000000000000000000000000000000000000000000000000000000000000000000000000000000000000000000000000000000000000000000000000000000000000000
310
00000000000000000000000000000000000000000000000000000000000000000000000000000000000000000000000000000000000000000000000000000000000000000000000000000000000000000000000000000000000000000000000000000000000000000000000000000000000000000000000000000000000000
310
00000000000000000000000000000000000000000000000000000000000000000000000000000000000000000000000000000000000000000000000000000000000000000000000000000000000000000000000000000000000000000000000000000000000000000000000000000000000000000000000000000000000000
310
00000000000000000000000000000000000000000000000000000000000000000000000000000000000000000000000000000000000000000000000000000000000000000000000000000000000000000000000000000000000000000000000000000000000000000000000000000000000000000000000000000000000000
310
00000000000000000000000000000000000000000000000000000000000000000000000000000000000000000000000000000000000000000000000000000000000000000000000000000000000000000000000000000000000000000000000000000000000000000000000000000000000000000000000000000000000000
310
00000000000000000000000000000000000000000000000000000000000000000000000000000000000000000000000000000000000000000000000000000000000000000000000000000000000000000000000000000000000000000000000000000000000000000000000000000000000000000000000000000000000000
310
00000000000000000000000000000000000000000000000000000000000000000000000000000000000000000000000000000000000000000000000000000000000000000000000000000000000000000000000000000000000000000000000000000000000000000000000000000000000000000000000000000000000000
310
00000000000000000000000000000000000000000000000000000000000000000000000000000000000000000000000000000000000000000000000000000000000000000000000000000000000000000000000000000000000000000000000000000000000000000000000000000000000000000000000000000000000000
310
00000000000000000000000000000000000000000000000000000000000000000000000000000000000000000000000000000000000000000000000000000000000000000000000000000000000000000000000000000000000000000000000000000000000000000000000000000000000000000000000000000000000000
310
00000000000000000000000000000000000000000000000000000000000000000000000000000000000000000000000000000000000000000000000000000000000000000000000000000000000000000000000000000000000000000000000000000000000000000000000000000000000000000000000000000000000000
310
00000000000000000000000000000000000000000000000000000000000000000000000000000000000000000000000000000000000000000000000000000000000000000000000000000000000000000000000000000000000000000000000000000000000000000000000000000000000000000000000000000000000000
310
00000000000000000000000000000000000000000000000000000000000000000000000000000000000000000000000000000000000000000000000000000000000000000000000000000000000000000000000000000000000000000000000000000000000000000000000000000000000000000000000000000000000000
310
00000000000000000000000000000000000000000000000000000000000000000000000000000000000000000000000000000000000000000000000000000000000000000000000000000000000000000000000000000000000000000000000000000000000000000000000000000000000000000000000000000000000000
310
00000000000000000000000000000000000000000000000000000000000000000000000000000000000000000000000000000000000000000000000000000000000000000000000000000000000000000000000000000000000000000000000000000000000000000000000000000000000000000000000000000000000000
310
00000000000000000000000000000000000000000000000000000000000000000000000000000000000000000000000000000000000000000000000000000000000000000000000000000000000000000000000000000000000000000000000000000000000000000000000000000000000000000000000000000000000000
310
00000000000000000000000000000000000000000000000000000000000000000000000000000000000000000000000000000000000000000000000000000000000000000000000000000000000000000000000000000000000000000000000000000000000000000000000000000000000000000000000000000000000000
310
00000000000000000000000000000000000000000000000000000000000000000000000000000000000000000000000000000000000000000000000000000000000000000000000000000000000000000000000000000000000000000000000000000000000000000000000000000000000000000000000000000000000000
310
00000000000000000000000000000000000000000000000000000000000000000000000000000000000000000000000000000000000000000000000000000000000000000000000000000000000000000000000000000000000000000000000000000000000000000000000000000000000000000000000000000000000000
310
00000000000000000000000000000000000000000000000000000000000000000000000000000000000000000000000000000000000000000000000000000000000000000000000000000000000000000000000000000000000000000000000000000000000000000000000000000000000000000000000000000000000000
310
00000000000000000000000000000000000000000000000000000000000000000000000000000000000000000000000000000000000000000000000000000000000000000000000000000000000000000000000000000000000000000000000000000000000000000000000000000000000000000000000000000000000000
310
00000000000000000000000000000000000000000000000000000000000000000000000000000000000000000000000000000000000000000000000000000000000000000000000000000000000000000000000000000000000000000000000000000000000000000000000000000000000000000000000000000000000000
310
00000000000000000000000000000000000000000000000000000000000000000000000000000000000000000000000000000000000000000000000000000000000000000000000000000000000000000000000000000000000000000000000000000000000000000000000000000000000000000000000000000000000000
310
00000000000000000000000000000000000000000000000000000000000000000000000000000000000000000000000000000000000000000000000000000000000000000000000000000000000000000000000000000000000000000000000000000000000000000000000000000000000000000000000000000000000000
310
00000000000000000000000000000000000000000000000000000000000000000000000000000000000000000000000000000000000000000000000000000000000000000000000000000000000000000000000000000000000000000000000000000000000000000000000000000000000000000000000000000000000000
310
00000000000000000000000000000000000000000000000000000000000000000000000000000000000000000000000000000000000000000000000000000000000000000000000000000000000000000000000000000000000000000000000000000000000000000000000000000000000000000000000000000000000000
310
00000000000000000000000000000000000000000000000000000000000000000000000000000000000000000000000000000000000000000000000000000000000000000000000000000000000000000000000000000000000000000000000000000000000000000000000000000000000000000000000000000000000000
310
00000000000000000000000000000000000000000000000000000000000000000000000000000000000000000000000000000000000000000000000000000000000000000000000000000000000000000000000000000000000000000000000000000000000000000000000000000000000000000000000000000000000000
310
00000000000000000000000000000000000000000000000000000000000000000000000000000000000000000000000000000000000000000000000000000000000000000000000000000000000000000000000000000000000000000000000000000000000000000000000000000000000000000000000000000000000000
310
00000000000000000000000000000000000000000000000000000000000000000000000000000000000000000000000000000000000000000000000000000000000000000000000000000000000000000000000000000000000000000000000000000000000000000000000000000000000000000000000000000000000000
310
00000000000000000000000000000000000000000000000000000000000000000000000000000000000000000000000000000000000000000000000000000000000000000000000000000000000000000000000000000000000000000000000000000000000000000000000000000000000000000000000000000000000000
310
00000000000000000000000000000000000000000000000000000000000000000000000000000000000000000000000000000000000000000000000000000000000000000000000000000000000000000000000000000000000000000000000000000000000000000000000000000000000000000000000000000000000000
310
00000000000000000000000000000000000000000000000000000000000000000000000000000000000000000000000000000000000000000000000000000000000000000000000000000000000000000000000000000000000000000000000000000000000000000000000000000000000000000000000000000000000000
310
00000000000000000000000000000000000000000000000000000000000000000000000000000000000000000000000000000000000000000000000000000000000000000000000000000000000000000000000000000000000000000000000000000000000000000000000000000000000000000000000000000000000000
310
00000000000000000000000000000000000000000000000000000000000000000000000000000000000000000000000000000000000000000000000000000000000000000000000000000000000000000000000000000000000000000000000000000000000000000000000000000000000000000000000000000000000000
310
00000000000000000000000000000000000000000000000000000000000000000000000000000000000000000000000000000000000000000000000000000000000000000000000000000000000000000000000000000000000000000000000000000000000000000000000000000000000000000000000000000000000000
310
00000000000000000000000000000000000000000000000000000000000000000000000000000000000000000000000000000000000000000000000000000000000000000000000000000000000000000000000000000000000000000000000000000000000000000000000000000000000000000000000000000000000000
310
00000000000000000000000000000000000000000000000000000000000000000000000000000000000000000000000000000000000000000000000000000000000000000000000000000000000000000000000000000000000000000000000000000000000000000000000000000000000000000000000000000000000000
310
00000000000000000000000000000000000000000000000000000000000000000000000000000000000000000000000000000000000000000000000000000000000000000000000000000000000000000000000000000000000000000000000000000000000000000000000000000000000000000000000000000000000000
310
00000000000000000000000000000000000000000000000000000000000000000000000000000000000000000000000000000000000000000000000000000000000000000000000000000000000000000000000000000000000000000000000000000000000000000000000000000000000000000000000000000000000000
310
00000000000000000000000000000000000000000000000000000000000000000000000000000000000000000000000000000000000000000000000000000000000000000000000000000000000000000000000000000000000000000000000000000000000000000000000000000000000000000000000000000000000000
310
00000000000000000000000000000000000000000000000000000000000000000000000000000000000000000000000000000000000000000000000000000000000000000000000000000000000000000000000000000000000000000000000000000000000000000000000000000000000000000000000000000000000000
310
00000000000000000000000000000000000000000000000000000000000000000000000000000000000000000000000000000000000000000000000000000000000000000000000000000000000000000000000000000000000000000000000000000000000000000000000000000000000000000000000000000000000000
310
00000000000000000000000000000000000000000000000000000000000000000000000000000000000000000000000000000000000000000000000000000000000000000000000000000000000000000000000000000000000000000000000000000000000000000000000000000000000000000000000000000000000000
310
00000000000000000000000000000000000000000000000000000000000000000000000000000000000000000000000000000000000000000000000000000000000000000000000000000000000000000000000000000000000000000000000000000000000000000000000000000000000000000000000000000000000000
310
00000000000000000000000000000000000000000000000000000000000000000000000000000000000000000000000000000000000000000000000000000000000000000000000000000000000000000000000000000000000000000000000000000000000000000000000000000000000000000000000000000000000000
310
00000000000000000000000000000000000000000000000000000000000000000000000000000000000000000000000000000000000000000000000000000000000000000000000000000000000000000000000000000000000000000000000000000000000000000000000000000000000000000000000000000000000000
310
00000000000000000000000000000000000000000000000000000000000000000000000000000000000000000000000000000000000000000000000000000000000000000000000000000000000000000000000000000000000000000000000000000000000000000000000000000000000000000000000000000000000000
310
00000000000000000000000000000000000000000000000000000000000000000000000000000000000000000000000000000000000000000000000000000000000000000000000000000000000000000000000000000000000000000000000000000000000000000000000000000000000000000000000000000000000000
310
00000000000000000000000000000000000000000000000000000000000000000000000000000000000000000000000000000000000000000000000000000000000000000000000000000000000000000000000000000000000000000000000000000000000000000000000000000000000000000000000000000000000000
310
00000000000000000000000000000000000000000000000000000000000000000000000000000000000000000000000000000000000000000000000000000000000000000000000000000000000000000000000000000000000000000000000000000000000000000000000000000000000000000000000000000000000000
310
00000000000000000000000000000000000000000000000000000000000000000000000000000000000000000000000000000000000000000000000000000000000000000000000000000000000000000000000000000000000000000000000000000000000000000000000000000000000000000000000000000000000000
310
00000000000000000000000000000000000000000000000000000000000000000000000000000000000000000000000000000000000000000000000000000000000000000000000000000000000000000000000000000000000000000000000000000000000000000000000000000000000000000000000000000000000000
310
00000000000000000000000000000000000000000000000000000000000000000000000000000000000000000000000000000000000000000000000000000000000000000000000000000000000000000000000000000000000000000000000000000000000000000000000000000000000000000000000000000000000000
310
00000000000000000000000000000000000000000000000000000000000000000000000000000000000000000000000000000000000000000000000000000000000000000000000000000000000000000000000000000000000000000000000000000000000000000000000000000000000000000000000000000000000000
310
00000000000000000000000000000000000000000000000000000000000000000000000000000000000000000000000000000000000000000000000000000000000000000000000000000000000000000000000000000000000000000000000000000000000000000000000000000000000000000000000000000000000000
310
00000000000000000000000000000000000000000000000000000000000000000000000000000000000000000000000000000000000000000000000000000000000000000000000000000000000000000000000000000000000000000000000000000000000000000000000000000000000000000000000000000000000000
310
00000000000000000000000000000000000000000000000000000000000000000000000000000000000000000000000000000000000000000000000000000000000000000000000000000000000000000000000000000000000000000000000000000000000000000000000000000000000000000000000000000000000000
310
00000000000000000000000000000000000000000000000000000000000000000000000000000000000000000000000000000000000000000000000000000000000000000000000000000000000000000000000000000000000000000000000000000000000000000000000000000000000000000000000000000000000000
310
00000000000000000000000000000000000000000000000000000000000000000000000000000000000000000000000000000000000000000000000000000000
  0
ENDSEC
  0
EOF
